Phrase, Lable, Comments
getSparse, Excellent method name
getAllValues, Excellent method name
hasAttribute, Excellent method name
getGeneSequences, Excellent method name
containsUniProtId, Poor method name, Use correct dictionary words/Add a verb to the method name/Name should not contain `P` as it is single letter
drawExpressionLevels, Excellent method name
setNodeId, Excellent method name
getMaxGapSize, Excellent method name
testParseHeader, Excellent method name
initJmolMenu, Good method name, Name should not contain `J` as it is single letter
getOntology, Excellent method name
setupDistanceBox, Excellent method name
getCDSExonRanges, Fair method name, Follow a naming style/Use correct dictionary words
getThePdbId, Fair method name, Use correct dictionary words
unmarshal, Fair method name, Use correct dictionary words/Add a verb to the method name
register, Excellent method name
checkAllResidues, Excellent method name
uminus, Poor method name, Follow a naming style/Use correct dictionary words/Check the grammatical structure of the method name; the name starts or ends with preposition/Add a verb to the method name
poissonDistance, Fair method name, Use correct dictionary words
formBonds, Excellent method name
getCellularLocation, Excellent method name
contacts, Excellent method name
consumePdbxMoleculeFeatures, Fair method name, Use correct dictionary words
getSequenceAlignment, Excellent method name
setMaxIter, Fair method name, Use correct dictionary words
getUniprot, Fair method name, Use correct dictionary words
testProcessAll, Excellent method name
getRfree, Good method name, Name should not contain `R` as it is single letter
getCategory, Excellent method name
ensureNodeListInstalled, Good method name, Add a verb to the method name
testGetNcsMatrix, Excellent method name
setP1, Fair method name, Add a verb to the method name/Name should not contain `P` as it is single letter
getUnrefinedScoreThreshold, Excellent method name
getDBRefs, Fair method name, Follow a naming style/Use correct dictionary words
getExonCount, Excellent method name
getQuat4d, Good method name, Name should not contain `4` as it is single letter
setPsi, Excellent method name
getShowPDBMenuItem, Fair method name, Follow a naming style/Use correct dictionary words
writeSequences, Excellent method name
isAllowedPermuation, Fair method name, Use correct dictionary words
isOnTheFly, Fair method name, Use correct dictionary words/Add a verb to the method name
getNetChargeInnovagen, Fair method name, Use correct dictionary words
getPosCharge, Excellent method name
getFirstRepeats, Excellent method name
updateCoreLength, Excellent method name
getJmolLigandScript, Good method name, Name should not contain `J` as it is single letter
getNumSimilars, Fair method name, Use correct dictionary words
getiCode2, Fair method name, Use correct dictionary words/Name should not contain `2` as it is single letter
setLocation, Excellent method name
showMultipleDialog, Excellent method name
getComposition, Excellent method name
thyamineToUracil, Fair method name, Use correct dictionary words/Add a verb to the method name
TestWrite5D9Q, Fair method name, Add a verb to the method name/Name should not contain `5` as it is single letter
getEqr, Fair method name, Use correct dictionary words
addNcsEquivalent, Excellent method name
setCenter2, Good method name, Name should not contain `2` as it is single letter
getSubstructureMatchingProteinSequence, Excellent method name
getRoll, Excellent method name
windowOpened, Good method name, Add a verb to the method name
isValidSequenceForRonn, Fair method name, Use correct dictionary words
setCacheFilePath, Excellent method name
setShortName, Excellent method name
setPdbGroup, Fair method name, Use correct dictionary words
givenAnEmilFileWhenProcessEmilFileThanTheSequenceShouldReturnAsExpected, Fair method name, Use correct dictionary words/Number of words must be less than 7
getName, Excellent method name
setAnnotation, Excellent method name
testRemoteScop, Good method name, Name should not contain `S` as it is single letter
setTitle, Excellent method name
getInsCode, Excellent method name
ensureOpen, Excellent method name
testWrongSequence, Excellent method name
setExpressionSystemCellularLocation, Excellent method name
testHashCollision, Excellent method name
setUpdateFrequency, Excellent method name
getCache, Excellent method name
extractRanges, Excellent method name
minScores, Excellent method name
getPdb2, Poor method name, Use correct dictionary words/Add a verb to the method name/Name should not contain `P` as it is single letter
setPermutation, Excellent method name
getDomainFile, Excellent method name
notifyJointFragments, Excellent method name
testLoad, Excellent method name
isComplementable, Fair method name, Use correct dictionary words
testBuild, Excellent method name
getAfpIndex, Excellent method name
test4OPJ, Fair method name, Follow a naming style/Use correct dictionary words
mouseReleased, Good method name, Add a verb to the method name
getAnchors, Excellent method name
addCell, Excellent method name
setElement, Excellent method name
matchNames, Excellent method name
getElement, Excellent method name
getSecondGroupAsa, Fair method name, Use correct dictionary words
testCreateQualityScores, Excellent method name
getDomainsByNodeId, Excellent method name
setMaxPenalty, Excellent method name
notifyBreakFlagListener, Excellent method name
createOutput, Excellent method name
getSortVariable, Excellent method name
demoContacts, Good method name, Add a verb to the method name
setCellularLocation, Excellent method name
getMolecules, Excellent method name
getSiteID, Excellent method name
getAngle, Excellent method name
toPrettyAlignment, Fair method name, Check the grammatical structure of the method name; the name starts or ends with preposition/Add a verb to the method name
_insdc_feature_location_string, Fair method name, Follow a naming style/Use correct dictionary words
getOrganismScientific, Excellent method name
getEmptySequence, Excellent method name
getABITracerCompoundSet, Fair method name, Follow a naming style/Use correct dictionary words
checkSeqresGroups, Fair method name, Use correct dictionary words
getSymmLevels, Fair method name, Use correct dictionary words
clearAtoms, Excellent method name
setAllAtoms, Excellent method name
showPairDialog, Excellent method name
getStructureFiletype, Excellent method name
findInteractingNeigbors, Fair method name, Use correct dictionary words
setAltAligNumber, Fair method name, Use correct dictionary words
indexOf, Fair method name, Check the grammatical structure of the method name; the name starts or ends with preposition/Add a verb to the method name
toStringBuilder, Fair method name, Check the grammatical structure of the method name; the name starts or ends with preposition/Add a verb to the method name
setContents, Excellent method name
setHeaderOnly, Excellent method name
getHillOrder, Excellent method name
testPartialRangeLength, Excellent method name
equalLengthSequences, Excellent method name
setRscore, Good method name, Name should not contain `R` as it is single letter
flushCache, Excellent method name
setScores, Excellent method name
testAcetylation, Excellent method name
setRenderingHints, Excellent method name
testDatesV4, Fair method name, Add a verb to the method name/Name should not contain `V` as it is single letter
optimizeResult, Excellent method name
getPDBConservation, Fair method name, Follow a naming style/Use correct dictionary words
calNS, Fair method name, Follow a naming style/Use correct dictionary words
readAdvancedXml, Fair method name, Use correct dictionary words
resolve, Excellent method name
getOneLetter, Excellent method name
testSetStoringScoreMatrix, Excellent method name
getInstalledDomall, Fair method name, Use correct dictionary words
putScore, Excellent method name
getSubunits2, Good method name, Name should not contain `2` as it is single letter
getFoldType, Excellent method name
testGetLength, Excellent method name
hashcodeOfEmptyArrayReturnsSeed, Good method name, Number of words must be less than 7
getEntityDescription, Excellent method name
testSymmetric, Excellent method name
getColumns, Excellent method name
calcCenters, Excellent method name
getStretch, Excellent method name
testBuildNullQuality, Excellent method name
getContacts, Excellent method name
testSimpleProfileProfileAligner, Fair method name, Use correct dictionary words
testFetchObsolete, Excellent method name
getOrientationName, Excellent method name
getDelta, Excellent method name
testStructWriting1STP, Poor method name, Follow a naming style/Use correct dictionary words/Add a verb to the method name
testGetIndexInQueryAtOutOfBounds, Good method name, Number of words must be less than 7
getCompound, Excellent method name
getGroupLocationStrand, Excellent method name
read, Excellent method name
propertiesAllocated, Good method name, Add a verb to the method name
setPdbAln, Fair method name, Use correct dictionary words
getMaxScore, Excellent method name
testSingleEntry, Excellent method name
minus, Good method name, Check the grammatical structure of the method name; the name starts or ends with preposition
addExtension, Excellent method name
getKeyword, Fair method name, Use correct dictionary words
getDisorderScores, Excellent method name
bioStart, Fair method name, Use correct dictionary words/Add a verb to the method name
getEmail, Excellent method name
isEquivalent, Excellent method name
fmtpr, Fair method name, Follow a naming style/Use correct dictionary words
getSecond, Excellent method name
setRecordType, Excellent method name
getDisFilter, Excellent method name
countNonNullMapReferences, Excellent method name
getTimeSinceCheckpoint, Fair method name, Use correct dictionary words
setKappa, Excellent method name
percentOverlap, Good method name, Add a verb to the method name
getQueryDef, Fair method name, Use correct dictionary words
getAllAlgorithmNames, Excellent method name
countEntityTypes, Excellent method name
getContig, Fair method name, Use correct dictionary words
getSeqIdRange, Fair method name, Use correct dictionary words
testPermuteArray, Excellent method name
writeArr, Fair method name, Use correct dictionary words
setCheckpoint, Excellent method name
testGetCompoundInTargetAtOutOfBounds, Good method name, Number of words must be less than 7
setAlnseq2, Fair method name, Use correct dictionary words/Name should not contain `2` as it is single letter
getMinimumHelixRise, Excellent method name
setDefaultExtensionPenalty, Excellent method name
setFirstRepeat, Excellent method name
getCompounds, Excellent method name
getRnaCreator, Excellent method name
isCacheEnabled, Excellent method name
setMacromolecularSize, Excellent method name
testFilterByHierarchy, Excellent method name
assertBaseEquivalence, Excellent method name
twoBit, Good method name, Add a verb to the method name
isNmr, Excellent method name
setFocusAfpList, Excellent method name
drawHeader, Excellent method name
setRndSeed, Fair method name, Use correct dictionary words
testSOURCEsectionSTRAIN, Fair method name, Follow a naming style/Use correct dictionary words
pToZ, Fair method name, Add a verb to the method name/Name should not contain `p` as it is single letter
countHelixStrandSSE, Fair method name, Follow a naming style/Use correct dictionary words
getTransMembrane, Fair method name, Use correct dictionary words
getBackingSequence, Excellent method name
setExpressionSystemOrgan, Excellent method name
testWholeChainWithMap, Excellent method name
testToPDB_0args, Poor method name, Follow a naming style/Use correct dictionary words/Add a verb to the method name
setSynonyms, Excellent method name
setHeaderInfo, Excellent method name
processNucleotides, Excellent method name
s2LongerThanS1, Poor method name, Use correct dictionary words/Add a verb to the method name/Name should not contain `s` as it is single letter
setAsPFamPredicted, Poor method name, Follow a naming style/Use correct dictionary words/Add a verb to the method name
generateAlpha, Excellent method name
setScopId, Good method name, Name should not contain `S` as it is single letter
getBlastGapCosts, Excellent method name
testGetScoreMatrix, Excellent method name
testUncompression, Fair method name, Use correct dictionary words
testNeighborIndicesFinding, Excellent method name
GTSlikeScore, Fair method name, Follow a naming style/Use correct dictionary words
test4B19, Good method name, Name should not contain `4` as it is single letter
getCdsStart, Excellent method name
addAtomAsaC, Fair method name, Use correct dictionary words/Name should not contain `C` as it is single letter
available, Good method name, Add a verb to the method name
hasAtoms, Excellent method name
initPaths, Excellent method name
calculatedFragmentPairs, Excellent method name
initExpTechStr2Value, Fair method name, Use correct dictionary words/Name should not contain `2` as it is single letter
attributeValues, Excellent method name
test1a4wPDBFile, Fair method name, Follow a naming style/Use correct dictionary words
setPdbxReplaces, Fair method name, Use correct dictionary words
getBiologicalAssemblies, Fair method name, Use correct dictionary words
setIndex, Excellent method name
pdb_COMPND_Handler, Fair method name, Follow a naming style/Use correct dictionary words
getStrataInfoHashMap, Excellent method name
doInBackground, Good method name, Add a verb to the method name
setStructureIdentifiers, Excellent method name
toCanonical, Fair method name, Check the grammatical structure of the method name; the name starts or ends with preposition/Add a verb to the method name
cutDomain, Excellent method name
setSource, Excellent method name
getExamples, Excellent method name
guessSequentialAlignment, Excellent method name
test3ddoRawNoSeqres, Poor method name, Use correct dictionary words/Add a verb to the method name/Number of words must be less than 7
isRedundantTransform, Excellent method name
setAlnseq1, Fair method name, Use correct dictionary words/Name should not contain `1` as it is single letter
setProperties, Excellent method name
getGroupContacts, Excellent method name
setConn, Excellent method name
ensureClaInstalled, Fair method name, Use correct dictionary words/Add a verb to the method name
processReader, Excellent method name
testCreateDNASequenceWithErrorProbabilies, Fair method name, Follow a naming style/Use correct dictionary words
addInformationFromEntitySrcSyn, Fair method name, Use correct dictionary words
getIndexToCompoundsLookup, Excellent method name
testGetSymmetryOrderWithCECP, Fair method name, Follow a naming style/Use correct dictionary words
setTime, Excellent method name
getLineLoops, Excellent method name
testSites1a4w, Good method name, Name should not contain `1` as it is single letter
drawAxes, Excellent method name
getCDSExonRangesReverse, Fair method name, Follow a naming style/Use correct dictionary words
add, Excellent method name
getNewGroup, Excellent method name
getRandomDataColumns, Excellent method name
random, Good method name, Add a verb to the method name
getS, Good method name, Name should not contain `S` as it is single letter
identicalObjectIsEquals, Good method name, Add a verb to the method name
testLongReadsAsSanger, Excellent method name
setMinLen, Fair method name, Use correct dictionary words
writeNucleotideSequence, Excellent method name
findNeighborIndicesSpatialHashing, Excellent method name
setChains, Excellent method name
addNote, Excellent method name
aminoAcidsCompounds, Good method name, Add a verb to the method name
getFromZip, Good method name, Add a verb to the method name
getElementaryAxesObjects, Excellent method name
setFormat, Excellent method name
getCa1, Good method name, Name should not contain `1` as it is single letter
getEndLegendPosition, Excellent method name
getDataRows, Excellent method name
isNonAmbNucleotideSequence, Fair method name, Use correct dictionary words
getBlastDatabase, Excellent method name
addBridge, Excellent method name
getStoichiometry, Excellent method name
getQueryLength, Excellent method name
setGFDBComment, Fair method name, Follow a naming style/Use correct dictionary words
isSymRelated, Fair method name, Use correct dictionary words
testGuessSequentialAlignment, Excellent method name
setDuplicationHint, Excellent method name
setGFPfamAccession, Fair method name, Follow a naming style/Use correct dictionary words
isCompatible, Excellent method name
setMembers, Excellent method name
testMiscDnaOriginal, Excellent method name
getDf, Fair method name, Use correct dictionary words
setInsCode2, Good method name, Name should not contain `2` as it is single letter
addGFTreeID, Fair method name, Use correct dictionary words
getRmsdAtOrigin, Fair method name, Use correct dictionary words
sequenceEquality, Excellent method name
initStatWriter, Fair method name, Use correct dictionary words
start, Excellent method name
getState, Excellent method name
getBlocks, Excellent method name
testGetSpaceGroupAsString, Excellent method name
testBuildMissingDescription, Excellent method name
setComments, Excellent method name
handleConsensusAnnotation, Excellent method name
addUnknownDataTypeVariable, Excellent method name
setDiscreteValues, Excellent method name
getStructures, Excellent method name
setCategory, Excellent method name
addToDescription, Good method name, Add a verb to the method name
getPdbxModelCartnXIdeal, Fair method name, Follow a naming style/Use correct dictionary words
getHmmTo, Fair method name, Use correct dictionary words/Check the grammatical structure of the method name; the name starts or ends with preposition
testBadSyntax, Excellent method name
getSequenceStorage, Excellent method name
divideInternally, Excellent method name
testTorsionAngle, Excellent method name
getTorsionPenalty, Excellent method name
getIntersection, Excellent method name
getPx, Excellent method name
put, Excellent method name
normScore, Good method name, Add a verb to the method name
getChainIdToIndexMap, Excellent method name
createFastqWriter, Fair method name, Use correct dictionary words
setOperator, Excellent method name
getMaximumExtend, Excellent method name
notifyEnabled, Good method name, Add a verb to the method name
getMultiBlockJmolString, Good method name, Name should not contain `J` as it is single letter
getDnaCompounds, Excellent method name
getSubunitClusters, Excellent method name
getRowPackedCopy, Excellent method name
testGetOriginalSequences, Excellent method name
getBlastGapCreation, Excellent method name
testMakePrimitiveBioasembly, Fair method name, Use correct dictionary words
testBondCloning, Excellent method name
testParsingHPOOBO, Fair method name, Follow a naming style/Use correct dictionary words
testUnpermuted, Fair method name, Use correct dictionary words
printUsage, Excellent method name
setSecondGroupAsa, Fair method name, Use correct dictionary words
setAllChains, Excellent method name
addGlimmerGFF3GeneFeatures, Fair method name, Follow a naming style/Use correct dictionary words
testREMARK3, Fair method name, Follow a naming style/Use correct dictionary words
classComparisonIsByActualTypeNotReferenceType, Good method name, Number of words must be less than 7
hasContactToAtom, Excellent method name
showResults, Excellent method name
setTraceTmScoreMin, Excellent method name
getFile2, Good method name, Name should not contain `2` as it is single letter
isWater, Excellent method name
setUniProtAccessionId, Poor method name, Use correct dictionary words/Add a verb to the method name/Name should not contain `P` as it is single letter
testFatCat2, Good method name, Name should not contain `2` as it is single letter
getContactsWithinCell, Excellent method name
linkSitesToGroups, Excellent method name
getTargetStartIndex, Excellent method name
setQcalls, Good method name, Name should not contain `Q` as it is single letter
_closeTag, Fair method name, Follow a naming style/Use correct dictionary words
setPsimodId, Excellent method name
testPseudosymmetry, Fair method name, Use correct dictionary words
setSize, Excellent method name
getGroupByPDB, Fair method name, Follow a naming style/Use correct dictionary words
translateInternalStops, Excellent method name
doResetAlphas, Excellent method name
isEmpty, Excellent method name