Phrase,Score,Comments
getSparse, 10 out of 10
getAllValues, 10 out of 10
hasAttribute, 10 out of 10
getGeneSequences, 10 out of 10
containsUniProtId, 5 out of 10, Use correct dictionary words/Add a verb to the method name/Name should not contain `P` as it is single letter
drawExpressionLevels, 10 out of 10
setNodeId, 10 out of 10
getMaxGapSize, 10 out of 10
testParseHeader, 10 out of 10
initJmolMenu, 9 out of 10, Name should not contain `J` as it is single letter
getOntology, 10 out of 10
setupDistanceBox, 10 out of 10
getCDSExonRanges, 6 out of 10, Follow a naming style/Use correct dictionary words
getThePdbId, 7 out of 10, Use correct dictionary words
unmarshal, 6 out of 10, Use correct dictionary words/Add a verb to the method name
register, 10 out of 10
checkAllResidues, 10 out of 10
uminus, 4 out of 10, Follow a naming style/Use correct dictionary words/Check the grammatical structure of the method name; the name starts or ends with preposition/Add a verb to the method name
poissonDistance, 7 out of 10, Use correct dictionary words
formBonds, 10 out of 10
getCellularLocation, 10 out of 10
contacts, 10 out of 10
consumePdbxMoleculeFeatures, 7 out of 10, Use correct dictionary words
getSequenceAlignment, 10 out of 10
setMaxIter, 7 out of 10, Use correct dictionary words
getUniprot, 7 out of 10, Use correct dictionary words
testProcessAll, 10 out of 10
getRfree, 9 out of 10, Name should not contain `R` as it is single letter
getCategory, 10 out of 10
ensureNodeListInstalled, 9 out of 10, Add a verb to the method name
testGetNcsMatrix, 10 out of 10
setP1, 8 out of 10, Add a verb to the method name/Name should not contain `P` as it is single letter
getUnrefinedScoreThreshold, 10 out of 10
getDBRefs, 6 out of 10, Follow a naming style/Use correct dictionary words
getExonCount, 10 out of 10
getQuat4d, 9 out of 10, Name should not contain `4` as it is single letter
setPsi, 10 out of 10
getShowPDBMenuItem, 6 out of 10, Follow a naming style/Use correct dictionary words
writeSequences, 10 out of 10
isAllowedPermuation, 7 out of 10, Use correct dictionary words
isOnTheFly, 6 out of 10, Use correct dictionary words/Add a verb to the method name
getNetChargeInnovagen, 7 out of 10, Use correct dictionary words
getPosCharge, 10 out of 10
getFirstRepeats, 10 out of 10
updateCoreLength, 10 out of 10
getJmolLigandScript, 9 out of 10, Name should not contain `J` as it is single letter
getNumSimilars, 7 out of 10, Use correct dictionary words
getiCode2, 6 out of 10, Use correct dictionary words/Name should not contain `2` as it is single letter
setLocation, 10 out of 10
showMultipleDialog, 10 out of 10
getComposition, 10 out of 10
thyamineToUracil, 6 out of 10, Use correct dictionary words/Add a verb to the method name
TestWrite5D9Q, 8 out of 10, Add a verb to the method name/Name should not contain `5` as it is single letter
getEqr, 7 out of 10, Use correct dictionary words
addNcsEquivalent, 10 out of 10
setCenter2, 9 out of 10, Name should not contain `2` as it is single letter
getSubstructureMatchingProteinSequence, 10 out of 10
getRoll, 10 out of 10
windowOpened, 9 out of 10, Add a verb to the method name
isValidSequenceForRonn, 7 out of 10, Use correct dictionary words
setCacheFilePath, 10 out of 10
setShortName, 10 out of 10
setPdbGroup, 7 out of 10, Use correct dictionary words
givenAnEmilFileWhenProcessEmilFileThanTheSequenceShouldReturnAsExpected, 6 out of 10, Use correct dictionary words/Number of words must be less than 7
getName, 10 out of 10
setAnnotation, 10 out of 10
testRemoteScop, 9 out of 10, Name should not contain `S` as it is single letter
setTitle, 10 out of 10
getInsCode, 10 out of 10
ensureOpen, 10 out of 10
testWrongSequence, 10 out of 10
setExpressionSystemCellularLocation, 10 out of 10
testHashCollision, 10 out of 10
setUpdateFrequency, 10 out of 10
getCache, 10 out of 10
extractRanges, 10 out of 10
minScores, 10 out of 10
getPdb2, 5 out of 10, Use correct dictionary words/Add a verb to the method name/Name should not contain `P` as it is single letter
setPermutation, 10 out of 10
getDomainFile, 10 out of 10
notifyJointFragments, 10 out of 10
testLoad, 10 out of 10
isComplementable, 7 out of 10, Use correct dictionary words
testBuild, 10 out of 10
getAfpIndex, 10 out of 10
test4OPJ, 6 out of 10, Follow a naming style/Use correct dictionary words
mouseReleased, 9 out of 10, Add a verb to the method name
getAnchors, 10 out of 10
addCell, 10 out of 10
setElement, 10 out of 10
matchNames, 10 out of 10
getElement, 10 out of 10
getSecondGroupAsa, 7 out of 10, Use correct dictionary words
testCreateQualityScores, 10 out of 10
getDomainsByNodeId, 10 out of 10
setMaxPenalty, 10 out of 10
notifyBreakFlagListener, 10 out of 10
createOutput, 10 out of 10
getSortVariable, 10 out of 10
demoContacts, 9 out of 10, Add a verb to the method name
setCellularLocation, 10 out of 10
getMolecules, 10 out of 10
getSiteID, 10 out of 10
getAngle, 10 out of 10
toPrettyAlignment, 8 out of 10, Check the grammatical structure of the method name; the name starts or ends with preposition/Add a verb to the method name
_insdc_feature_location_string, 6 out of 10, Follow a naming style/Use correct dictionary words
getOrganismScientific, 10 out of 10
getEmptySequence, 10 out of 10
getABITracerCompoundSet, 6 out of 10, Follow a naming style/Use correct dictionary words
checkSeqresGroups, 7 out of 10, Use correct dictionary words
getSymmLevels, 7 out of 10, Use correct dictionary words
clearAtoms, 10 out of 10
setAllAtoms, 10 out of 10
showPairDialog, 10 out of 10
getStructureFiletype, 10 out of 10
findInteractingNeigbors, 7 out of 10, Use correct dictionary words
setAltAligNumber, 7 out of 10, Use correct dictionary words
indexOf, 8 out of 10, Check the grammatical structure of the method name; the name starts or ends with preposition/Add a verb to the method name
toStringBuilder, 8 out of 10, Check the grammatical structure of the method name; the name starts or ends with preposition/Add a verb to the method name
setContents, 10 out of 10
setHeaderOnly, 10 out of 10
getHillOrder, 10 out of 10
testPartialRangeLength, 10 out of 10
equalLengthSequences, 10 out of 10
setRscore, 9 out of 10, Name should not contain `R` as it is single letter
flushCache, 10 out of 10
setScores, 10 out of 10
testAcetylation, 10 out of 10
setRenderingHints, 10 out of 10
testDatesV4, 8 out of 10, Add a verb to the method name/Name should not contain `V` as it is single letter
optimizeResult, 10 out of 10
getPDBConservation, 6 out of 10, Follow a naming style/Use correct dictionary words
calNS, 6 out of 10, Follow a naming style/Use correct dictionary words
readAdvancedXml, 7 out of 10, Use correct dictionary words
resolve, 10 out of 10
getOneLetter, 10 out of 10
testSetStoringScoreMatrix, 10 out of 10
getInstalledDomall, 7 out of 10, Use correct dictionary words
putScore, 10 out of 10
getSubunits2, 9 out of 10, Name should not contain `2` as it is single letter
getFoldType, 10 out of 10
testGetLength, 10 out of 10
hashcodeOfEmptyArrayReturnsSeed, 9 out of 10, Number of words must be less than 7
getEntityDescription, 10 out of 10
testSymmetric, 10 out of 10
getColumns, 10 out of 10
calcCenters, 10 out of 10
getStretch, 10 out of 10
testBuildNullQuality, 10 out of 10
getContacts, 10 out of 10
testSimpleProfileProfileAligner, 7 out of 10, Use correct dictionary words
testFetchObsolete, 10 out of 10
getOrientationName, 10 out of 10
getDelta, 10 out of 10
testStructWriting1STP, 5 out of 10, Follow a naming style/Use correct dictionary words/Add a verb to the method name
testGetIndexInQueryAtOutOfBounds, 9 out of 10, Number of words must be less than 7
getCompound, 10 out of 10
getGroupLocationStrand, 10 out of 10
read, 10 out of 10
propertiesAllocated, 9 out of 10, Add a verb to the method name
setPdbAln, 7 out of 10, Use correct dictionary words
getMaxScore, 10 out of 10
testSingleEntry, 10 out of 10
minus, 9 out of 10, Check the grammatical structure of the method name; the name starts or ends with preposition
addExtension, 10 out of 10
getKeyword, 7 out of 10, Use correct dictionary words
getDisorderScores, 10 out of 10
bioStart, 6 out of 10, Use correct dictionary words/Add a verb to the method name
getEmail, 10 out of 10
isEquivalent, 10 out of 10
fmtpr, 6 out of 10, Follow a naming style/Use correct dictionary words
getSecond, 10 out of 10
setRecordType, 10 out of 10
getDisFilter, 10 out of 10
countNonNullMapReferences, 10 out of 10
getTimeSinceCheckpoint, 7 out of 10, Use correct dictionary words
setKappa, 10 out of 10
percentOverlap, 9 out of 10, Add a verb to the method name
getQueryDef, 7 out of 10, Use correct dictionary words
getAllAlgorithmNames, 10 out of 10
countEntityTypes, 10 out of 10
getContig, 7 out of 10, Use correct dictionary words
getSeqIdRange, 7 out of 10, Use correct dictionary words
testPermuteArray, 10 out of 10
writeArr, 7 out of 10, Use correct dictionary words
setCheckpoint, 10 out of 10
testGetCompoundInTargetAtOutOfBounds, 9 out of 10, Number of words must be less than 7
setAlnseq2, 6 out of 10, Use correct dictionary words/Name should not contain `2` as it is single letter
getMinimumHelixRise, 10 out of 10
setDefaultExtensionPenalty, 10 out of 10
setFirstRepeat, 10 out of 10
getCompounds, 10 out of 10
getRnaCreator, 10 out of 10
isCacheEnabled, 10 out of 10
setMacromolecularSize, 10 out of 10
testFilterByHierarchy, 10 out of 10
assertBaseEquivalence, 10 out of 10
twoBit, 9 out of 10, Add a verb to the method name
isNmr, 10 out of 10
setFocusAfpList, 10 out of 10
drawHeader, 10 out of 10
setRndSeed, 7 out of 10, Use correct dictionary words
testSOURCEsectionSTRAIN, 6 out of 10, Follow a naming style/Use correct dictionary words
pToZ, 8 out of 10, Add a verb to the method name/Name should not contain `p` as it is single letter
countHelixStrandSSE, 6 out of 10, Follow a naming style/Use correct dictionary words
getTransMembrane, 7 out of 10, Use correct dictionary words
getBackingSequence, 10 out of 10
setExpressionSystemOrgan, 10 out of 10
testWholeChainWithMap, 10 out of 10
testToPDB_0args, 5 out of 10, Follow a naming style/Use correct dictionary words/Add a verb to the method name
setSynonyms, 10 out of 10
setHeaderInfo, 10 out of 10
processNucleotides, 10 out of 10
s2LongerThanS1, 5 out of 10, Use correct dictionary words/Add a verb to the method name/Name should not contain `s` as it is single letter
setAsPFamPredicted, 5 out of 10, Follow a naming style/Use correct dictionary words/Add a verb to the method name
generateAlpha, 10 out of 10
setScopId, 9 out of 10, Name should not contain `S` as it is single letter
getBlastGapCosts, 10 out of 10
testGetScoreMatrix, 10 out of 10
testUncompression, 7 out of 10, Use correct dictionary words
testNeighborIndicesFinding, 10 out of 10
GTSlikeScore, 6 out of 10, Follow a naming style/Use correct dictionary words
test4B19, 9 out of 10, Name should not contain `4` as it is single letter
getCdsStart, 10 out of 10
addAtomAsaC, 6 out of 10, Use correct dictionary words/Name should not contain `C` as it is single letter
available, 9 out of 10, Add a verb to the method name
hasAtoms, 10 out of 10
initPaths, 10 out of 10
calculatedFragmentPairs, 10 out of 10
initExpTechStr2Value, 6 out of 10, Use correct dictionary words/Name should not contain `2` as it is single letter
attributeValues, 10 out of 10
test1a4wPDBFile, 6 out of 10, Follow a naming style/Use correct dictionary words
setPdbxReplaces, 7 out of 10, Use correct dictionary words
getBiologicalAssemblies, 7 out of 10, Use correct dictionary words
setIndex, 10 out of 10
pdb_COMPND_Handler, 6 out of 10, Follow a naming style/Use correct dictionary words
getStrataInfoHashMap, 10 out of 10
doInBackground, 9 out of 10, Add a verb to the method name
setStructureIdentifiers, 10 out of 10
toCanonical, 8 out of 10, Check the grammatical structure of the method name; the name starts or ends with preposition/Add a verb to the method name
cutDomain, 10 out of 10
setSource, 10 out of 10
getExamples, 10 out of 10
guessSequentialAlignment, 10 out of 10
test3ddoRawNoSeqres, 5 out of 10, Use correct dictionary words/Add a verb to the method name/Number of words must be less than 7
isRedundantTransform, 10 out of 10
setAlnseq1, 6 out of 10, Use correct dictionary words/Name should not contain `1` as it is single letter
setProperties, 10 out of 10
getGroupContacts, 10 out of 10
setConn, 10 out of 10
ensureClaInstalled, 6 out of 10, Use correct dictionary words/Add a verb to the method name
processReader, 10 out of 10
testCreateDNASequenceWithErrorProbabilies, 6 out of 10, Follow a naming style/Use correct dictionary words
addInformationFromEntitySrcSyn, 7 out of 10, Use correct dictionary words
getIndexToCompoundsLookup, 10 out of 10
testGetSymmetryOrderWithCECP, 6 out of 10, Follow a naming style/Use correct dictionary words
setTime, 10 out of 10
getLineLoops, 10 out of 10
testSites1a4w, 9 out of 10, Name should not contain `1` as it is single letter
drawAxes, 10 out of 10
getCDSExonRangesReverse, 6 out of 10, Follow a naming style/Use correct dictionary words
add, 10 out of 10
getNewGroup, 10 out of 10
getRandomDataColumns, 10 out of 10
random, 9 out of 10, Add a verb to the method name
getS, 9 out of 10, Name should not contain `S` as it is single letter
identicalObjectIsEquals, 9 out of 10, Add a verb to the method name
testLongReadsAsSanger, 10 out of 10
setMinLen, 7 out of 10, Use correct dictionary words
writeNucleotideSequence, 10 out of 10
findNeighborIndicesSpatialHashing, 10 out of 10
setChains, 10 out of 10
addNote, 10 out of 10
aminoAcidsCompounds, 9 out of 10, Add a verb to the method name
getFromZip, 9 out of 10, Add a verb to the method name
getElementaryAxesObjects, 10 out of 10
setFormat, 10 out of 10
getCa1, 9 out of 10, Name should not contain `1` as it is single letter
getEndLegendPosition, 10 out of 10
getDataRows, 10 out of 10
isNonAmbNucleotideSequence, 7 out of 10, Use correct dictionary words
getBlastDatabase, 10 out of 10
addBridge, 10 out of 10
getStoichiometry, 10 out of 10
getQueryLength, 10 out of 10
setGFDBComment, 6 out of 10, Follow a naming style/Use correct dictionary words
isSymRelated, 7 out of 10, Use correct dictionary words
testGuessSequentialAlignment, 10 out of 10
setDuplicationHint, 10 out of 10
setGFPfamAccession, 6 out of 10, Follow a naming style/Use correct dictionary words
isCompatible, 10 out of 10
setMembers, 10 out of 10
testMiscDnaOriginal, 10 out of 10
getDf, 7 out of 10, Use correct dictionary words
setInsCode2, 9 out of 10, Name should not contain `2` as it is single letter
addGFTreeID, 7 out of 10, Use correct dictionary words
getRmsdAtOrigin, 7 out of 10, Use correct dictionary words
sequenceEquality, 10 out of 10
initStatWriter, 7 out of 10, Use correct dictionary words
start, 10 out of 10
getState, 10 out of 10
getBlocks, 10 out of 10
testGetSpaceGroupAsString, 10 out of 10
testBuildMissingDescription, 10 out of 10
setComments, 10 out of 10
handleConsensusAnnotation, 10 out of 10
addUnknownDataTypeVariable, 10 out of 10
setDiscreteValues, 10 out of 10
getStructures, 10 out of 10
setCategory, 10 out of 10
addToDescription, 9 out of 10, Add a verb to the method name
getPdbxModelCartnXIdeal, 6 out of 10, Follow a naming style/Use correct dictionary words
getHmmTo, 6 out of 10, Use correct dictionary words/Check the grammatical structure of the method name; the name starts or ends with preposition
testBadSyntax, 10 out of 10
getSequenceStorage, 10 out of 10
divideInternally, 10 out of 10
testTorsionAngle, 10 out of 10
getTorsionPenalty, 10 out of 10
getIntersection, 10 out of 10
getPx, 10 out of 10
put, 10 out of 10
normScore, 9 out of 10, Add a verb to the method name
getChainIdToIndexMap, 10 out of 10
createFastqWriter, 7 out of 10, Use correct dictionary words
setOperator, 10 out of 10
getMaximumExtend, 10 out of 10
notifyEnabled, 9 out of 10, Add a verb to the method name
getMultiBlockJmolString, 9 out of 10, Name should not contain `J` as it is single letter
getDnaCompounds, 10 out of 10
getSubunitClusters, 10 out of 10
getRowPackedCopy, 10 out of 10
testGetOriginalSequences, 10 out of 10
getBlastGapCreation, 10 out of 10
testMakePrimitiveBioasembly, 7 out of 10, Use correct dictionary words
testBondCloning, 10 out of 10
testParsingHPOOBO, 6 out of 10, Follow a naming style/Use correct dictionary words
testUnpermuted, 7 out of 10, Use correct dictionary words
printUsage, 10 out of 10
setSecondGroupAsa, 7 out of 10, Use correct dictionary words
setAllChains, 10 out of 10
addGlimmerGFF3GeneFeatures, 6 out of 10, Follow a naming style/Use correct dictionary words
testREMARK3, 6 out of 10, Follow a naming style/Use correct dictionary words
classComparisonIsByActualTypeNotReferenceType, 9 out of 10, Number of words must be less than 7
hasContactToAtom, 10 out of 10
showResults, 10 out of 10
setTraceTmScoreMin, 10 out of 10
getFile2, 9 out of 10, Name should not contain `2` as it is single letter
isWater, 10 out of 10
setUniProtAccessionId, 5 out of 10, Use correct dictionary words/Add a verb to the method name/Name should not contain `P` as it is single letter
testFatCat2, 9 out of 10, Name should not contain `2` as it is single letter
getContactsWithinCell, 10 out of 10
linkSitesToGroups, 10 out of 10
getTargetStartIndex, 10 out of 10
setQcalls, 9 out of 10, Name should not contain `Q` as it is single letter
_closeTag, 6 out of 10, Follow a naming style/Use correct dictionary words
setPsimodId, 10 out of 10
testPseudosymmetry, 7 out of 10, Use correct dictionary words
setSize, 10 out of 10
getGroupByPDB, 6 out of 10, Follow a naming style/Use correct dictionary words
translateInternalStops, 10 out of 10
doResetAlphas, 10 out of 10
isEmpty, 10 out of 10