identifier_type,identifier_name,identifier_context
,getSparse,FUNCTION
,getAllValues,FUNCTION
,hasAttribute,FUNCTION
,getGeneSequences,FUNCTION
,containsUniProtId,FUNCTION
,drawExpressionLevels,FUNCTION
,setNodeId,FUNCTION
,getMaxGapSize,FUNCTION
,testParseHeader,FUNCTION
,initJmolMenu,FUNCTION
,getOntology,FUNCTION
,setupDistanceBox,FUNCTION
,getCDSExonRanges,FUNCTION
,getThePdbId,FUNCTION
,unmarshal,FUNCTION
,register,FUNCTION
,checkAllResidues,FUNCTION
,uminus,FUNCTION
,poissonDistance,FUNCTION
,formBonds,FUNCTION
,getCellularLocation,FUNCTION
,contacts,FUNCTION
,consumePdbxMoleculeFeatures,FUNCTION
,getSequenceAlignment,FUNCTION
,setMaxIter,FUNCTION
,getUniprot,FUNCTION
,testProcessAll,FUNCTION
,getRfree,FUNCTION
,getCategory,FUNCTION
,ensureNodeListInstalled,FUNCTION
,testGetNcsMatrix,FUNCTION
,setP1,FUNCTION
,getUnrefinedScoreThreshold,FUNCTION
,getDBRefs,FUNCTION
,getExonCount,FUNCTION
,getQuat4d,FUNCTION
,setPsi,FUNCTION
,getShowPDBMenuItem,FUNCTION
,writeSequences,FUNCTION
,isAllowedPermuation,FUNCTION
,isOnTheFly,FUNCTION
,getNetChargeInnovagen,FUNCTION
,getPosCharge,FUNCTION
,getFirstRepeats,FUNCTION
,updateCoreLength,FUNCTION
,getJmolLigandScript,FUNCTION
,getNumSimilars,FUNCTION
,getiCode2,FUNCTION
,setLocation,FUNCTION
,showMultipleDialog,FUNCTION
,getComposition,FUNCTION
,thyamineToUracil,FUNCTION
,TestWrite5D9Q,FUNCTION
,getEqr,FUNCTION
,addNcsEquivalent,FUNCTION
,setCenter2,FUNCTION
,getSubstructureMatchingProteinSequence,FUNCTION
,getRoll,FUNCTION
,windowOpened,FUNCTION
,isValidSequenceForRonn,FUNCTION
,setCacheFilePath,FUNCTION
,setShortName,FUNCTION
,setPdbGroup,FUNCTION
,givenAnEmilFileWhenProcessEmilFileThanTheSequenceShouldReturnAsExpected,FUNCTION
,getName,FUNCTION
,setAnnotation,FUNCTION
,testRemoteScop,FUNCTION
,setTitle,FUNCTION
,getInsCode,FUNCTION
,ensureOpen,FUNCTION
,testWrongSequence,FUNCTION
,setExpressionSystemCellularLocation,FUNCTION
,testHashCollision,FUNCTION
,setUpdateFrequency,FUNCTION
,getCache,FUNCTION
,extractRanges,FUNCTION
,minScores,FUNCTION
,getPdb2,FUNCTION
,setPermutation,FUNCTION
,getDomainFile,FUNCTION
,notifyJointFragments,FUNCTION
,testLoad,FUNCTION
,isComplementable,FUNCTION
,testBuild,FUNCTION
,getAfpIndex,FUNCTION
,test4OPJ,FUNCTION
,mouseReleased,FUNCTION
,getAnchors,FUNCTION
,addCell,FUNCTION
,setElement,FUNCTION
,matchNames,FUNCTION
,getElement,FUNCTION
,getSecondGroupAsa,FUNCTION
,testCreateQualityScores,FUNCTION
,getDomainsByNodeId,FUNCTION
,setMaxPenalty,FUNCTION
,notifyBreakFlagListener,FUNCTION
,createOutput,FUNCTION
,getSortVariable,FUNCTION
,demoContacts,FUNCTION
,setCellularLocation,FUNCTION
,getMolecules,FUNCTION
,getSiteID,FUNCTION
,getAngle,FUNCTION
,toPrettyAlignment,FUNCTION
,_insdc_feature_location_string,FUNCTION
,getOrganismScientific,FUNCTION
,getEmptySequence,FUNCTION
,getABITracerCompoundSet,FUNCTION
,checkSeqresGroups,FUNCTION
,getSymmLevels,FUNCTION
,clearAtoms,FUNCTION
,setAllAtoms,FUNCTION
,showPairDialog,FUNCTION
,getStructureFiletype,FUNCTION
,findInteractingNeigbors,FUNCTION
,setAltAligNumber,FUNCTION
,indexOf,FUNCTION
,toStringBuilder,FUNCTION
,setContents,FUNCTION
,setHeaderOnly,FUNCTION
,getHillOrder,FUNCTION
,testPartialRangeLength,FUNCTION
,equalLengthSequences,FUNCTION
,setRscore,FUNCTION
,flushCache,FUNCTION
,setScores,FUNCTION
,testAcetylation,FUNCTION
,setRenderingHints,FUNCTION
,testDatesV4,FUNCTION
,optimizeResult,FUNCTION
,getPDBConservation,FUNCTION
,calNS,FUNCTION
,readAdvancedXml,FUNCTION
,resolve,FUNCTION
,getOneLetter,FUNCTION
,testSetStoringScoreMatrix,FUNCTION
,getInstalledDomall,FUNCTION
,putScore,FUNCTION
,getSubunits2,FUNCTION
,getFoldType,FUNCTION
,testGetLength,FUNCTION
,hashcodeOfEmptyArrayReturnsSeed,FUNCTION
,getEntityDescription,FUNCTION
,testSymmetric,FUNCTION
,getColumns,FUNCTION
,calcCenters,FUNCTION
,getStretch,FUNCTION
,testBuildNullQuality,FUNCTION
,getContacts,FUNCTION
,testSimpleProfileProfileAligner,FUNCTION
,testFetchObsolete,FUNCTION
,getOrientationName,FUNCTION
,getDelta,FUNCTION
,testStructWriting1STP,FUNCTION
,testGetIndexInQueryAtOutOfBounds,FUNCTION
,getCompound,FUNCTION
,getGroupLocationStrand,FUNCTION
,read,FUNCTION
,propertiesAllocated,FUNCTION
,setPdbAln,FUNCTION
,getMaxScore,FUNCTION
,testSingleEntry,FUNCTION
,minus,FUNCTION
,addExtension,FUNCTION
,getKeyword,FUNCTION
,getDisorderScores,FUNCTION
,bioStart,FUNCTION
,getEmail,FUNCTION
,isEquivalent,FUNCTION
,fmtpr,FUNCTION
,getSecond,FUNCTION
,setRecordType,FUNCTION
,getDisFilter,FUNCTION
,countNonNullMapReferences,FUNCTION
,getTimeSinceCheckpoint,FUNCTION
,setKappa,FUNCTION
,percentOverlap,FUNCTION
,getQueryDef,FUNCTION
,getAllAlgorithmNames,FUNCTION
,countEntityTypes,FUNCTION
,getContig,FUNCTION
,getSeqIdRange,FUNCTION
,testPermuteArray,FUNCTION
,writeArr,FUNCTION
,setCheckpoint,FUNCTION
,testGetCompoundInTargetAtOutOfBounds,FUNCTION
,setAlnseq2,FUNCTION
,getMinimumHelixRise,FUNCTION
,setDefaultExtensionPenalty,FUNCTION
,setFirstRepeat,FUNCTION
,getCompounds,FUNCTION
,getRnaCreator,FUNCTION
,isCacheEnabled,FUNCTION
,setMacromolecularSize,FUNCTION
,testFilterByHierarchy,FUNCTION
,assertBaseEquivalence,FUNCTION
,twoBit,FUNCTION
,isNmr,FUNCTION
,setFocusAfpList,FUNCTION
,drawHeader,FUNCTION
,setRndSeed,FUNCTION
,testSOURCEsectionSTRAIN,FUNCTION
,pToZ,FUNCTION
,countHelixStrandSSE,FUNCTION
,getTransMembrane,FUNCTION
,getBackingSequence,FUNCTION
,setExpressionSystemOrgan,FUNCTION
,testWholeChainWithMap,FUNCTION
,testToPDB_0args,FUNCTION
,setSynonyms,FUNCTION
,setHeaderInfo,FUNCTION
,processNucleotides,FUNCTION
,s2LongerThanS1,FUNCTION
,setAsPFamPredicted,FUNCTION
,generateAlpha,FUNCTION
,setScopId,FUNCTION
,getBlastGapCosts,FUNCTION
,testGetScoreMatrix,FUNCTION
,testUncompression,FUNCTION
,testNeighborIndicesFinding,FUNCTION
,GTSlikeScore,FUNCTION
,test4B19,FUNCTION
,getCdsStart,FUNCTION
,addAtomAsaC,FUNCTION
,available,FUNCTION
,hasAtoms,FUNCTION
,initPaths,FUNCTION
,calculatedFragmentPairs,FUNCTION
,initExpTechStr2Value,FUNCTION
,attributeValues,FUNCTION
,test1a4wPDBFile,FUNCTION
,setPdbxReplaces,FUNCTION
,getBiologicalAssemblies,FUNCTION
,setIndex,FUNCTION
,pdb_COMPND_Handler,FUNCTION
,getStrataInfoHashMap,FUNCTION
,doInBackground,FUNCTION
,setStructureIdentifiers,FUNCTION
,toCanonical,FUNCTION
,cutDomain,FUNCTION
,setSource,FUNCTION
,getExamples,FUNCTION
,guessSequentialAlignment,FUNCTION
,test3ddoRawNoSeqres,FUNCTION
,isRedundantTransform,FUNCTION
,setAlnseq1,FUNCTION
,setProperties,FUNCTION
,getGroupContacts,FUNCTION
,setConn,FUNCTION
,ensureClaInstalled,FUNCTION
,processReader,FUNCTION
,testCreateDNASequenceWithErrorProbabilies,FUNCTION
,addInformationFromEntitySrcSyn,FUNCTION
,getIndexToCompoundsLookup,FUNCTION
,testGetSymmetryOrderWithCECP,FUNCTION
,setTime,FUNCTION
,getLineLoops,FUNCTION
,testSites1a4w,FUNCTION
,drawAxes,FUNCTION
,getCDSExonRangesReverse,FUNCTION
,add,FUNCTION
,getNewGroup,FUNCTION
,getRandomDataColumns,FUNCTION
,random,FUNCTION
,getS,FUNCTION
,identicalObjectIsEquals,FUNCTION
,testLongReadsAsSanger,FUNCTION
,setMinLen,FUNCTION
,writeNucleotideSequence,FUNCTION
,findNeighborIndicesSpatialHashing,FUNCTION
,setChains,FUNCTION
,addNote,FUNCTION
,aminoAcidsCompounds,FUNCTION
,getFromZip,FUNCTION
,getElementaryAxesObjects,FUNCTION
,setFormat,FUNCTION
,getCa1,FUNCTION
,getEndLegendPosition,FUNCTION
,getDataRows,FUNCTION
,isNonAmbNucleotideSequence,FUNCTION
,getBlastDatabase,FUNCTION
,addBridge,FUNCTION
,getStoichiometry,FUNCTION
,getQueryLength,FUNCTION
,setGFDBComment,FUNCTION
,isSymRelated,FUNCTION
,testGuessSequentialAlignment,FUNCTION
,setDuplicationHint,FUNCTION
,setGFPfamAccession,FUNCTION
,isCompatible,FUNCTION
,setMembers,FUNCTION
,testMiscDnaOriginal,FUNCTION
,getDf,FUNCTION
,setInsCode2,FUNCTION
,addGFTreeID,FUNCTION
,getRmsdAtOrigin,FUNCTION
,sequenceEquality,FUNCTION
,initStatWriter,FUNCTION
,start,FUNCTION
,getState,FUNCTION
,getBlocks,FUNCTION
,testGetSpaceGroupAsString,FUNCTION
,testBuildMissingDescription,FUNCTION
,setComments,FUNCTION
,handleConsensusAnnotation,FUNCTION
,addUnknownDataTypeVariable,FUNCTION
,setDiscreteValues,FUNCTION
,getStructures,FUNCTION
,setCategory,FUNCTION
,addToDescription,FUNCTION
,getPdbxModelCartnXIdeal,FUNCTION
,getHmmTo,FUNCTION
,testBadSyntax,FUNCTION
,getSequenceStorage,FUNCTION
,divideInternally,FUNCTION
,testTorsionAngle,FUNCTION
,getTorsionPenalty,FUNCTION
,getIntersection,FUNCTION
,getPx,FUNCTION
,put,FUNCTION
,normScore,FUNCTION
,getChainIdToIndexMap,FUNCTION
,createFastqWriter,FUNCTION
,setOperator,FUNCTION
,getMaximumExtend,FUNCTION
,notifyEnabled,FUNCTION
,getMultiBlockJmolString,FUNCTION
,getDnaCompounds,FUNCTION
,getSubunitClusters,FUNCTION
,getRowPackedCopy,FUNCTION
,testGetOriginalSequences,FUNCTION
,getBlastGapCreation,FUNCTION
,testMakePrimitiveBioasembly,FUNCTION
,testBondCloning,FUNCTION
,testParsingHPOOBO,FUNCTION
,testUnpermuted,FUNCTION
,printUsage,FUNCTION
,setSecondGroupAsa,FUNCTION
,setAllChains,FUNCTION
,addGlimmerGFF3GeneFeatures,FUNCTION
,testREMARK3,FUNCTION
,classComparisonIsByActualTypeNotReferenceType,FUNCTION
,hasContactToAtom,FUNCTION
,showResults,FUNCTION
,setTraceTmScoreMin,FUNCTION
,getFile2,FUNCTION
,isWater,FUNCTION
,setUniProtAccessionId,FUNCTION
,testFatCat2,FUNCTION
,getContactsWithinCell,FUNCTION
,linkSitesToGroups,FUNCTION
,getTargetStartIndex,FUNCTION
,setQcalls,FUNCTION
,_closeTag,FUNCTION
,setPsimodId,FUNCTION
,testPseudosymmetry,FUNCTION
,setSize,FUNCTION
,getGroupByPDB,FUNCTION
,translateInternalStops,FUNCTION
,doResetAlphas,FUNCTION
,isEmpty,FUNCTION
,caseSensitive,FUNCTION