Phrase, Lable, Comments
unused, Good method name, Add a verb to the method name
_exception_mode, Poor method name, Follow a naming style/Use correct dictionary words/Add a verb to the method name
load_rgb_CImg, Fair method name, Follow a naming style/Use correct dictionary words
_vsnprintf, Fair method name, Use correct dictionary words
_sscanf, Fair method name, Use correct dictionary words
_sprintf, Fair method name, Use correct dictionary words
exception_mode, Good method name, Add a verb to the method name
draw_axis, Excellent method name
openmp_mode, Fair method name, Use correct dictionary words
prand, Poor method name, Follow a naming style/Use correct dictionary words/Add a verb to the method name
cut, Excellent method name
rol, Fair method name, Use correct dictionary words
ror, Fair method name, Use correct dictionary words
createCharData, Excellent method name
acosh, Fair method name, Use correct dictionary words
CImg, Poor method name, Use correct dictionary words/Add a verb to the method name/Name should not contain `C` as it is single letter
atanh, Fair method name, Use correct dictionary words
load_camera, Excellent method name
log2, Fair method name, Use correct dictionary words/Add a verb to the method name
_draw_triangle, Fair method name, Follow a naming style/Use correct dictionary words
cbrt, Fair method name, Use correct dictionary words
min, Excellent method name
max, Excellent method name
load, Excellent method name
_isosurface3d_indice, Poor method name, Follow a naming style/Use correct dictionary words/Add a verb to the method name
get_load_gif_external, Excellent method name
draw_mandelbrot, Excellent method name
round, Excellent method name
load_cimg, Fair method name, Use correct dictionary words
load_rgba, Fair method name, Use correct dictionary words
_hypot, Fair method name, Use correct dictionary words
factorial, Good method name, Add a verb to the method name
_stdout, Fair method name, Use correct dictionary words
medcon_path, Fair method name, Use correct dictionary words
fibonacci, Fair method name, Use correct dictionary words
_logo40x38, Poor method name, Follow a naming style/Use correct dictionary words/Add a verb to the method name
lowercase, Good method name, Add a verb to the method name
get_load_imagemagick_external, Fair method name, Use correct dictionary words
torus3d, Good method name, Add a verb to the method name
strncasecmp, Fair method name, Use correct dictionary words
bestIndex, Good method name, Add a verb to the method name
_stderr, Fair method name, Use correct dictionary words
get_load_ascii, Excellent method name
get_load_exr, Fair method name, Use correct dictionary words
strunescape, Fair method name, Follow a naming style/Use correct dictionary words
stros, Fair method name, Follow a naming style/Use correct dictionary words
hex6, Fair method name, Follow a naming style/Use correct dictionary words
_eik_priority_queue_insert, Fair method name, Follow a naming style/Use correct dictionary words
insert, Excellent method name
fseek, Poor method name, Follow a naming style/Use correct dictionary words/Add a verb to the method name
save_gif_external, Excellent method name
resize_object3d, Good method name, Add a verb to the method name
ffmpeg_path, Fair method name, Use correct dictionary words
fsize, Poor method name, Follow a naming style/Use correct dictionary words/Add a verb to the method name
fdate, Poor method name, Follow a naming style/Use correct dictionary words/Add a verb to the method name
get_load_inr, Excellent method name
load_gif_external, Excellent method name
_stdin, Fair method name, Use correct dictionary words
plane3d, Good method name, Add a verb to the method name
patchmatch, Fair method name, Follow a naming style/Use correct dictionary words
_distance_sep_cdt, Fair method name, Follow a naming style/Use correct dictionary words
draw_circle, Excellent method name
_draw_text, Fair method name, Follow a naming style/Use correct dictionary words
append_object3d, Good method name, Add a verb to the method name
syev, Fair method name, Use correct dictionary words
sgels, Poor method name, Follow a naming style/Use correct dictionary words/Add a verb to the method name
draw_object3d, Good method name, Add a verb to the method name
char, Excellent method name
transpose, Excellent method name
invert, Excellent method name
pseudoinvert, Fair method name, Follow a naming style/Use correct dictionary words
_no_display_exception, Poor method name, Follow a naming style/Use correct dictionary words/Add a verb to the method name
_load_tiff_tiled_separate, Fair method name, Follow a naming style/Use correct dictionary words
get_load_yuv, Fair method name, Use correct dictionary words
gunzip_path, Fair method name, Use correct dictionary words
_fitscreen, Fair method name, Follow a naming style/Use correct dictionary words
is_key, Excellent method name
is_key_sequence, Excellent method name
_distance_dist_mdt, Fair method name, Follow a naming style/Use correct dictionary words
screen_height, Excellent method name
_draw_ellipse, Fair method name, Follow a naming style/Use correct dictionary words
main, Excellent method name
draw_grid, Excellent method name
get_load, Excellent method name
close, Excellent method name
cylinder3d, Good method name, Add a verb to the method name
distance_dijkstra, Excellent method name
_render_resize, Fair method name, Follow a naming style/Use correct dictionary words
set_normalization, Excellent method name
set_title, Excellent method name
set_fullscreen, Fair method name, Use correct dictionary words
toggle_fullscreen, Fair method name, Use correct dictionary words
show_mouse, Excellent method name
hide_mouse, Excellent method name
get_load_gzip_external, Fair method name, Use correct dictionary words
get_load_off, Good method name, Check the grammatical structure of the method name; the name starts or ends with preposition
wget_path, Fair method name, Use correct dictionary words
set_key, Excellent method name
isUrl, Excellent method name
atNXYZ, Poor method name, Follow a naming style/Use correct dictionary words/Check the grammatical structure of the method name; the name starts or ends with preposition/Add a verb to the method name
wait_all, Excellent method name
render, Excellent method name
paint, Excellent method name
get_load_video, Excellent method name
emit_color, Excellent method name
load_jpeg, Excellent method name
get_load_jpeg, Excellent method name
_map_window, Fair method name, Follow a naming style/Use correct dictionary words
_paint, Excellent method name
_resize, Excellent method name
_init_fullscreen, Fair method name, Follow a naming style/Use correct dictionary words
sqr, Excellent method name
_assign_xshm, Fair method name, Follow a naming style/Use correct dictionary words
_distance_dist_cdt, Fair method name, Follow a naming style/Use correct dictionary words
_update_window_pos, Fair method name, Follow a naming style/Use correct dictionary words
get_load_bmp, Excellent method name
programfiles_path, Fair method name, Use correct dictionary words
_distance_sep_mdt, Fair method name, Follow a naming style/Use correct dictionary words
font, Good method name, Add a verb to the method name
get_load_analyze, Excellent method name
get_load_medcon_external, Fair method name, Use correct dictionary words
emit_usage, Excellent method name
pixel_type, Good method name, Add a verb to the method name
dcraw_path, Fair method name, Use correct dictionary words/Add a verb to the method name
begin, Excellent method name
end, Excellent method name
front, Excellent method name
back, Excellent method name
at, Fair method name, Check the grammatical structure of the method name; the name starts or ends with preposition/Add a verb to the method name
_at, Fair method name, Check the grammatical structure of the method name; the name starts or ends with preposition/Add a verb to the method name
atX, Fair method name, Check the grammatical structure of the method name; the name starts or ends with preposition/Add a verb to the method name/Name should not contain `X` as it is single letter
_atX, Poor method name, Follow a naming style/Use correct dictionary words/Check the grammatical structure of the method name; the name starts or ends with preposition/Add a verb to the method name
load_pfm, Fair method name, Use correct dictionary words
_atXY, Poor method name, Follow a naming style/Use correct dictionary words/Check the grammatical structure of the method name; the name starts or ends with preposition/Add a verb to the method name
findCharData, Excellent method name
elevation3d, Good method name, Add a verb to the method name
atXYZC, Poor method name, Follow a naming style/Use correct dictionary words/Check the grammatical structure of the method name; the name starts or ends with preposition/Add a verb to the method name
_atXYZC, Poor method name, Follow a naming style/Use correct dictionary words/Check the grammatical structure of the method name; the name starts or ends with preposition/Add a verb to the method name
set_linear_atX, Fair method name, Follow a naming style/Use correct dictionary words
set_linear_atXY, Fair method name, Follow a naming style/Use correct dictionary words
tictoc, Poor method name, Follow a naming style/Use correct dictionary words/Add a verb to the method name
_is_CImg3d, Poor method name, Follow a naming style/Use correct dictionary words/Add a verb to the method name
atan2, Poor method name, Follow a naming style/Use correct dictionary words/Add a verb to the method name
mul, Fair method name, Use correct dictionary words
div, Fair method name, Use correct dictionary words
load_minc2, Fair method name, Use correct dictionary words
clamp_byte, Excellent method name
stats, Fair method name, Use correct dictionary words
gzip_path, Fair method name, Use correct dictionary words
set_matrix_at, Good method name, Check the grammatical structure of the method name; the name starts or ends with preposition
set_tensor_at, Good method name, Check the grammatical structure of the method name; the name starts or ends with preposition
cone3d, Good method name, Add a verb to the method name
matrix, Good method name, Add a verb to the method name
tensor, Good method name, Add a verb to the method name
draw_axes, Excellent method name
pop_back, Excellent method name
solve, Excellent method name
isosurface3d, Fair method name, Add a verb to the method name/Name should not contain `o` as it is single letter
_atNXYZC, Poor method name, Follow a naming style/Use correct dictionary words/Check the grammatical structure of the method name; the name starts or ends with preposition/Add a verb to the method name
sort, Excellent method name
is_saveable, Fair method name, Use correct dictionary words
emitCodepoint, Excellent method name
get_shared_images, Excellent method name
load_rgb, Fair method name, Use correct dictionary words
diagonal, Good method name, Add a verb to the method name
distance, Excellent method name
rotation_matrix, Good method name, Add a verb to the method name
fill, Excellent method name
_fill, Excellent method name
fillX, Good method name, Name should not contain `X` as it is single letter
fillY, Good method name, Name should not contain `Y` as it is single letter
fillZ, Good method name, Name should not contain `Z` as it is single letter
blur_patch, Excellent method name
draw_image, Excellent method name
invert_endianness, Fair method name, Use correct dictionary words
rand, Excellent method name
noise, Good method name, Add a verb to the method name
load_png, Excellent method name
norm, Good method name, Add a verb to the method name
quantize, Excellent method name
threshold, Good method name, Add a verb to the method name
sphere3d, Good method name, Add a verb to the method name
_draw_object3d, Poor method name, Follow a naming style/Use correct dictionary words/Add a verb to the method name
FFT, Fair method name, Use correct dictionary words
map, Excellent method name
load_network, Excellent method name
_system_strescape, Poor method name, Follow a naming style/Use correct dictionary words/Add a verb to the method name
default_LUT256, Fair method name, Use correct dictionary words/Add a verb to the method name
HSV_LUT256, Fair method name, Use correct dictionary words/Add a verb to the method name
blur_guided, Good method name, Add a verb to the method name
hot_LUT256, Fair method name, Use correct dictionary words/Add a verb to the method name
cool_LUT256, Fair method name, Use correct dictionary words/Add a verb to the method name
jet_LUT256, Fair method name, Use correct dictionary words/Add a verb to the method name
flag_LUT256, Fair method name, Use correct dictionary words/Add a verb to the method name
graphicsmagick_path, Fair method name, Use correct dictionary words
sRGBtoRGB, Poor method name, Follow a naming style/Use correct dictionary words/Add a verb to the method name
_isoline3d_indice, Poor method name, Follow a naming style/Use correct dictionary words/Add a verb to the method name
RGBtoHSI, Poor method name, Follow a naming style/Use correct dictionary words/Add a verb to the method name
HSItoRGB, Poor method name, Follow a naming style/Use correct dictionary words/Add a verb to the method name
RGBtoHSL, Poor method name, Follow a naming style/Use correct dictionary words/Add a verb to the method name
load_off, Good method name, Check the grammatical structure of the method name; the name starts or ends with preposition
strbuffersize, Fair method name, Follow a naming style/Use correct dictionary words
shift_object3d, Good method name, Add a verb to the method name
RGBtoYCbCr, Poor method name, Follow a naming style/Use correct dictionary words/Add a verb to the method name
YCbCrtoRGB, Poor method name, Follow a naming style/Use correct dictionary words/Add a verb to the method name
RGBtoYUV, Poor method name, Follow a naming style/Use correct dictionary words/Add a verb to the method name
YUVtoRGB, Poor method name, Follow a naming style/Use correct dictionary words/Add a verb to the method name
RGBtoCMY, Poor method name, Follow a naming style/Use correct dictionary words/Add a verb to the method name
load_parrec, Fair method name, Use correct dictionary words
CMYtoCMYK, Poor method name, Follow a naming style/Use correct dictionary words/Add a verb to the method name
XYZtoRGB, Poor method name, Follow a naming style/Use correct dictionary words/Add a verb to the method name
XYZtoLab, Poor method name, Follow a naming style/Use correct dictionary words/Add a verb to the method name
get_load_tiff, Excellent method name
convert, Excellent method name
xyYtoXYZ, Poor method name, Follow a naming style/Use correct dictionary words/Add a verb to the method name
reverse, Excellent method name
pop_front, Excellent method name
load_yuv, Fair method name, Use correct dictionary words
images, Good method name, Add a verb to the method name
RGBtoCMYK, Poor method name, Follow a naming style/Use correct dictionary words/Add a verb to the method name
sharpen, Excellent method name
_cimg_lanczos, Poor method name, Follow a naming style/Use correct dictionary words/Add a verb to the method name
get_load_graphicsmagick_external, Fair method name, Use correct dictionary words
resize_halfXY, Fair method name, Follow a naming style/Use correct dictionary words
mirror, Excellent method name
shift, Excellent method name
permute_axes, Excellent method name
load_raw, Excellent method name
rotate, Excellent method name
warp, Excellent method name
projections2d, Poor method name, Follow a naming style/Use correct dictionary words/Add a verb to the method name
crop, Excellent method name
___draw_object3d, Poor method name, Follow a naming style/Use correct dictionary words/Add a verb to the method name
column, Good method name, Add a verb to the method name
columns, Good method name, Add a verb to the method name
row, Excellent method name
rows, Excellent method name
slice, Excellent method name
_atNXYZ, Poor method name, Follow a naming style/Use correct dictionary words/Check the grammatical structure of the method name; the name starts or ends with preposition/Add a verb to the method name
get_load_pandore, Fair method name, Use correct dictionary words
channels, Good method name, Add a verb to the method name
streamline, Excellent method name
get_shared_points, Excellent method name
load_other, Excellent method name
get_shared_row, Excellent method name
isoline3d, Fair method name, Add a verb to the method name/Name should not contain `o` as it is single letter
get_shared_slice, Excellent method name
get_shared_channels, Excellent method name
get_shared_channel, Excellent method name
get_shared, Excellent method name
diffusion_tensors, Good method name, Add a verb to the method name
clamp, Excellent method name
convolve, Excellent method name
cumulate, Excellent method name
save_empty_cimg, Fair method name, Use correct dictionary words
push_back, Excellent method name
draw_plasma, Excellent method name
_priority_queue_insert, Poor method name, Follow a naming style/Use correct dictionary words/Add a verb to the method name
draw_ellipse, Excellent method name
atNXYZC, Poor method name, Follow a naming style/Use correct dictionary words/Check the grammatical structure of the method name; the name starts or ends with preposition/Add a verb to the method name
_cimg_recursive_apply, Poor method name, Follow a naming style/Use correct dictionary words/Add a verb to the method name
vanvliet, Fair method name, Use correct dictionary words
blur, Excellent method name
blur_anisotropic, Excellent method name
object3dtoCImg3d, Poor method name, Use correct dictionary words/Add a verb to the method name/Name should not contain `C` as it is single letter
_cimg_blur_box_apply, Poor method name, Follow a naming style/Use correct dictionary words/Add a verb to the method name
__cimg_blur_box_apply, Poor method name, Follow a naming style/Use correct dictionary words/Add a verb to the method name
ellipsoid3d, Fair method name, Use correct dictionary words/Add a verb to the method name
load_bmp, Excellent method name
fitted_within, Good method name, Check the grammatical structure of the method name; the name starts or ends with preposition