Phrase,Score,Comments
unused, 9 out of 10, Add a verb to the method name
_exception_mode, 5 out of 10, Follow a naming style/Use correct dictionary words/Add a verb to the method name
load_rgb_CImg, 6 out of 10, Follow a naming style/Use correct dictionary words
_vsnprintf, 7 out of 10, Use correct dictionary words
_sscanf, 7 out of 10, Use correct dictionary words
_sprintf, 7 out of 10, Use correct dictionary words
exception_mode, 9 out of 10, Add a verb to the method name
draw_axis, 10 out of 10,
openmp_mode, 7 out of 10, Use correct dictionary words
prand, 5 out of 10, Follow a naming style/Use correct dictionary words/Add a verb to the method name
cut, 10 out of 10,
rol, 7 out of 10, Use correct dictionary words
ror, 7 out of 10, Use correct dictionary words
createCharData, 10 out of 10,
acosh, 7 out of 10, Use correct dictionary words
CImg, 5 out of 10, Use correct dictionary words/Add a verb to the method name/Name should not contain `C` as it is single letter
atanh, 7 out of 10, Use correct dictionary words
load_camera, 10 out of 10,
log2, 6 out of 10, Use correct dictionary words/Add a verb to the method name
_draw_triangle, 6 out of 10, Follow a naming style/Use correct dictionary words
cbrt, 7 out of 10, Use correct dictionary words
min, 10 out of 10,
max, 10 out of 10,
load, 10 out of 10,
_isosurface3d_indice, 5 out of 10, Follow a naming style/Use correct dictionary words/Add a verb to the method name
get_load_gif_external, 7 out of 10, Use correct dictionary words
draw_mandelbrot, 10 out of 10,
round, 10 out of 10,
load_cimg, 7 out of 10, Use correct dictionary words
load_rgba, 7 out of 10, Use correct dictionary words
_hypot, 7 out of 10, Use correct dictionary words
factorial, 9 out of 10, Add a verb to the method name
_stdout, 7 out of 10, Use correct dictionary words
medcon_path, 7 out of 10, Use correct dictionary words
fibonacci, 7 out of 10, Use correct dictionary words
_logo40x38, 5 out of 10, Follow a naming style/Use correct dictionary words/Add a verb to the method name
lowercase, 9 out of 10, Add a verb to the method name
get_load_imagemagick_external, 7 out of 10, Use correct dictionary words
torus3d, 5 out of 10, Follow a naming style/Use correct dictionary words/Add a verb to the method name
strncasecmp, 7 out of 10, Use correct dictionary words
bestIndex, 9 out of 10, Add a verb to the method name
_stderr, 7 out of 10, Use correct dictionary words
get_load_ascii, 10 out of 10,
get_load_exr, 7 out of 10, Use correct dictionary words
strunescape, 6 out of 10, Follow a naming style/Use correct dictionary words
stros, 6 out of 10, Follow a naming style/Use correct dictionary words
hex6, 6 out of 10, Follow a naming style/Use correct dictionary words
_eik_priority_queue_insert, 6 out of 10, Follow a naming style/Use correct dictionary words
insert, 10 out of 10,
fseek, 5 out of 10, Follow a naming style/Use correct dictionary words/Add a verb to the method name
save_gif_external, 7 out of 10, Use correct dictionary words
resize_object3d, 6 out of 10, Use correct dictionary words/Add a verb to the method name
ffmpeg_path, 7 out of 10, Use correct dictionary words
fsize, 5 out of 10, Follow a naming style/Use correct dictionary words/Add a verb to the method name
fdate, 5 out of 10, Follow a naming style/Use correct dictionary words/Add a verb to the method name
get_load_inr, 10 out of 10,
load_gif_external, 7 out of 10, Use correct dictionary words
_stdin, 7 out of 10, Use correct dictionary words
plane3d, 5 out of 10, Follow a naming style/Use correct dictionary words/Add a verb to the method name
patchmatch, 6 out of 10, Follow a naming style/Use correct dictionary words
_distance_sep_cdt, 6 out of 10, Follow a naming style/Use correct dictionary words
draw_circle, 10 out of 10,
_draw_text, 6 out of 10, Follow a naming style/Use correct dictionary words
append_object3d, 6 out of 10, Use correct dictionary words/Add a verb to the method name
syev, 7 out of 10, Use correct dictionary words
sgels, 5 out of 10, Follow a naming style/Use correct dictionary words/Add a verb to the method name
draw_object3d, 6 out of 10, Use correct dictionary words/Add a verb to the method name
char, 10 out of 10,
transpose, 10 out of 10,
invert, 10 out of 10,
pseudoinvert, 6 out of 10, Follow a naming style/Use correct dictionary words
_no_display_exception, 5 out of 10, Follow a naming style/Use correct dictionary words/Add a verb to the method name
_load_tiff_tiled_separate, 6 out of 10, Follow a naming style/Use correct dictionary words
get_load_yuv, 7 out of 10, Use correct dictionary words
gunzip_path, 7 out of 10, Use correct dictionary words
_fitscreen, 6 out of 10, Follow a naming style/Use correct dictionary words
is_key, 10 out of 10,
is_key_sequence, 10 out of 10,
_distance_dist_mdt, 6 out of 10, Follow a naming style/Use correct dictionary words
screen_height, 10 out of 10,
_draw_ellipse, 6 out of 10, Follow a naming style/Use correct dictionary words
main, 10 out of 10,
draw_grid, 10 out of 10,
get_load, 10 out of 10,
close, 10 out of 10,
cylinder3d, 5 out of 10, Follow a naming style/Use correct dictionary words/Add a verb to the method name
distance_dijkstra, 7 out of 10, Use correct dictionary words
_render_resize, 6 out of 10, Follow a naming style/Use correct dictionary words
set_normalization, 10 out of 10,
set_title, 10 out of 10,
set_fullscreen, 7 out of 10, Use correct dictionary words
toggle_fullscreen, 7 out of 10, Use correct dictionary words
show_mouse, 10 out of 10,
hide_mouse, 10 out of 10,
get_load_gzip_external, 7 out of 10, Use correct dictionary words
get_load_off, 9 out of 10, Check the grammatical structure of the method name; the name starts or ends with preposition
wget_path, 7 out of 10, Use correct dictionary words
set_key, 10 out of 10,
isUrl, 10 out of 10,
atNXYZ, 4 out of 10, Follow a naming style/Use correct dictionary words/Check the grammatical structure of the method name; the name starts or ends with preposition/Add a verb to the method name
wait_all, 10 out of 10,
render, 10 out of 10,
paint, 10 out of 10,
get_load_video, 10 out of 10,
emit_color, 10 out of 10,
load_jpeg, 7 out of 10, Use correct dictionary words
get_load_jpeg, 7 out of 10, Use correct dictionary words
_map_window, 6 out of 10, Follow a naming style/Use correct dictionary words
_paint, 10 out of 10,
_resize, 10 out of 10,
_init_fullscreen, 6 out of 10, Follow a naming style/Use correct dictionary words
sqr, 7 out of 10, Use correct dictionary words
_assign_xshm, 6 out of 10, Follow a naming style/Use correct dictionary words
_distance_dist_cdt, 6 out of 10, Follow a naming style/Use correct dictionary words
_update_window_pos, 6 out of 10, Follow a naming style/Use correct dictionary words
get_load_bmp, 7 out of 10, Use correct dictionary words
programfiles_path, 7 out of 10, Use correct dictionary words
_distance_sep_mdt, 6 out of 10, Follow a naming style/Use correct dictionary words
font, 9 out of 10, Add a verb to the method name
get_load_analyze, 10 out of 10,
get_load_medcon_external, 7 out of 10, Use correct dictionary words
emit_usage, 10 out of 10,
pixel_type, 9 out of 10, Add a verb to the method name
dcraw_path, 6 out of 10, Use correct dictionary words/Add a verb to the method name
begin, 10 out of 10,
end, 10 out of 10,
front, 10 out of 10,
back, 10 out of 10,
at, 8 out of 10, Check the grammatical structure of the method name; the name starts or ends with preposition/Add a verb to the method name
_at, 8 out of 10, Check the grammatical structure of the method name; the name starts or ends with preposition/Add a verb to the method name
atX, 7 out of 10, Check the grammatical structure of the method name; the name starts or ends with preposition/Add a verb to the method name/Name should not contain `X` as it is single letter
_atX, 4 out of 10, Follow a naming style/Use correct dictionary words/Check the grammatical structure of the method name; the name starts or ends with preposition/Add a verb to the method name
load_pfm, 7 out of 10, Use correct dictionary words
_atXY, 4 out of 10, Follow a naming style/Use correct dictionary words/Check the grammatical structure of the method name; the name starts or ends with preposition/Add a verb to the method name
findCharData, 10 out of 10,
elevation3d, 5 out of 10, Follow a naming style/Use correct dictionary words/Add a verb to the method name
atXYZC, 4 out of 10, Follow a naming style/Use correct dictionary words/Check the grammatical structure of the method name; the name starts or ends with preposition/Add a verb to the method name
_atXYZC, 4 out of 10, Follow a naming style/Use correct dictionary words/Check the grammatical structure of the method name; the name starts or ends with preposition/Add a verb to the method name
set_linear_atX, 6 out of 10, Follow a naming style/Use correct dictionary words
set_linear_atXY, 6 out of 10, Follow a naming style/Use correct dictionary words
tictoc, 5 out of 10, Follow a naming style/Use correct dictionary words/Add a verb to the method name
_is_CImg3d, 5 out of 10, Follow a naming style/Use correct dictionary words/Add a verb to the method name
atan2, 5 out of 10, Follow a naming style/Use correct dictionary words/Add a verb to the method name
mul, 7 out of 10, Use correct dictionary words
div, 7 out of 10, Use correct dictionary words
load_minc2, 7 out of 10, Use correct dictionary words
clamp_byte, 10 out of 10,
stats, 7 out of 10, Use correct dictionary words
gzip_path, 7 out of 10, Use correct dictionary words
set_matrix_at, 9 out of 10, Check the grammatical structure of the method name; the name starts or ends with preposition
set_tensor_at, 9 out of 10, Check the grammatical structure of the method name; the name starts or ends with preposition
cone3d, 5 out of 10, Follow a naming style/Use correct dictionary words/Add a verb to the method name
matrix, 9 out of 10, Add a verb to the method name
tensor, 9 out of 10, Add a verb to the method name
draw_axes, 10 out of 10,
pop_back, 10 out of 10,
solve, 10 out of 10,
isosurface3d, 5 out of 10, Follow a naming style/Use correct dictionary words/Add a verb to the method name
_atNXYZC, 4 out of 10, Follow a naming style/Use correct dictionary words/Check the grammatical structure of the method name; the name starts or ends with preposition/Add a verb to the method name
sort, 10 out of 10,
is_saveable, 7 out of 10, Use correct dictionary words
emitCodepoint, 10 out of 10,
get_shared_images, 10 out of 10,
load_rgb, 7 out of 10, Use correct dictionary words
diagonal, 9 out of 10, Add a verb to the method name
distance, 10 out of 10,
rotation_matrix, 9 out of 10, Add a verb to the method name
fill, 10 out of 10,
_fill, 10 out of 10,
fillX, 9 out of 10, Name should not contain `X` as it is single letter
fillY, 9 out of 10, Name should not contain `Y` as it is single letter
fillZ, 9 out of 10, Name should not contain `Z` as it is single letter
blur_patch, 10 out of 10,
draw_image, 10 out of 10,
invert_endianness, 7 out of 10, Use correct dictionary words
rand, 10 out of 10,
noise, 9 out of 10, Add a verb to the method name
load_png, 7 out of 10, Use correct dictionary words
norm, 9 out of 10, Add a verb to the method name
quantize, 10 out of 10,
threshold, 9 out of 10, Add a verb to the method name
sphere3d, 5 out of 10, Follow a naming style/Use correct dictionary words/Add a verb to the method name
_draw_object3d, 5 out of 10, Follow a naming style/Use correct dictionary words/Add a verb to the method name
FFT, 7 out of 10, Use correct dictionary words
map, 10 out of 10,
load_network, 10 out of 10,
_system_strescape, 5 out of 10, Follow a naming style/Use correct dictionary words/Add a verb to the method name
default_LUT256, 5 out of 10, Follow a naming style/Use correct dictionary words/Add a verb to the method name
HSV_LUT256, 5 out of 10, Follow a naming style/Use correct dictionary words/Add a verb to the method name
blur_guided, 9 out of 10, Add a verb to the method name
hot_LUT256, 5 out of 10, Follow a naming style/Use correct dictionary words/Add a verb to the method name
cool_LUT256, 5 out of 10, Follow a naming style/Use correct dictionary words/Add a verb to the method name
jet_LUT256, 5 out of 10, Follow a naming style/Use correct dictionary words/Add a verb to the method name
flag_LUT256, 5 out of 10, Follow a naming style/Use correct dictionary words/Add a verb to the method name
graphicsmagick_path, 7 out of 10, Use correct dictionary words
sRGBtoRGB, 5 out of 10, Follow a naming style/Use correct dictionary words/Add a verb to the method name
_isoline3d_indice, 5 out of 10, Follow a naming style/Use correct dictionary words/Add a verb to the method name
RGBtoHSI, 5 out of 10, Follow a naming style/Use correct dictionary words/Add a verb to the method name
HSItoRGB, 5 out of 10, Follow a naming style/Use correct dictionary words/Add a verb to the method name
RGBtoHSL, 5 out of 10, Follow a naming style/Use correct dictionary words/Add a verb to the method name
load_off, 9 out of 10, Check the grammatical structure of the method name; the name starts or ends with preposition
strbuffersize, 6 out of 10, Follow a naming style/Use correct dictionary words
shift_object3d, 6 out of 10, Use correct dictionary words/Add a verb to the method name
RGBtoYCbCr, 5 out of 10, Follow a naming style/Use correct dictionary words/Add a verb to the method name
YCbCrtoRGB, 5 out of 10, Follow a naming style/Use correct dictionary words/Add a verb to the method name
RGBtoYUV, 5 out of 10, Follow a naming style/Use correct dictionary words/Add a verb to the method name
YUVtoRGB, 5 out of 10, Follow a naming style/Use correct dictionary words/Add a verb to the method name
RGBtoCMY, 5 out of 10, Follow a naming style/Use correct dictionary words/Add a verb to the method name
load_parrec, 7 out of 10, Use correct dictionary words
CMYtoCMYK, 5 out of 10, Follow a naming style/Use correct dictionary words/Add a verb to the method name
XYZtoRGB, 5 out of 10, Follow a naming style/Use correct dictionary words/Add a verb to the method name
XYZtoLab, 5 out of 10, Follow a naming style/Use correct dictionary words/Add a verb to the method name
get_load_tiff, 10 out of 10,
convert, 10 out of 10,
xyYtoXYZ, 5 out of 10, Follow a naming style/Use correct dictionary words/Add a verb to the method name
reverse, 10 out of 10,
pop_front, 10 out of 10,
load_yuv, 7 out of 10, Use correct dictionary words
images, 9 out of 10, Add a verb to the method name
RGBtoCMYK, 5 out of 10, Follow a naming style/Use correct dictionary words/Add a verb to the method name
sharpen, 10 out of 10,
_cimg_lanczos, 5 out of 10, Follow a naming style/Use correct dictionary words/Add a verb to the method name
get_load_graphicsmagick_external, 7 out of 10, Use correct dictionary words
resize_halfXY, 6 out of 10, Follow a naming style/Use correct dictionary words
mirror, 10 out of 10,
shift, 10 out of 10,
permute_axes, 10 out of 10,
load_raw, 10 out of 10,
rotate, 10 out of 10,
warp, 10 out of 10,
projections2d, 5 out of 10, Follow a naming style/Use correct dictionary words/Add a verb to the method name
crop, 10 out of 10,
___draw_object3d, 5 out of 10, Follow a naming style/Use correct dictionary words/Add a verb to the method name
column, 9 out of 10, Add a verb to the method name
columns, 9 out of 10, Add a verb to the method name
row, 10 out of 10,
rows, 10 out of 10,
slice, 10 out of 10,
_atNXYZ, 4 out of 10, Follow a naming style/Use correct dictionary words/Check the grammatical structure of the method name; the name starts or ends with preposition/Add a verb to the method name
get_load_pandore, 7 out of 10, Use correct dictionary words
channels, 9 out of 10, Add a verb to the method name
streamline, 10 out of 10,
get_shared_points, 10 out of 10,
load_other, 10 out of 10,
get_shared_row, 10 out of 10,
isoline3d, 5 out of 10, Follow a naming style/Use correct dictionary words/Add a verb to the method name
get_shared_slice, 10 out of 10,
get_shared_channels, 10 out of 10,
get_shared_channel, 10 out of 10,
get_shared, 10 out of 10,
diffusion_tensors, 9 out of 10, Add a verb to the method name
clamp, 10 out of 10,
convolve, 10 out of 10,
cumulate, 10 out of 10,
save_empty_cimg, 7 out of 10, Use correct dictionary words
push_back, 10 out of 10,
draw_plasma, 10 out of 10,
_priority_queue_insert, 5 out of 10, Follow a naming style/Use correct dictionary words/Add a verb to the method name
draw_ellipse, 10 out of 10,
atNXYZC, 4 out of 10, Follow a naming style/Use correct dictionary words/Check the grammatical structure of the method name; the name starts or ends with preposition/Add a verb to the method name
_cimg_recursive_apply, 5 out of 10, Follow a naming style/Use correct dictionary words/Add a verb to the method name
vanvliet, 7 out of 10, Use correct dictionary words
blur, 10 out of 10,
blur_anisotropic, 10 out of 10,
object3dtoCImg3d, 5 out of 10, Follow a naming style/Use correct dictionary words/Add a verb to the method name
_cimg_blur_box_apply, 5 out of 10, Follow a naming style/Use correct dictionary words/Add a verb to the method name
__cimg_blur_box_apply, 5 out of 10, Follow a naming style/Use correct dictionary words/Add a verb to the method name
ellipsoid3d, 5 out of 10, Follow a naming style/Use correct dictionary words/Add a verb to the method name
load_bmp, 7 out of 10, Use correct dictionary words