identifier_type,identifier_name,identifier_context
,unused,FUNCTION
,_exception_mode,FUNCTION
,load_rgb_CImg,FUNCTION
,_vsnprintf,FUNCTION
,_sscanf,FUNCTION
,_sprintf,FUNCTION
,exception_mode,FUNCTION
,draw_axis,FUNCTION
,openmp_mode,FUNCTION
,prand,FUNCTION
,cut,FUNCTION
,rol,FUNCTION
,ror,FUNCTION
,createCharData,FUNCTION
,acosh,FUNCTION
,CImg,FUNCTION
,atanh,FUNCTION
,load_camera,FUNCTION
,log2,FUNCTION
,_draw_triangle,FUNCTION
,cbrt,FUNCTION
,min,FUNCTION
,max,FUNCTION
,load,FUNCTION
,_isosurface3d_indice,FUNCTION
,get_load_gif_external,FUNCTION
,draw_mandelbrot,FUNCTION
,round,FUNCTION
,load_cimg,FUNCTION
,load_rgba,FUNCTION
,_hypot,FUNCTION
,factorial,FUNCTION
,_stdout,FUNCTION
,medcon_path,FUNCTION
,fibonacci,FUNCTION
,_logo40x38,FUNCTION
,lowercase,FUNCTION
,get_load_imagemagick_external,FUNCTION
,torus3d,FUNCTION
,strncasecmp,FUNCTION
,bestIndex,FUNCTION
,_stderr,FUNCTION
,get_load_ascii,FUNCTION
,get_load_exr,FUNCTION
,strunescape,FUNCTION
,stros,FUNCTION
,hex6,FUNCTION
,_eik_priority_queue_insert,FUNCTION
,insert,FUNCTION
,fseek,FUNCTION
,save_gif_external,FUNCTION
,resize_object3d,FUNCTION
,ffmpeg_path,FUNCTION
,fsize,FUNCTION
,fdate,FUNCTION
,get_load_inr,FUNCTION
,load_gif_external,FUNCTION
,_stdin,FUNCTION
,plane3d,FUNCTION
,patchmatch,FUNCTION
,_distance_sep_cdt,FUNCTION
,draw_circle,FUNCTION
,_draw_text,FUNCTION
,append_object3d,FUNCTION
,syev,FUNCTION
,sgels,FUNCTION
,draw_object3d,FUNCTION
,char,FUNCTION
,transpose,FUNCTION
,invert,FUNCTION
,pseudoinvert,FUNCTION
,_no_display_exception,FUNCTION
,_load_tiff_tiled_separate,FUNCTION
,get_load_yuv,FUNCTION
,gunzip_path,FUNCTION
,_fitscreen,FUNCTION
,is_key,FUNCTION
,is_key_sequence,FUNCTION
,_distance_dist_mdt,FUNCTION
,screen_height,FUNCTION
,_draw_ellipse,FUNCTION
,main,FUNCTION
,draw_grid,FUNCTION
,get_load,FUNCTION
,close,FUNCTION
,cylinder3d,FUNCTION
,distance_dijkstra,FUNCTION
,_render_resize,FUNCTION
,set_normalization,FUNCTION
,set_title,FUNCTION
,set_fullscreen,FUNCTION
,toggle_fullscreen,FUNCTION
,show_mouse,FUNCTION
,hide_mouse,FUNCTION
,get_load_gzip_external,FUNCTION
,get_load_off,FUNCTION
,wget_path,FUNCTION
,set_key,FUNCTION
,isUrl,FUNCTION
,atNXYZ,FUNCTION
,wait_all,FUNCTION
,render,FUNCTION
,paint,FUNCTION
,get_load_video,FUNCTION
,emit_color,FUNCTION
,load_jpeg,FUNCTION
,get_load_jpeg,FUNCTION
,_map_window,FUNCTION
,_paint,FUNCTION
,_resize,FUNCTION
,_init_fullscreen,FUNCTION
,sqr,FUNCTION
,_assign_xshm,FUNCTION
,_distance_dist_cdt,FUNCTION
,_update_window_pos,FUNCTION
,get_load_bmp,FUNCTION
,programfiles_path,FUNCTION
,_distance_sep_mdt,FUNCTION
,font,FUNCTION
,get_load_analyze,FUNCTION
,get_load_medcon_external,FUNCTION
,emit_usage,FUNCTION
,pixel_type,FUNCTION
,dcraw_path,FUNCTION
,begin,FUNCTION
,end,FUNCTION
,front,FUNCTION
,back,FUNCTION
,at,FUNCTION
,_at,FUNCTION
,atX,FUNCTION
,_atX,FUNCTION
,load_pfm,FUNCTION
,_atXY,FUNCTION
,findCharData,FUNCTION
,elevation3d,FUNCTION
,atXYZC,FUNCTION
,_atXYZC,FUNCTION
,set_linear_atX,FUNCTION
,set_linear_atXY,FUNCTION
,tictoc,FUNCTION
,_is_CImg3d,FUNCTION
,atan2,FUNCTION
,mul,FUNCTION
,div,FUNCTION
,load_minc2,FUNCTION
,clamp_byte,FUNCTION
,stats,FUNCTION
,gzip_path,FUNCTION
,set_matrix_at,FUNCTION
,set_tensor_at,FUNCTION
,cone3d,FUNCTION
,matrix,FUNCTION
,tensor,FUNCTION
,draw_axes,FUNCTION
,pop_back,FUNCTION
,solve,FUNCTION
,isosurface3d,FUNCTION
,_atNXYZC,FUNCTION
,sort,FUNCTION
,is_saveable,FUNCTION
,emitCodepoint,FUNCTION
,get_shared_images,FUNCTION
,load_rgb,FUNCTION
,diagonal,FUNCTION
,distance,FUNCTION
,rotation_matrix,FUNCTION
,fill,FUNCTION
,_fill,FUNCTION
,fillX,FUNCTION
,fillY,FUNCTION
,fillZ,FUNCTION
,blur_patch,FUNCTION
,draw_image,FUNCTION
,invert_endianness,FUNCTION
,rand,FUNCTION
,noise,FUNCTION
,load_png,FUNCTION
,norm,FUNCTION
,quantize,FUNCTION
,threshold,FUNCTION
,sphere3d,FUNCTION
,_draw_object3d,FUNCTION
,FFT,FUNCTION
,map,FUNCTION
,load_network,FUNCTION
,_system_strescape,FUNCTION
,default_LUT256,FUNCTION
,HSV_LUT256,FUNCTION
,blur_guided,FUNCTION
,hot_LUT256,FUNCTION
,cool_LUT256,FUNCTION
,jet_LUT256,FUNCTION
,flag_LUT256,FUNCTION
,graphicsmagick_path,FUNCTION
,sRGBtoRGB,FUNCTION
,_isoline3d_indice,FUNCTION
,RGBtoHSI,FUNCTION
,HSItoRGB,FUNCTION
,RGBtoHSL,FUNCTION
,load_off,FUNCTION
,strbuffersize,FUNCTION
,shift_object3d,FUNCTION
,RGBtoYCbCr,FUNCTION
,YCbCrtoRGB,FUNCTION
,RGBtoYUV,FUNCTION
,YUVtoRGB,FUNCTION
,RGBtoCMY,FUNCTION
,load_parrec,FUNCTION
,CMYtoCMYK,FUNCTION
,XYZtoRGB,FUNCTION
,XYZtoLab,FUNCTION
,get_load_tiff,FUNCTION
,convert,FUNCTION
,xyYtoXYZ,FUNCTION
,reverse,FUNCTION
,pop_front,FUNCTION
,load_yuv,FUNCTION
,images,FUNCTION
,RGBtoCMYK,FUNCTION
,sharpen,FUNCTION
,_cimg_lanczos,FUNCTION
,get_load_graphicsmagick_external,FUNCTION
,resize_halfXY,FUNCTION
,mirror,FUNCTION
,shift,FUNCTION
,permute_axes,FUNCTION
,load_raw,FUNCTION
,rotate,FUNCTION
,warp,FUNCTION
,projections2d,FUNCTION
,crop,FUNCTION
,___draw_object3d,FUNCTION
,column,FUNCTION
,columns,FUNCTION
,row,FUNCTION
,rows,FUNCTION
,slice,FUNCTION
,_atNXYZ,FUNCTION
,get_load_pandore,FUNCTION
,channels,FUNCTION
,streamline,FUNCTION
,get_shared_points,FUNCTION
,load_other,FUNCTION
,get_shared_row,FUNCTION
,isoline3d,FUNCTION
,get_shared_slice,FUNCTION
,get_shared_channels,FUNCTION
,get_shared_channel,FUNCTION
,get_shared,FUNCTION
,diffusion_tensors,FUNCTION
,clamp,FUNCTION
,convolve,FUNCTION
,cumulate,FUNCTION
,save_empty_cimg,FUNCTION
,push_back,FUNCTION
,draw_plasma,FUNCTION
,_priority_queue_insert,FUNCTION
,draw_ellipse,FUNCTION
,atNXYZC,FUNCTION
,_cimg_recursive_apply,FUNCTION
,vanvliet,FUNCTION
,blur,FUNCTION
,blur_anisotropic,FUNCTION
,object3dtoCImg3d,FUNCTION
,_cimg_blur_box_apply,FUNCTION
,__cimg_blur_box_apply,FUNCTION
,ellipsoid3d,FUNCTION
,load_bmp,FUNCTION
,fitted_within,FUNCTION