identifier_type,identifier_name,identifier_context
,init(),FUNCTION
,startRamp(),FUNCTION
,setParameter(),FUNCTION
,getParameter(),FUNCTION
,processSample(),FUNCTION
,process(),FUNCTION
,getSpData(),FUNCTION
,destroy(),FUNCTION
,reset(),FUNCTION
,clear(),FUNCTION
,initializeConstant(),FUNCTION
,setupWaveform(),FUNCTION
,setWaveformValue(),FUNCTION
,setupIndividualWaveform(),FUNCTION
,setIndividualWaveformValue(),FUNCTION
,trigger(),FUNCTION
,triggerFrequencyAmplitude(),FUNCTION
,triggerTypeAmplitude(),FUNCTION
,setUpTable(),FUNCTION
,setPartitionLength(),FUNCTION
,initConvolutionEngine(),FUNCTION
,isLooping(),FUNCTION
,toggleLooping(),FUNCTION
,setTargetAU(),FUNCTION
,addMIDIEvent(),FUNCTION
,getTempo(),FUNCTION
,setBuffers(),FUNCTION
,setBuffer(),FUNCTION
,deinit(),FUNCTION
,start(),FUNCTION
,stop(),FUNCTION
,isPlaying(),FUNCTION
,isSetup(),FUNCTION
,handleMIDIEvent(),FUNCTION
,getSampleRate(),FUNCTION
,noteToHz(),FUNCTION
,floatToHz(),FUNCTION
,allocateRenderResources(),FUNCTION
,deallocateRenderResources(),FUNCTION
,prepareOutputBufferList(),FUNCTION
,pullInput(),FUNCTION
,prepareInputBufferList(),FUNCTION
,clamp(),FUNCTION
,setImmediate(),FUNCTION
,setTaper(),FUNCTION
,getTaper(),FUNCTION
,setSkew(),FUNCTION
,getSkew(),FUNCTION
,setOffset(),FUNCTION
,getOffset(),FUNCTION
,setUIValue(),FUNCTION
,getUIValue(),FUNCTION
,dezipperCheck(),FUNCTION
,get(),FUNCTION
,step(),FUNCTION
,getAndStep(),FUNCTION
,stepBy(),FUNCTION
,pow2(),FUNCTION
,remove(),FUNCTION
,add(),FUNCTION
,noteOn(),FUNCTION
,startNote(),FUNCTION
,stopNote(),FUNCTION
,setAttackDuration(),FUNCTION
,setDecayDuration(),FUNCTION
,setSustainLevel(),FUNCTION
,setReleaseDuration(),FUNCTION
,setPitchBend(),FUNCTION
,setVibratoDepth(),FUNCTION
,setVibratoRate(),FUNCTION
,setDetuningOffset(),FUNCTION
,standardBankGetAndSteps(),FUNCTION
,setFilterCutoffFrequency(),FUNCTION
,setFilterResonance(),FUNCTION
,setFilterAttackDuration(),FUNCTION
,setFilterDecayDuration(),FUNCTION
,setFilterSustainLevel(),FUNCTION
,setFilterReleaseDuration(),FUNCTION
,setFilterEnvelopeStength(),FUNCTION
,setFilterLFODepth(),FUNCTION
,setFilterLFORate(),FUNCTION
,standardFilterSynthGetAndSteps(),FUNCTION
,computeValueAt(),FUNCTION
,calculateGain(),FUNCTION
,computeExponential(),FUNCTION
,computeLinear(),FUNCTION
,updateTarget(),FUNCTION
,getStartValue(),FUNCTION
,getValue(),FUNCTION
,setTarget(),FUNCTION
,getTarget(),FUNCTION
,setRampType(),FUNCTION
,getRampType(),FUNCTION
,setDurationInSamples(),FUNCTION
,getDurationInSamples(),FUNCTION
,setRampDuration(),FUNCTION
,getRampDuration(),FUNCTION
,advanceTo(),FUNCTION
,akCustomUgenFunction(),FUNCTION
,setSamples(),FUNCTION
,getMD5(),FUNCTION
,getSamples(),FUNCTION
,align16byte(),FUNCTION
,min(),FUNCTION
,TPCircularBufferPrepareEmptyAudioBufferList(),FUNCTION
,TPCircularBufferPrepareEmptyAudioBufferListWithAudioFormat(),FUNCTION
,TPCircularBufferProduceAudioBufferList(),FUNCTION
,TPCircularBufferCopyAudioBufferList(),FUNCTION
,TPCircularBufferNextBufferListAfter(),FUNCTION
,TPCircularBufferConsumeNextBufferListPartial(),FUNCTION
,TPCircularBufferDequeueBufferListFrames(),FUNCTION
,TPCircularBufferPeekContiguousWrapped(),FUNCTION
,TPCircularBufferPeek(),FUNCTION
,TPCircularBufferPeekContiguous(),FUNCTION
,TPCircularBufferGetAvailableSpace(),FUNCTION
,TPCircularBufferUnitHead(),FUNCTION
,TPCircularBufferUnitProduce(),FUNCTION
,TPCircularBufferUnitTail(),FUNCTION
,TPCircularBufferUnitConsume(),FUNCTION
,_reportResult(),FUNCTION
,_TPCircularBufferInit(),FUNCTION
,TPCircularBufferCleanup(),FUNCTION
,TPCircularBufferClear(),FUNCTION
,TPCircularBufferSetAtomic(),FUNCTION
,AKTimelineInit(),FUNCTION
,AKTimelineStart(),FUNCTION
,AKTimelineStartAtTime(),FUNCTION
,AKTimelineSetLoop(),FUNCTION
,AKTimelineTimeAtTime(),FUNCTION
,AKTimelineTime(),FUNCTION
,AKTimelineStop(),FUNCTION
,AKTimelineSynchronize(),FUNCTION
,AKTimelineSetTimeAtTime(),FUNCTION
,AKTimelineSetTime(),FUNCTION
,AKTimelineIsStarted(),FUNCTION
,AKTimelineSetState(),FUNCTION
,AKTimelineSetRenderState(),FUNCTION
,AKTimelineAudioTimeAtTime(),FUNCTION
,AKTimelineSendMessage(),FUNCTION
,ABLSize(),FUNCTION
,ABLOffset(),FUNCTION
,ABLSetByteSize(),FUNCTION
,AdvanceRenderState(),FUNCTION
,AKTimelineRender(),FUNCTION
,TimeStampOffset(),FUNCTION
,SampleAndHostTimeValid(),FUNCTION
,SampleTimeValid(),FUNCTION
,HostTimeValid(),FUNCTION
,AudioTimeNow(),FUNCTION
,AudioTimeStampWithSampleHost(),FUNCTION
,extrapolateTime(),FUNCTION
,safeSubtract(),FUNCTION
,ticksToSeconds(),FUNCTION
,setThreshold(),FUNCTION
,setHalfPowerPoint(),FUNCTION
,doCallback(),FUNCTION
,setSporth(),FUNCTION
,setParameters(),FUNCTION
,addCustomUgen(),FUNCTION
,addUgensToFTable(),FUNCTION
,addUgensToKernel(),FUNCTION
,run(),FUNCTION
,setCarrierMultiplier(),FUNCTION
,setModulatingMultiplier(),FUNCTION
,setModulationIndex(),FUNCTION
,setIndex(),FUNCTION
,setPulseWidth(),FUNCTION
,setPhaseDistortion(),FUNCTION
,initDSP(),FUNCTION
,rewind(),FUNCTION
,seekTo(),FUNCTION
,loadFile(),FUNCTION
,setStartPoint(),FUNCTION
,setEndPoint(),FUNCTION
,setLoopStartPoint(),FUNCTION
,setLoopEndPoint(),FUNCTION
,setTempStartPoint(),FUNCTION
,setTempEndPoint(),FUNCTION
,setLoop(),FUNCTION
,setRate(),FUNCTION
,setVolume(),FUNCTION
,startPointViaRate(),FUNCTION
,endPointViaRate(),FUNCTION
,loopStartPointViaRate(),FUNCTION
,loopEndPointViaRate(),FUNCTION
,sampleStep(),FUNCTION
,sampleRateRatio(),FUNCTION
,loopReversed(),FUNCTION
,startEndReversed(),FUNCTION
,calculateMainPlayComplete(),FUNCTION
,calculateHasEnded(),FUNCTION
,calculateLoopPhase(),FUNCTION
,calculateShouldLoop(),FUNCTION
,doLoopActions(),FUNCTION
,loadAudioData(),FUNCTION
,setTempo(),FUNCTION
,addPlayingNote(),FUNCTION
,stopPlayingNote(),FUNCTION
,removeNoteAt(),FUNCTION
,removeEventAt(),FUNCTION
,addMIDINote(),FUNCTION
,stopPlayingNotes(),FUNCTION
,sendMidiData(),FUNCTION
,lengthInSamples(),FUNCTION
,beatToSamples(),FUNCTION
,positionModulo(),FUNCTION
,currentPositionInBeats(),FUNCTION
,validTriggerTime(),FUNCTION
,updateSampleRate(),FUNCTION
,updateParams(),FUNCTION
,restart(),FUNCTION
,release(),FUNCTION
,setAttackDurationSeconds(),FUNCTION
,getAttackDurationSeconds(),FUNCTION
,setDecayDurationSeconds(),FUNCTION
,getDecayDurationSeconds(),FUNCTION
,setReleaseDurationSeconds(),FUNCTION
,getReleaseDurationSeconds(),FUNCTION
,isIdle(),FUNCTION
,isPreStarting(),FUNCTION
,isReleasing(),FUNCTION
,getSample(),FUNCTION
,setHoldDurationSeconds(),FUNCTION
,getHoldDurationSeconds(),FUNCTION
,setReleaseHoldDurationSeconds(),FUNCTION
,getReleaseHoldDurationSeconds(),FUNCTION
,setupCurSeg(),FUNCTION
,startAtSegment(),FUNCTION
,advanceToSegment(),FUNCTION
,skipEmptySegments(),FUNCTION
,getCurrentSegmentIndex(),FUNCTION
,triangle(),FUNCTION
,sawtooth(),FUNCTION
,sinusoid(),FUNCTION
,hammond(),FUNCTION
,square(),FUNCTION
,linearCurve(),FUNCTION
,exponentialCurve(),FUNCTION
,powerCurve(),FUNCTION
,setFrequency(),FUNCTION
,interp_cyclic(),FUNCTION
,interp_bounded(),FUNCTION
,interp(),FUNCTION
,reinit(),FUNCTION
,isRamping(),FUNCTION
,getNextValue(),FUNCTION
,getValues(),FUNCTION
,Sine(),FUNCTION
,Cosine(),FUNCTION
,setCutoff(),FUNCTION
,setResonance(),FUNCTION
,keyDownAction(),FUNCTION
,keyUpAction(),FUNCTION
,pedalDown(),FUNCTION
,pedalUp(),FUNCTION
,isNoteSustaining(),FUNCTION
,isAnyKeyDown(),FUNCTION
,firstKeyDown(),FUNCTION
,setModFrequencyHz(),FUNCTION
,setLeftFeedback(),FUNCTION
,setRightFeedback(),FUNCTION
,Render(),FUNCTION
,getModFrequencyHz(),FUNCTION
,setModDepthFraction(),FUNCTION
,getModDepthFraction(),FUNCTION
,setDelayMs(),FUNCTION
,push(),FUNCTION
,getMaxDelayMs(),FUNCTION
,setFeedback(),FUNCTION
,getOutput(),FUNCTION
,setPingPongMode(),FUNCTION
,setDryWetMix(),FUNCTION
,getPingPongMode(),FUNCTION
,unloadAllSamples(),FUNCTION
,loadSampleData(),FUNCTION
,lookupSample(),FUNCTION
,setNoteFrequency(),FUNCTION
,buildSimpleKeyMap(),FUNCTION
,buildKeyMap(),FUNCTION
,voicePlayingNote(),FUNCTION
,playNote(),FUNCTION
,sustainPedal(),FUNCTION
,play(),FUNCTION
,stopAllVoices(),FUNCTION
,restartVoices(),FUNCTION
,setADSRAttackDurationSeconds(),FUNCTION
,getADSRAttackDurationSeconds(),FUNCTION
,setADSRHoldDurationSeconds(),FUNCTION
,getADSRHoldDurationSeconds(),FUNCTION
,setADSRDecayDurationSeconds(),FUNCTION
,getADSRDecayDurationSeconds(),FUNCTION
,setADSRSustainFraction(),FUNCTION
,getADSRSustainFraction(),FUNCTION
,setADSRReleaseHoldDurationSeconds(),FUNCTION
,getADSRReleaseHoldDurationSeconds(),FUNCTION
,setADSRReleaseDurationSeconds(),FUNCTION
,getADSRReleaseDurationSeconds(),FUNCTION
,setFilterAttackDurationSeconds(),FUNCTION
,getFilterAttackDurationSeconds(),FUNCTION
,setFilterDecayDurationSeconds(),FUNCTION
,getFilterDecayDurationSeconds(),FUNCTION
,setFilterSustainFraction(),FUNCTION
,getFilterSustainFraction(),FUNCTION
,setFilterReleaseDurationSeconds(),FUNCTION
,getFilterReleaseDurationSeconds(),FUNCTION
,setPitchAttackDurationSeconds(),FUNCTION
,getPitchAttackDurationSeconds(),FUNCTION
,setPitchDecayDurationSeconds(),FUNCTION
,getPitchDecayDurationSeconds(),FUNCTION
,setPitchSustainFraction(),FUNCTION
,getPitchSustainFraction(),FUNCTION
,setPitchReleaseDurationSeconds(),FUNCTION
,getPitchReleaseDurationSeconds(),FUNCTION
,setLoopThruRelease(),FUNCTION
,setData(),FUNCTION
,setPitchOffsetSemitones(),FUNCTION
,getSamplePair(),FUNCTION
,restartNewNote(),FUNCTION
,restartNewNoteLegato(),FUNCTION
,restartSameNote(),FUNCTION
,prepToGetSamples(),FUNCTION
,restartVoiceLFOIfNeeded(),FUNCTION
,updateAmpAdsrParameters(),FUNCTION
,updateFilterAdsrParameters(),FUNCTION
,updatePitchAdsrParameters(),FUNCTION
,setAmpAttackDurationSeconds(),FUNCTION
,getAmpAttackDurationSeconds(),FUNCTION
,setAmpDecayDurationSeconds(),FUNCTION
,getAmpDecayDurationSeconds(),FUNCTION
,setAmpSustainFraction(),FUNCTION
,getAmpSustainFraction(),FUNCTION
,setAmpReleaseDurationSeconds(),FUNCTION
,getAmpReleaseDurationSeconds(),FUNCTION
,setPhases(),FUNCTION
,setPanSpread(),FUNCTION
,setFreqSpread(),FUNCTION
,setStages(),FUNCTION
,initStack(),FUNCTION
,size(),FUNCTION
,resetDelay(),FUNCTION
,setDelay_mSec(),FUNCTION
,setOutputAttenuation_dB(),FUNCTION
,cookVariables(),FUNCTION
,writeDelayAndInc(),FUNCTION
,readDelay(),FUNCTION
,readDelayAt(),FUNCTION
,processAudio(),FUNCTION
,setSampleRate(),FUNCTION
,calcCompressorGain(),FUNCTION
,getCompGain(),FUNCTION
,resize(),FUNCTION
,filter(),FUNCTION
,calc_filter_coeffs(),FUNCTION
,FFTReal_is_pow2(),FUNCTION
,FFTReal_get_next_pow2(),FUNCTION
,get_length(),FUNCTION
,do_fft(),FUNCTION
,do_ifft(),FUNCTION
,rescale(),FUNCTION
,use_buffer(),FUNCTION
,init_br_lut(),FUNCTION
,init_trigo_lut(),FUNCTION
,init_trigo_osc(),FUNCTION
,get_br_ptr(),FUNCTION
,get_trigo_ptr(),FUNCTION
,get_trigo_level_index(),FUNCTION
,compute_fft_general(),FUNCTION
,compute_direct_pass_1_2(),FUNCTION
,compute_direct_pass_3(),FUNCTION
,compute_direct_pass_n(),FUNCTION
,compute_direct_pass_n_lut(),FUNCTION
,compute_direct_pass_n_osc(),FUNCTION
,compute_ifft_general(),FUNCTION
,compute_inverse_pass_n(),FUNCTION
,compute_inverse_pass_n_lut(),FUNCTION
,compute_inverse_pass_n_osc(),FUNCTION
,compute_inverse_pass_3(),FUNCTION
,compute_inverse_pass_1_2(),FUNCTION
,build_br_lut(),FUNCTION
,build_trigo_lut(),FUNCTION
,build_trigo_osc(),FUNCTION
,process_rec(),FUNCTION
,process_internal(),FUNCTION
,sel_bin(),FUNCTION
,prepare(),FUNCTION
,iterate(),FUNCTION
,setLPF_g(),FUNCTION
,set_step(),FUNCTION
,get_cos(),FUNCTION
,get_sin(),FUNCTION
,clear_buffers(),FUNCTION
,setNumStages(),FUNCTION
,doRage(),FUNCTION
,lagrpol(),FUNCTION
,dLinTerp(),FUNCTION
,normalizeBuffer(),FUNCTION
,setDetectMode(),FUNCTION
,setLogDetect(),FUNCTION
,prepareForPlay(),FUNCTION
,setTCModeAnalog(),FUNCTION
,detect(),FUNCTION
,sampleRateChanged(),FUNCTION
,keyOn(),FUNCTION
,keyOff(),FUNCTION
,setAttackRate(),FUNCTION
,setAttackTarget(),FUNCTION
,setDecayRate(),FUNCTION
,setReleaseRate(),FUNCTION
,setAttackTime(),FUNCTION
,setDecayTime(),FUNCTION
,setReleaseTime(),FUNCTION
,setAllTimes(),FUNCTION
,setValue(),FUNCTION
,setTau(),FUNCTION
,setTime(),FUNCTION
,setT60(),FUNCTION
,setPreset(),FUNCTION
,setStrikePosition(),FUNCTION
,startBowing(),FUNCTION
,stopBowing(),FUNCTION
,pluck(),FUNCTION
,noteOff(),FUNCTION
,tick(),FUNCTION
,controlChange(),FUNCTION
,setCoefficients(),FUNCTION
,setNotch(),FUNCTION
,setEqualGainZeroes(),FUNCTION
,setHarmonics(),FUNCTION
,updateHarmonics(),FUNCTION
,startBlowing(),FUNCTION
,stopBlowing(),FUNCTION
,setVent(),FUNCTION
,setTonehole(),FUNCTION
,setLip(),FUNCTION
,setModDepth(),FUNCTION
,setModFrequency(),FUNCTION
,setMaximumDelay(),FUNCTION
,setDelay(),FUNCTION
,energy(),FUNCTION
,tapOut(),FUNCTION
,tapIn(),FUNCTION
,addTo(),FUNCTION
,loadWaves(),FUNCTION
,setRatio(),FUNCTION
,setGain(),FUNCTION
,openFile(),FUNCTION
,addTime(),FUNCTION
,addPhase(),FUNCTION
,addPhaseOffset(),FUNCTION
,close(),FUNCTION
,isOpen(),FUNCTION
,open(),FUNCTION
,getRawInfo(),FUNCTION
,getWavInfo(),FUNCTION
,getSndInfo(),FUNCTION
,getAifInfo(),FUNCTION
,findNextMatArray(),FUNCTION
,getMatInfo(),FUNCTION
,read(),FUNCTION
,setRawFile(),FUNCTION
,setWavFile(),FUNCTION
,closeWavFile(),FUNCTION
,setSndFile(),FUNCTION
,closeSndFile(),FUNCTION
,setAifFile(),FUNCTION
,closeAifFile(),FUNCTION
,setMatFile(),FUNCTION
,closeMatFile(),FUNCTION
,write(),FUNCTION
,closeFile(),FUNCTION
,normalize(),FUNCTION
,incrementFrame(),FUNCTION
,setJetDelay(),FUNCTION
,setStates(),FUNCTION
,setTargets(),FUNCTION
,setSweepRate(),FUNCTION
,setSweepTime(),FUNCTION
,setEffectMix(),FUNCTION
,setRoomSize(),FUNCTION
,getRoomSize(),FUNCTION
,setDamping(),FUNCTION
,getDamping(),FUNCTION
,setWidth(),FUNCTION
,getWidth(),FUNCTION
,setMode(),FUNCTION
,getMode(),FUNCTION
,update(),FUNCTION
,setStretch(),FUNCTION
,setGrainParameters(),FUNCTION
,setRandomFactor(),FUNCTION
,setVoices(),FUNCTION
,calculateGrain(),FUNCTION
,setBodyFile(),FUNCTION
,setPluckPosition(),FUNCTION
,setLoopGain(),FUNCTION
,setNumerator(),FUNCTION
,setDenominator(),FUNCTION
,setShift(),FUNCTION
,setDetune(),FUNCTION
,setBodySize(),FUNCTION
,clearMesh(),FUNCTION
,setNX(),FUNCTION
,setNY(),FUNCTION
,setDecay(),FUNCTION
,setInputPosition(),FUNCTION
,inputTick(),FUNCTION
,tick0(),FUNCTION
,tick1(),FUNCTION
,setScoreFile(),FUNCTION
,popMessage(),FUNCTION
,pushMessage(),FUNCTION
,startStdInput(),FUNCTION
,stdinHandler(),FUNCTION
,midiHandler(),FUNCTION
,startMidiInput(),FUNCTION
,startSocketInput(),FUNCTION
,socketHandler(),FUNCTION
,rewindTrack(),FUNCTION
,getTickSeconds(),FUNCTION
,getNextEvent(),FUNCTION
,getNextMidiEvent(),FUNCTION
,readVariableLength(),FUNCTION
,setRatioAndRadius(),FUNCTION
,setModeGain(),FUNCTION
,strike(),FUNCTION
,damp(),FUNCTION
,setStickHardness(),FUNCTION
,setRandomGain(),FUNCTION
,setSeed(),FUNCTION
,setPole(),FUNCTION
,setZero(),FUNCTION
,name(),FUNCTION
,voiceGain(),FUNCTION
,noiseGain(),FUNCTION
,formantFrequency(),FUNCTION
,formantRadius(),FUNCTION
,formantGain(),FUNCTION
,setAllpass(),FUNCTION
,setBlockZero(),FUNCTION
,setBlowPosition(),FUNCTION
,setType(),FUNCTION
,setFile(),FUNCTION
,nextMessage(),FUNCTION
,tokenize(),FUNCTION
,parseString(),FUNCTION
,whatsThisType(),FUNCTION
,whatsThisController(),FUNCTION
,getRelativePosition(),FUNCTION
,getVelocity(),FUNCTION
,isInside(),FUNCTION
,addVelocity(),FUNCTION
,setPickupPosition(),FUNCTION
,setBaseLoopGain(),FUNCTION
,addSampleRateAlert(),FUNCTION
,removeSampleRateAlert(),FUNCTION
,setRawwavePath(),FUNCTION
,swap16(),FUNCTION
,swap32(),FUNCTION
,swap64(),FUNCTION
,sleep(),FUNCTION
,handleError(),FUNCTION
,getChannel(),FUNCTION
,setChannel(),FUNCTION
,interpolate(),FUNCTION
,setLowestFrequency(),FUNCTION
,setPhoneme(),FUNCTION
,setFilterSweepRate(),FUNCTION
,quiet(),FUNCTION
,addInstrument(),FUNCTION
,removeInstrument(),FUNCTION
,pitchBend(),FUNCTION
,silence(),FUNCTION
,asInt(),FUNCTION
,showWarnings(),FUNCTION
,printMessage(),FUNCTION
,getType(),FUNCTION
,getMessageCString(),FUNCTION
,sampleRate(),FUNCTION
,ignoreSampleRateChange(),FUNCTION
,clear_alertList(),FUNCTION
,inRange(),FUNCTION
,printErrors(),FUNCTION
,setDataRate(),FUNCTION
,growl_create(),FUNCTION
,growl_init(),FUNCTION
,growl_compute(),FUNCTION
,growl_destroy(),FUNCTION
,sp_vocwrapper_create(),FUNCTION
,sp_vocwrapper_destroy(),FUNCTION
,sp_vocwrapper_init(),FUNCTION
,sp_vocwrapper_compute(),FUNCTION
,drwav__guid_equal(),FUNCTION
,drwav__fourcc_equal(),FUNCTION
,drwav__is_little_endian(),FUNCTION
,drwav__bytes_to_u16(),FUNCTION
,drwav__bytes_to_s16(),FUNCTION
,drwav__bytes_to_u32(),FUNCTION
,drwav__bytes_to_u64(),FUNCTION
,drwav__bytes_to_guid(),FUNCTION
,drwav__is_compressed_format_tag(),FUNCTION
,drwav__read_chunk_header(),FUNCTION
,drwav__seek_forward(),FUNCTION
,drwav__read_fmt(),FUNCTION
,drwav__on_read_stdio(),FUNCTION
,drwav__on_write_stdio(),FUNCTION
,drwav__on_seek_stdio(),FUNCTION
,drwav_init_file(),FUNCTION
,drwav_init_file_write(),FUNCTION
,drwav_open_file(),FUNCTION
,drwav_open_file_write(),FUNCTION
,drwav__on_read_memory(),FUNCTION
,drwav__on_seek_memory(),FUNCTION
,drwav__on_write_memory(),FUNCTION
,drwav__on_seek_memory_write(),FUNCTION
,drwav_init_memory(),FUNCTION
,drwav_init_memory_write(),FUNCTION
,drwav_open_memory(),FUNCTION
,drwav_open_memory_write(),FUNCTION
,drwav_init(),FUNCTION
,drwav_init_write(),FUNCTION
,drwav_uninit(),FUNCTION
,drwav_open(),FUNCTION
,drwav_open_write(),FUNCTION
,drwav_close(),FUNCTION
,drwav_read_raw(),FUNCTION
,drwav_read(),FUNCTION
,drwav_seek_to_first_sample(),FUNCTION
,drwav_seek_to_sample(),FUNCTION
,drwav_write_raw(),FUNCTION
,drwav_write(),FUNCTION
,drwav__alaw_to_s16(),FUNCTION
,drwav__mulaw_to_s16(),FUNCTION
,drwav__pcm_to_s16(),FUNCTION
,drwav__ieee_to_s16(),FUNCTION
,drwav_read_s16__pcm(),FUNCTION
,drwav_read_s16__msadpcm(),FUNCTION
,drwav_read_s16__ima(),FUNCTION
,drwav_read_s16__ieee(),FUNCTION
,drwav_read_s16__alaw(),FUNCTION
,drwav_read_s16__mulaw(),FUNCTION
,drwav_read_s16(),FUNCTION
,drwav_u8_to_s16(),FUNCTION
,drwav_s24_to_s16(),FUNCTION
,drwav_s32_to_s16(),FUNCTION
,drwav_f32_to_s16(),FUNCTION
,drwav_f64_to_s16(),FUNCTION
,drwav_alaw_to_s16(),FUNCTION
,drwav_mulaw_to_s16(),FUNCTION
,drwav__pcm_to_f32(),FUNCTION
,drwav__ieee_to_f32(),FUNCTION
,drwav_read_f32__pcm(),FUNCTION
,drwav_read_f32__msadpcm(),FUNCTION
,drwav_read_f32__ima(),FUNCTION
,drwav_read_f32__ieee(),FUNCTION
,drwav_read_f32__alaw(),FUNCTION
,drwav_read_f32__mulaw(),FUNCTION
,drwav_read_f32(),FUNCTION
,drwav_u8_to_f32(),FUNCTION
,drwav_s16_to_f32(),FUNCTION
,drwav_s24_to_f32(),FUNCTION
,drwav_s32_to_f32(),FUNCTION
,drwav_f64_to_f32(),FUNCTION
,drwav_alaw_to_f32(),FUNCTION
,drwav_mulaw_to_f32(),FUNCTION
,drwav__pcm_to_s32(),FUNCTION
,drwav__ieee_to_s32(),FUNCTION
,drwav_read_s32__pcm(),FUNCTION
,drwav_read_s32__msadpcm(),FUNCTION
,drwav_read_s32__ima(),FUNCTION
,drwav_read_s32__ieee(),FUNCTION
,drwav_read_s32__alaw(),FUNCTION
,drwav_read_s32__mulaw(),FUNCTION
,drwav_read_s32(),FUNCTION
,drwav_u8_to_s32(),FUNCTION
,drwav_s16_to_s32(),FUNCTION
,drwav_s24_to_s32(),FUNCTION
,drwav_f32_to_s32(),FUNCTION
,drwav_f64_to_s32(),FUNCTION
,drwav_alaw_to_s32(),FUNCTION
,drwav_mulaw_to_s32(),FUNCTION
,drwav__read_and_close_s16(),FUNCTION
,drwav__read_and_close_f32(),FUNCTION
,drwav__read_and_close_s32(),FUNCTION
,drwav_open_and_read_s16(),FUNCTION
,drwav_open_and_read_f32(),FUNCTION
,drwav_open_and_read_s32(),FUNCTION
,drwav_open_and_read_file_s16(),FUNCTION
,drwav_open_and_read_file_f32(),FUNCTION
,drwav_open_and_read_file_s32(),FUNCTION
,drwav_open_and_read_memory_s16(),FUNCTION
,drwav_open_and_read_memory_f32(),FUNCTION
,drwav_open_and_read_memory_s32(),FUNCTION
,drwav_free(),FUNCTION
,fftCosInit(),FUNCTION
,fftBRInit(),FUNCTION
,bitrevR2(),FUNCTION
,fft2pt(),FUNCTION
,fft4pt(),FUNCTION
,fft8pt(),FUNCTION
,bfR2(),FUNCTION
,bfR4(),FUNCTION
,bfstages(),FUNCTION
,fftrecurs(),FUNCTION
,ffts1(),FUNCTION
,scbitrevR2(),FUNCTION
,ibfR2(),FUNCTION
,ibfR4(),FUNCTION
,ibfstages(),FUNCTION
,ifftrecurs(),FUNCTION
,rfft1pt(),FUNCTION
,rfft2pt(),FUNCTION
,rfft4pt(),FUNCTION
,rfft8pt(),FUNCTION
,frstage(),FUNCTION
,rffts1(),FUNCTION
,rifft1pt(),FUNCTION
,rifft2pt(),FUNCTION
,rifft4pt(),FUNCTION
,rifft8pt(),FUNCTION
,ifrstage(),FUNCTION
,riffts1(),FUNCTION
,sp_fft_init(),FUNCTION
,sp_fftr(),FUNCTION
,sp_fft_cpx(),FUNCTION
,sp_ifftr(),FUNCTION
,sp_fft_destroy(),FUNCTION
,rstrip(),FUNCTION
,lskip(),FUNCTION
,find_char_or_comment(),FUNCTION
,strncpy0(),FUNCTION
,ini_parse_file(),FUNCTION
,ini_parse(),FUNCTION
,kf_bfly2(),FUNCTION
,kf_bfly4(),FUNCTION
,kf_bfly3(),FUNCTION
,kf_bfly5(),FUNCTION
,kf_bfly_generic(),FUNCTION
,kf_work(),FUNCTION
,kf_factor(),FUNCTION
,kiss_fft_alloc(),FUNCTION
,kiss_fft_stride(),FUNCTION
,kiss_fft(),FUNCTION
,kiss_fft_cleanup(),FUNCTION
,kiss_fft_next_fast_size(),FUNCTION
,kiss_fftr_alloc(),FUNCTION
,kiss_fftr(),FUNCTION
,kiss_fftri(),FUNCTION
,sp_adsr_create(),FUNCTION
,sp_adsr_destroy(),FUNCTION
,sp_adsr_init(),FUNCTION
,tau2pole(),FUNCTION
,adsr_filter(),FUNCTION
,sp_adsr_compute(),FUNCTION
,sp_allpass_create(),FUNCTION
,sp_allpass_destroy(),FUNCTION
,sp_allpass_init(),FUNCTION
,sp_allpass_compute(),FUNCTION
,sp_atone_create(),FUNCTION
,sp_atone_destroy(),FUNCTION
,sp_atone_init(),FUNCTION
,sp_atone_compute(),FUNCTION
,faustpower2_f(),FUNCTION
,newautowah(),FUNCTION
,deleteautowah(),FUNCTION
,instanceInitautowah(),FUNCTION
,initautowah(),FUNCTION
,buildUserInterfaceautowah(),FUNCTION
,computeautowah(),FUNCTION
,addVerticalSlider(),FUNCTION
,sp_autowah_create(),FUNCTION
,sp_autowah_destroy(),FUNCTION
,sp_autowah_init(),FUNCTION
,sp_autowah_compute(),FUNCTION
,sp_bal_create(),FUNCTION
,sp_bal_destroy(),FUNCTION
,sp_bal_init(),FUNCTION
,sp_bal_compute(),FUNCTION
,sp_bar_create(),FUNCTION
,sp_bar_destroy(),FUNCTION
,sp_bar_init(),FUNCTION
,sp_bar_compute(),FUNCTION
,sp_create(),FUNCTION
,sp_createn(),FUNCTION
,sp_destroy(),FUNCTION
,sp_process(),FUNCTION
,sp_process_raw(),FUNCTION
,sp_process_plot(),FUNCTION
,sp_auxdata_alloc(),FUNCTION
,sp_auxdata_free(),FUNCTION
,sp_midi2cps(),FUNCTION
,sp_set(),FUNCTION
,sp_out(),FUNCTION
,sp_rand(),FUNCTION
,sp_srand(),FUNCTION
,sp_biquad_create(),FUNCTION
,sp_biquad_destroy(),FUNCTION
,sp_biquad_init(),FUNCTION
,sp_biquad_compute(),FUNCTION
,sp_biscale_create(),FUNCTION
,sp_biscale_destroy(),FUNCTION
,sp_biscale_init(),FUNCTION
,sp_biscale_compute(),FUNCTION
,sp_bitcrush_create(),FUNCTION
,sp_bitcrush_destroy(),FUNCTION
,sp_bitcrush_init(),FUNCTION
,sp_bitcrush_compute(),FUNCTION
,newblsaw(),FUNCTION
,deleteblsaw(),FUNCTION
,instanceInitblsaw(),FUNCTION
,initblsaw(),FUNCTION
,buildUserInterfaceblsaw(),FUNCTION
,computeblsaw(),FUNCTION
,addHorizontalSlider(),FUNCTION
,sp_blsaw_create(),FUNCTION
,sp_blsaw_destroy(),FUNCTION
,sp_blsaw_init(),FUNCTION
,sp_blsaw_compute(),FUNCTION
,newblsquare(),FUNCTION
,deleteblsquare(),FUNCTION
,instanceInitblsquare(),FUNCTION
,initblsquare(),FUNCTION
,buildUserInterfaceblsquare(),FUNCTION
,computeblsquare(),FUNCTION
,sp_blsquare_create(),FUNCTION
,sp_blsquare_destroy(),FUNCTION
,sp_blsquare_init(),FUNCTION
,sp_blsquare_compute(),FUNCTION
,newbltriangle(),FUNCTION
,deletebltriangle(),FUNCTION
,instanceInitbltriangle(),FUNCTION
,initbltriangle(),FUNCTION
,buildUserInterfacebltriangle(),FUNCTION
,computebltriangle(),FUNCTION
,sp_bltriangle_create(),FUNCTION
,sp_bltriangle_destroy(),FUNCTION
,sp_bltriangle_init(),FUNCTION
,sp_bltriangle_compute(),FUNCTION
,sp_brown_create(),FUNCTION
,sp_brown_destroy(),FUNCTION
,sp_brown_init(),FUNCTION
,sp_brown_compute(),FUNCTION
,sp_butbp_create(),FUNCTION
,sp_butbp_destroy(),FUNCTION
,sp_butbp_init(),FUNCTION
,sp_butbp_compute(),FUNCTION
,sp_butbr_create(),FUNCTION
,sp_butbr_destroy(),FUNCTION
,sp_butbr_init(),FUNCTION
,sp_butbr_compute(),FUNCTION
,sp_butter_filter(),FUNCTION
,sp_buthp_create(),FUNCTION
,sp_buthp_destroy(),FUNCTION
,sp_buthp_init(),FUNCTION
,sp_buthp_compute(),FUNCTION
,sp_butlp_create(),FUNCTION
,sp_butlp_destroy(),FUNCTION
,sp_butlp_init(),FUNCTION
,sp_butlp_compute(),FUNCTION
,sp_clamp_create(),FUNCTION
,sp_clamp_destroy(),FUNCTION
,sp_clamp_init(),FUNCTION
,sp_clamp_compute(),FUNCTION
,sp_clip_create(),FUNCTION
,sp_clip_destroy(),FUNCTION
,sp_clip_init(),FUNCTION
,sp_clip_compute(),FUNCTION
,sp_clock_create(),FUNCTION
,sp_clock_destroy(),FUNCTION
,sp_clock_init(),FUNCTION
,sp_clock_compute(),FUNCTION
,sp_comb_create(),FUNCTION
,sp_comb_destroy(),FUNCTION
,sp_comb_init(),FUNCTION
,sp_comb_compute(),FUNCTION
,newcompressor(),FUNCTION
,deletecompressor(),FUNCTION
,instanceInitcompressor(),FUNCTION
,initcompressor(),FUNCTION
,buildUserInterfacecompressor(),FUNCTION
,computecompressor(),FUNCTION
,sp_compressor_create(),FUNCTION
,sp_compressor_destroy(),FUNCTION
,sp_compressor_init(),FUNCTION
,sp_compressor_compute(),FUNCTION
,multiply_fft_buffers(),FUNCTION
,buf_bytes_alloc(),FUNCTION
,set_buf_pointers(),FUNCTION
,sp_conv_create(),FUNCTION
,sp_conv_destroy(),FUNCTION
,sp_conv_init(),FUNCTION
,sp_conv_compute(),FUNCTION
,sp_count_create(),FUNCTION
,sp_count_destroy(),FUNCTION
,sp_count_init(),FUNCTION
,sp_count_compute(),FUNCTION
,sp_crossfade_create(),FUNCTION
,sp_crossfade_destroy(),FUNCTION
,sp_crossfade_init(),FUNCTION
,sp_crossfade_compute(),FUNCTION
,sp_dcblock_create(),FUNCTION
,sp_dcblock_destroy(),FUNCTION
,sp_dcblock_init(),FUNCTION
,sp_dcblock_compute(),FUNCTION
,sp_delay_create(),FUNCTION
,sp_delay_destroy(),FUNCTION
,sp_delay_init(),FUNCTION
,sp_delay_compute(),FUNCTION
,sp_diode_create(),FUNCTION
,sp_diode_destroy(),FUNCTION
,sp_diode_opva_fdbk_out(),FUNCTION
,sp_diode_opva_compute(),FUNCTION
,sp_diode_update(),FUNCTION
,sp_diode_init(),FUNCTION
,sp_diode_compute(),FUNCTION
,sp_dist_create(),FUNCTION
,sp_dist_destroy(),FUNCTION
,sp_dist_init(),FUNCTION
,sp_dist_compute(),FUNCTION
,sp_dmetro_create(),FUNCTION
,sp_dmetro_destroy(),FUNCTION
,sp_dmetro_init(),FUNCTION
,sp_dmetro_compute(),FUNCTION
,my_random(),FUNCTION
,noise_tick(),FUNCTION
,sp_drip_create(),FUNCTION
,sp_drip_destroy(),FUNCTION
,sp_drip_init(),FUNCTION
,sp_drip_compute(),FUNCTION
,sp_dtrig_create(),FUNCTION
,sp_dtrig_destroy(),FUNCTION
,sp_dtrig_init(),FUNCTION
,sp_dtrig_compute(),FUNCTION
,sp_dust_create(),FUNCTION
,sp_dust_destroy(),FUNCTION
,sp_dust_init(),FUNCTION
,sp_dust_compute(),FUNCTION
,sp_eqfil_create(),FUNCTION
,sp_eqfil_destroy(),FUNCTION
,sp_eqfil_init(),FUNCTION
,sp_eqfil_compute(),FUNCTION
,sp_expon_create(),FUNCTION
,sp_expon_destroy(),FUNCTION
,expon_reinit(),FUNCTION
,sp_expon_init(),FUNCTION
,sp_expon_compute(),FUNCTION
,FFTwrapper_create(),FUNCTION
,FFTwrapper_destroy(),FUNCTION
,smps2freqs(),FUNCTION
,freqs2smps(),FUNCTION
,newFFTFREQS(),FUNCTION
,deleteFFTFREQS(),FUNCTION
,intpow1(),FUNCTION
,intpow(),FUNCTION
,newpulse(),FUNCTION
,sp_fof_create(),FUNCTION
,sp_fof_destroy(),FUNCTION
,sp_fof_init(),FUNCTION
,sp_fof_compute(),FUNCTION
,sp_fofilt_create(),FUNCTION
,sp_fofilt_destroy(),FUNCTION
,sp_fofilt_init(),FUNCTION
,sp_fofilt_compute(),FUNCTION
,sp_fog_create(),FUNCTION
,sp_fog_destroy(),FUNCTION
,sp_fog_init(),FUNCTION
,sp_fog_compute(),FUNCTION
,sp_fold_create(),FUNCTION
,sp_fold_destroy(),FUNCTION
,sp_fold_init(),FUNCTION
,sp_fold_compute(),FUNCTION
,sp_foo_create(),FUNCTION
,sp_foo_destroy(),FUNCTION
,sp_foo_init(),FUNCTION
,sp_foo_compute(),FUNCTION
,sp_fosc_create(),FUNCTION
,sp_fosc_destroy(),FUNCTION
,sp_fosc_init(),FUNCTION
,sp_fosc_compute(),FUNCTION
,sp_ftbl_init(),FUNCTION
,sp_ftbl_create(),FUNCTION
,sp_ftbl_bind(),FUNCTION
,sp_ftbl_destroy(),FUNCTION
,sp_gen_vals(),FUNCTION
,sp_gen_sine(),FUNCTION
,sp_gen_file(),FUNCTION
,sp_ftbl_loadfile(),FUNCTION
,sp_gen_sinesum(),FUNCTION
,sp_gen_line(),FUNCTION
,sp_gen_xline(),FUNCTION
,gaussrand(),FUNCTION
,sp_gen_gauss(),FUNCTION
,sp_gen_composite(),FUNCTION
,sp_gen_rand(),FUNCTION
,sp_gen_triangle(),FUNCTION
,sp_gbuzz_create(),FUNCTION
,sp_gbuzz_destroy(),FUNCTION
,sp_gbuzz_init(),FUNCTION
,sp_gbuzz_compute(),FUNCTION
,sp_hilbert_create(),FUNCTION
,sp_hilbert_destroy(),FUNCTION
,sp_hilbert_init(),FUNCTION
,sp_hilbert_compute(),FUNCTION
,sp_in_create(),FUNCTION
,sp_in_destroy(),FUNCTION
,sp_in_init(),FUNCTION
,sp_in_compute(),FUNCTION
,sp_incr_create(),FUNCTION
,sp_incr_destroy(),FUNCTION
,sp_incr_init(),FUNCTION
,sp_incr_compute(),FUNCTION
,newjcrev(),FUNCTION
,deletejcrev(),FUNCTION
,instanceInitjcrev(),FUNCTION
,initjcrev(),FUNCTION
,computejcrev(),FUNCTION
,sp_jcrev_create(),FUNCTION
,sp_jcrev_destroy(),FUNCTION
,sp_jcrev_init(),FUNCTION
,sp_jcrev_compute(),FUNCTION
,sp_jitter_randgab(),FUNCTION
,sp_jitter_birandgab(),FUNCTION
,sp_jitter_create(),FUNCTION
,sp_jitter_destroy(),FUNCTION
,sp_jitter_init(),FUNCTION
,sp_jitter_compute(),FUNCTION
,sp_line_create(),FUNCTION
,sp_line_destroy(),FUNCTION
,line_reinit(),FUNCTION
,sp_line_init(),FUNCTION
,sp_line_compute(),FUNCTION
,sp_lpf18_create(),FUNCTION
,sp_lpf18_destroy(),FUNCTION
,sp_lpf18_init(),FUNCTION
,sp_lpf18_compute(),FUNCTION
,sp_maygate_create(),FUNCTION
,sp_maygate_destroy(),FUNCTION
,sp_maygate_init(),FUNCTION
,sp_maygate_compute(),FUNCTION
,sp_metro_create(),FUNCTION
,sp_metro_destroy(),FUNCTION
,sp_metro_init(),FUNCTION
,sp_metro_compute(),FUNCTION
,sp_mincer_create(),FUNCTION
,sp_mincer_destroy(),FUNCTION
,find_power(),FUNCTION
,sp_mincer_init(),FUNCTION
,sp_mincer_compute(),FUNCTION
,sp_mode_create(),FUNCTION
,sp_mode_destroy(),FUNCTION
,sp_mode_init(),FUNCTION
,sp_mode_compute(),FUNCTION
,my_tanh(),FUNCTION
,sp_moogladder_create(),FUNCTION
,sp_moogladder_destroy(),FUNCTION
,sp_moogladder_init(),FUNCTION
,sp_moogladder_compute(),FUNCTION
,sp_noise_create(),FUNCTION
,sp_noise_init(),FUNCTION
,sp_noise_compute(),FUNCTION
,sp_noise_destroy(),FUNCTION
,nano_dict_add(),FUNCTION
,nano_ini_handler(),FUNCTION
,nano_create(),FUNCTION
,nano_select_from_index(),FUNCTION
,nano_keyword_to_index(),FUNCTION
,nano_select(),FUNCTION
,nano_compute(),FUNCTION
,nano_dict_destroy(),FUNCTION
,nano_destroy(),FUNCTION
,nano_create_index(),FUNCTION
,nano_destroy_index(),FUNCTION
,sp_nsmp_create(),FUNCTION
,sp_nsmp_destroy(),FUNCTION
,sp_nsmp_init(),FUNCTION
,sp_nsmp_compute(),FUNCTION
,sp_nsmp_print_index(),FUNCTION
,sp_osc_create(),FUNCTION
,sp_osc_destroy(),FUNCTION
,sp_osc_init(),FUNCTION
,sp_osc_compute(),FUNCTION
,sp_oscmorph_create(),FUNCTION
,sp_oscmorph_destroy(),FUNCTION
,sp_oscmorph_init(),FUNCTION
,sp_oscmorph_compute(),FUNCTION
,sp_gen_padsynth(),FUNCTION
,sp_padsynth_profile(),FUNCTION
,sp_padsynth_ifft(),FUNCTION
,sp_padsynth_normalize(),FUNCTION
,sp_pan2_create(),FUNCTION
,sp_pan2_destroy(),FUNCTION
,sp_pan2_init(),FUNCTION
,sp_pan2_compute(),FUNCTION
,sp_panst_create(),FUNCTION
,sp_panst_destroy(),FUNCTION
,sp_panst_init(),FUNCTION
,sp_panst_compute(),FUNCTION
,sp_pareq_create(),FUNCTION
,sp_pareq_destroy(),FUNCTION
,sp_pareq_init(),FUNCTION
,sp_pareq_compute(),FUNCTION
,compute_block(),FUNCTION
,sp_paulstretch_create(),FUNCTION
,sp_paulstretch_destroy(),FUNCTION
,sp_paulstretch_init(),FUNCTION
,sp_paulstretch_compute(),FUNCTION
,sp_pdhalf_create(),FUNCTION
,sp_pdhalf_destroy(),FUNCTION
,sp_pdhalf_init(),FUNCTION
,sp_pdhalf_compute(),FUNCTION
,sp_peaklim_create(),FUNCTION
,sp_peaklim_destroy(),FUNCTION
,sp_peaklim_init(),FUNCTION
,sp_peaklim_compute(),FUNCTION
,faustpower3_f(),FUNCTION
,faustpower4_f(),FUNCTION
,newphaser(),FUNCTION
,deletephaser(),FUNCTION
,instanceInitphaser(),FUNCTION
,initphaser(),FUNCTION
,buildUserInterfacephaser(),FUNCTION
,computephaser(),FUNCTION
,addCheckButton(),FUNCTION
,sp_phaser_create(),FUNCTION
,sp_phaser_destroy(),FUNCTION
,sp_phaser_init(),FUNCTION
,sp_phaser_compute(),FUNCTION
,sp_phasor_create(),FUNCTION
,sp_phasor_destroy(),FUNCTION
,sp_phasor_init(),FUNCTION
,sp_phasor_compute(),FUNCTION
,sp_pinknoise_create(),FUNCTION
,sp_pinknoise_destroy(),FUNCTION
,sp_pinknoise_init(),FUNCTION
,sp_pinknoise_compute(),FUNCTION
,sp_pitchamdf_create(),FUNCTION
,sp_pitchamdf_destroy(),FUNCTION
,sp_pitchamdf_init(),FUNCTION
,medianvalue(),FUNCTION
,sp_pitchamdf_compute(),FUNCTION
,sp_pluck_create(),FUNCTION
,sp_pluck_destroy(),FUNCTION
,sp_pluck_reinit(),FUNCTION
,sp_pluck_init(),FUNCTION
,sp_pluck_compute(),FUNCTION
,sp_port_create(),FUNCTION
,sp_port_destroy(),FUNCTION
,sp_port_init(),FUNCTION
,sp_port_compute(),FUNCTION
,sp_port_reset(),FUNCTION
,sp_posc3_create(),FUNCTION
,sp_posc3_destroy(),FUNCTION
,sp_posc3_init(),FUNCTION
,sp_posc3_compute(),FUNCTION
,sp_progress_create(),FUNCTION
,sp_progress_destroy(),FUNCTION
,sp_progress_init(),FUNCTION
,sp_progress_compute(),FUNCTION
,sp_prop_create(),FUNCTION
,sp_prop_destroy(),FUNCTION
,sp_prop_init(),FUNCTION
,sp_prop_compute(),FUNCTION
,stack_push(),FUNCTION
,stack_init(),FUNCTION
,stack_pop(),FUNCTION
,mode_insert_event(),FUNCTION
,mode_setdiv(),FUNCTION
,mode_setmul(),FUNCTION
,mode_unsetmul(),FUNCTION
,mode_setcons(),FUNCTION
,mode_unsetcons(),FUNCTION
,prop_create(),FUNCTION
,prop_parse(),FUNCTION
,prop_list_iterate(),FUNCTION
,back_to_top(),FUNCTION
,prop_next(),FUNCTION
,prop_time(),FUNCTION
,prop_destroy(),FUNCTION
,prop_list_init(),FUNCTION
,prop_list_append(),FUNCTION
,prop_slice_free(),FUNCTION
,prop_val_free(),FUNCTION
,prop_list_destroy(),FUNCTION
,prop_list_reset(),FUNCTION
,mode_insert_slice(),FUNCTION
,prop_slice_encap(),FUNCTION
,prop_slice_append(),FUNCTION
,prop_list_copy(),FUNCTION
,mode_list_start(),FUNCTION
,mode_list_end(),FUNCTION
,sp_prop_reset(),FUNCTION
,newpshift(),FUNCTION
,deletepshift(),FUNCTION
,instanceInitpshift(),FUNCTION
,initpshift(),FUNCTION
,buildUserInterfacepshift(),FUNCTION
,computepshift(),FUNCTION
,sp_pshift_create(),FUNCTION
,sp_pshift_destroy(),FUNCTION
,sp_pshift_init(),FUNCTION
,sp_pshift_compute(),FUNCTION
,sp_ptrack_create(),FUNCTION
,sp_ptrack_destroy(),FUNCTION
,sp_ptrack_init(),FUNCTION
,ptrack(),FUNCTION
,sp_ptrack_compute(),FUNCTION
,sp_randh_create(),FUNCTION
,sp_randh_destroy(),FUNCTION
,sp_randh_init(),FUNCTION
,sp_randh_compute(),FUNCTION
,sp_randi_create(),FUNCTION
,sp_randi_destroy(),FUNCTION
,sp_randi_init(),FUNCTION
,sp_randi_compute(),FUNCTION
,MT_update_state(),FUNCTION
,sp_randmt_compute(),FUNCTION
,sp_randmt_seed(),FUNCTION
,sp_random_create(),FUNCTION
,sp_random_destroy(),FUNCTION
,sp_random_init(),FUNCTION
,sp_random_compute(),FUNCTION
,sp_reson_create(),FUNCTION
,sp_reson_destroy(),FUNCTION
,sp_reson_init(),FUNCTION
,sp_reson_compute(),FUNCTION
,sp_reverse_create(),FUNCTION
,sp_reverse_destroy(),FUNCTION
,sp_reverse_init(),FUNCTION
,sp_reverse_compute(),FUNCTION
,sp_revsc_create(),FUNCTION
,sp_revsc_init(),FUNCTION
,sp_revsc_destroy(),FUNCTION
,delay_line_max_samples(),FUNCTION
,delay_line_bytes_alloc(),FUNCTION
,next_random_lineseg(),FUNCTION
,init_delay_line(),FUNCTION
,sp_revsc_compute(),FUNCTION
,sp_rms_create(),FUNCTION
,sp_rms_destroy(),FUNCTION
,sp_rms_init(),FUNCTION
,sp_rms_compute(),FUNCTION
,sp_rpt_create(),FUNCTION
,sp_rpt_destroy(),FUNCTION
,sp_rpt_init(),FUNCTION
,sp_rpt_compute(),FUNCTION
,sp_rpt_set(),FUNCTION
,sp_rspline_create(),FUNCTION
,sp_rspline_destroy(),FUNCTION
,sp_rspline_init(),FUNCTION
,sp_rspline_compute(),FUNCTION
,sp_samphold_create(),FUNCTION
,sp_samphold_destroy(),FUNCTION
,sp_samphold_init(),FUNCTION
,sp_samphold_compute(),FUNCTION
,bilinear_transform(),FUNCTION
,sp_saturator_create(),FUNCTION
,sp_saturator_destroy(),FUNCTION
,sp_saturator_init(),FUNCTION
,quad_compute(),FUNCTION
,sp_saturator_compute(),FUNCTION
,sp_scale_create(),FUNCTION
,sp_scale_destroy(),FUNCTION
,sp_scale_init(),FUNCTION
,sp_scale_compute(),FUNCTION
,sp_gen_scrambler(),FUNCTION
,sp_sdelay_create(),FUNCTION
,sp_sdelay_destroy(),FUNCTION
,sp_sdelay_init(),FUNCTION
,sp_sdelay_compute(),FUNCTION
,sp_slice_create(),FUNCTION
,sp_slice_destroy(),FUNCTION
,sp_slice_init(),FUNCTION
,sp_slice_compute(),FUNCTION
,sp_smoothdelay_create(),FUNCTION
,sp_smoothdelay_destroy(),FUNCTION
,sp_smoothdelay_init(),FUNCTION
,delay_sig(),FUNCTION
,sp_smoothdelay_compute(),FUNCTION
,sp_sndwarp_create(),FUNCTION
,sp_sndwarp_destroy(),FUNCTION
,sp_sndwarp_init(),FUNCTION
,sp_sndwarp_compute(),FUNCTION
,sp_streson_create(),FUNCTION
,sp_streson_destroy(),FUNCTION
,sp_streson_init(),FUNCTION
,sp_streson_compute(),FUNCTION
,sp_switch_create(),FUNCTION
,sp_switch_destroy(),FUNCTION
,sp_switch_init(),FUNCTION
,sp_switch_compute(),FUNCTION
,sp_tabread_create(),FUNCTION
,sp_tabread_destroy(),FUNCTION
,sp_tabread_init(),FUNCTION
,sp_tabread_compute(),FUNCTION
,make_Envelope(),FUNCTION
,make_ADSR(),FUNCTION
,ADSR_keyOn(),FUNCTION
,ADSR_keyOff(),FUNCTION
,ADSR_setSustainLevel(),FUNCTION
,ADSR_setAttackTime(),FUNCTION
,ADSR_setDecayTime(),FUNCTION
,ADSR_setReleaseTime(),FUNCTION
,ADSR_setAllTimes(),FUNCTION
,ADSR_tick(),FUNCTION
,sp_tadsr_create(),FUNCTION
,sp_tadsr_destroy(),FUNCTION
,sp_tadsr_init(),FUNCTION
,sp_tadsr_compute(),FUNCTION
,lpc_durbin(),FUNCTION
,lpc(),FUNCTION
,sp_talkbox_create(),FUNCTION
,sp_talkbox_destroy(),FUNCTION
,sp_talkbox_init(),FUNCTION
,sp_talkbox_compute(),FUNCTION
,sp_tblrec_create(),FUNCTION
,sp_tblrec_destroy(),FUNCTION
,sp_tblrec_init(),FUNCTION
,sp_tblrec_compute(),FUNCTION
,sp_tbvcf_create(),FUNCTION
,sp_tbvcf_destroy(),FUNCTION
,sp_tbvcf_init(),FUNCTION
,sp_tbvcf_compute(),FUNCTION
,sp_tdiv_create(),FUNCTION
,sp_tdiv_destroy(),FUNCTION
,sp_tdiv_init(),FUNCTION
,sp_tdiv_compute(),FUNCTION
,sp_tenv_create(),FUNCTION
,sp_tenv_destroy(),FUNCTION
,sp_tenv_reinit(),FUNCTION
,sp_tenv_comp(),FUNCTION
,sp_tenv_init(),FUNCTION
,sp_tenv_compute(),FUNCTION
,sp_tenv2_create(),FUNCTION
,sp_tenv2_destroy(),FUNCTION
,sp_tenv2_init(),FUNCTION
,sp_tenv2_compute(),FUNCTION
,sp_tenvx_create(),FUNCTION
,sp_tenvx_destroy(),FUNCTION
,sp_tenvx_init(),FUNCTION
,sp_tenvx_compute(),FUNCTION
,sp_tevent_create(),FUNCTION
,sp_tevent_destroy(),FUNCTION
,sp_tevent_init(),FUNCTION
,sp_tevent_compute(),FUNCTION
,sp_tgate_create(),FUNCTION
,sp_tgate_destroy(),FUNCTION
,sp_tgate_init(),FUNCTION
,sp_tgate_compute(),FUNCTION
,sp_thresh_create(),FUNCTION
,sp_thresh_destroy(),FUNCTION
,sp_thresh_init(),FUNCTION
,sp_thresh_compute(),FUNCTION
,sp_timer_create(),FUNCTION
,sp_timer_destroy(),FUNCTION
,sp_timer_init(),FUNCTION
,sp_timer_compute(),FUNCTION
,sp_tin_create(),FUNCTION
,sp_tin_destroy(),FUNCTION
,sp_tin_init(),FUNCTION
,sp_tin_compute(),FUNCTION
,sp_tone_create(),FUNCTION
,sp_tone_destroy(),FUNCTION
,sp_tone_init(),FUNCTION
,sp_tone_compute(),FUNCTION
,sp_trand_create(),FUNCTION
,sp_trand_destroy(),FUNCTION
,sp_trand_init(),FUNCTION
,sp_trand_compute(),FUNCTION
,sp_tseg_create(),FUNCTION
,sp_tseg_destroy(),FUNCTION
,sp_tseg_init(),FUNCTION
,sp_tseg_compute(),FUNCTION
,sp_tseq_create(),FUNCTION
,sp_tseq_destroy(),FUNCTION
,sp_tseq_init(),FUNCTION
,sp_tseq_compute(),FUNCTION
,sp_vdelay_create(),FUNCTION
,sp_vdelay_destroy(),FUNCTION
,sp_vdelay_init(),FUNCTION
,sp_vdelay_compute(),FUNCTION
,sp_vdelay_reset(),FUNCTION
,glottis_setup_waveform(),FUNCTION
,glottis_init(),FUNCTION
,glottis_compute(),FUNCTION
,tract_calculate_reflections(),FUNCTION
,tract_calculate_nose_reflections(),FUNCTION
,append_transient(),FUNCTION
,remove_transient(),FUNCTION
,move_towards(),FUNCTION
,tract_reshape(),FUNCTION
,tract_init(),FUNCTION
,tract_compute(),FUNCTION
,sp_voc_create(),FUNCTION
,sp_voc_destroy(),FUNCTION
,sp_voc_init(),FUNCTION
,sp_voc_compute(),FUNCTION
,sp_voc_tract_compute(),FUNCTION
,sp_voc_set_frequency(),FUNCTION
,sp_voc_get_frequency_ptr(),FUNCTION
,sp_voc_get_tract_diameters(),FUNCTION
,sp_voc_get_current_tract_diameters(),FUNCTION
,sp_voc_get_tract_size(),FUNCTION
,sp_voc_get_nose_diameters(),FUNCTION
,sp_voc_get_nose_size(),FUNCTION
,sp_voc_set_diameters(),FUNCTION
,sp_voc_set_tongue_shape(),FUNCTION
,sp_voc_get_counter(),FUNCTION
,sp_voc_set_tenseness(),FUNCTION
,sp_voc_get_tenseness_ptr(),FUNCTION
,sp_voc_set_velum(),FUNCTION
,sp_voc_get_velum_ptr(),FUNCTION
,newvocoder(),FUNCTION
,deletevocoder(),FUNCTION
,instanceInitvocoder(),FUNCTION
,initvocoder(),FUNCTION
,buildUserInterfacevocoder(),FUNCTION
,computevocoder(),FUNCTION
,sp_vocoder_create(),FUNCTION
,sp_vocoder_destroy(),FUNCTION
,sp_vocoder_init(),FUNCTION
,sp_vocoder_compute(),FUNCTION
,sp_waveset_create(),FUNCTION
,sp_waveset_destroy(),FUNCTION
,sp_waveset_init(),FUNCTION
,sp_waveset_compute(),FUNCTION
,sp_wavin_create(),FUNCTION
,sp_wavin_destroy(),FUNCTION
,sp_wavin_init(),FUNCTION
,read_block(),FUNCTION
,sp_wavin_compute(),FUNCTION
,sp_wavin_get_sample(),FUNCTION
,sp_wavin_reset_to_start(),FUNCTION
,sp_wavin_seek(),FUNCTION
,sp_wavout_create(),FUNCTION
,sp_wavout_destroy(),FUNCTION
,sp_wavout_init(),FUNCTION
,sp_wavout_compute(),FUNCTION
,wpk_doFilter(),FUNCTION
,sp_wpkorg35_create(),FUNCTION
,sp_wpkorg35_destroy(),FUNCTION
,sp_wpkorg35_init(),FUNCTION
,sp_wpkorg35_compute(),FUNCTION
,newzitarev(),FUNCTION
,deletezitarev(),FUNCTION
,instanceInitzitarev(),FUNCTION
,initzitarev(),FUNCTION
,buildUserInterfacezitarev(),FUNCTION
,computezitarev(),FUNCTION
,sp_zitarev_create(),FUNCTION
,sp_zitarev_destroy(),FUNCTION
,sp_zitarev_init(),FUNCTION
,sp_zitarev_compute(),FUNCTION
,main(),FUNCTION
,md5_process(),FUNCTION
,md5_init(),FUNCTION
,md5_append(),FUNCTION
,md5_finish(),FUNCTION
,sp_test_create(),FUNCTION
,sp_test_destroy(),FUNCTION
,sp_test_add_sample(),FUNCTION
,sp_test_compare(),FUNCTION
,sp_test_write_raw(),FUNCTION
,sp_test_verify(),FUNCTION
,sp_oscmorph2d_create(),FUNCTION
,sp_oscmorph2d_destroy(),FUNCTION
,sp_oscmorph2d_init(),FUNCTION
,sp_oscmorph2d_compute(),FUNCTION
,plumber_ftmap_init(),FUNCTION
,plumber_ftmap_add(),FUNCTION
,plumber_ftmap_add_userdata(),FUNCTION
,plumber_ftmap_add_function(),FUNCTION
,plumber_ftmap_search(),FUNCTION
,plumber_ftmap_search_userdata(),FUNCTION
,plumber_ftmap_delete(),FUNCTION
,plumber_ftmap_dump(),FUNCTION
,plumber_ftmap_destroy(),FUNCTION
,sporth_register_func(),FUNCTION
,sporth_exec(),FUNCTION
,sporth_check_args(),FUNCTION
,sporth_init(),FUNCTION
,sporth_destroy(),FUNCTION
,sporth_hash(),FUNCTION
,sporth_search(),FUNCTION
,sporth_htable_add(),FUNCTION
,sporth_htable_init(),FUNCTION
,sporth_htable_destroy(),FUNCTION
,sporth_tokenizer(),FUNCTION
,sporth_lexer(),FUNCTION
,sporth_getline(),FUNCTION
,sporth_print(),FUNCTION
,plumber_lexer(),FUNCTION
,plumbing_parse(),FUNCTION
,plumbing_parse_string(),FUNCTION
,plumber_parse(),FUNCTION
,plumber_reparse(),FUNCTION
,plumber_reparse_string(),FUNCTION
,plumber_swap(),FUNCTION
,plumber_recompile(),FUNCTION
,plumber_recompile_string(),FUNCTION
,plumber_recompile_string_v2(),FUNCTION
,plumber_parse_string(),FUNCTION
,plumbing_init(),FUNCTION
,plumber_init(),FUNCTION
,plumbing_compute(),FUNCTION
,plumber_compute(),FUNCTION
,plumber_show_pipes(),FUNCTION
,plumbing_show_pipes(),FUNCTION
,plumbing_write_code(),FUNCTION
,plumber_write_code(),FUNCTION
,plumbing_destroy(),FUNCTION
,plumber_clean(),FUNCTION
,plumbing_add_pipe(),FUNCTION
,plumber_add_float(),FUNCTION
,plumber_add_string(),FUNCTION
,plumber_add_ugen(),FUNCTION
,plumber_reinit(),FUNCTION
,plumber_open_file(),FUNCTION
,plumber_close_file(),FUNCTION
,plumber_error(),FUNCTION
,plumber_search(),FUNCTION
,plumber_add(),FUNCTION
,plumber_register(),FUNCTION
,str2time(),FUNCTION
,sporth_run(),FUNCTION
,plumber_interrupt(),FUNCTION
,plumber_process_null(),FUNCTION
,plumber_get_pipes(),FUNCTION
,plumber_get_userdata(),FUNCTION
,plumber_print(),FUNCTION
,print_guts(),FUNCTION
,sporth_stack_push_float(),FUNCTION
,sporth_stack_push_string(),FUNCTION
,sporth_stack_pop_float(),FUNCTION
,sporth_stack_get_last(),FUNCTION
,sporth_stack_pop_string(),FUNCTION
,sporth_stack_init(),FUNCTION
,sporth_adsr(),FUNCTION
,sporth_allpass(),FUNCTION
,sporth_atone(),FUNCTION
,sporth_autowah(),FUNCTION
,sporth_bal(),FUNCTION
,sproundf(),FUNCTION
,sporth_mix(),FUNCTION
,sporth_drop(),FUNCTION
,sporth_rot(),FUNCTION
,sporth_dup(),FUNCTION
,sporth_dup2(),FUNCTION
,sporth_swap(),FUNCTION
,sporth_sine(),FUNCTION
,sporth_add(),FUNCTION
,sporth_mul(),FUNCTION
,sporth_sub(),FUNCTION
,sporth_divide(),FUNCTION
,sporth_max(),FUNCTION
,sporth_min(),FUNCTION
,sporth_abs(),FUNCTION
,sporth_floor(),FUNCTION
,sporth_frac(),FUNCTION
,sporth_log(),FUNCTION
,sporth_log10(),FUNCTION
,sporth_round(),FUNCTION
,sporth_mtof(),FUNCTION
,sporth_eq(),FUNCTION
,sporth_lt(),FUNCTION
,sporth_gt(),FUNCTION
,sporth_ne(),FUNCTION
,sporth_branch(),FUNCTION
,sporth_pos(),FUNCTION
,sporth_dur(),FUNCTION
,sporth_durs(),FUNCTION
,sporth_setdurs(),FUNCTION
,sporth_ampdb(),FUNCTION
,sporth_sr(),FUNCTION
,sporth_limit(),FUNCTION
,sporth_inv(),FUNCTION
,sporth_sqrt(),FUNCTION
,sporth_biscale(),FUNCTION
,sporth_bitcrush(),FUNCTION
,sporth_and(),FUNCTION
,sporth_or(),FUNCTION
,sporth_leftshift(),FUNCTION
,sporth_rightshift(),FUNCTION
,sporth_xor(),FUNCTION
,sporth_mod(),FUNCTION
,sporth_blsaw(),FUNCTION
,sporth_blsquare(),FUNCTION
,sporth_bltriangle(),FUNCTION
,sporth_bpm2dur(),FUNCTION
,sporth_bpm2rate(),FUNCTION
,sporth_brown(),FUNCTION
,sporth_butbp(),FUNCTION
,sporth_butbr(),FUNCTION
,sporth_buthp(),FUNCTION
,sporth_butlp(),FUNCTION
,sporth_changed(),FUNCTION
,sporth_clip(),FUNCTION
,sporth_clock(),FUNCTION
,sporth_comb(),FUNCTION
,sporth_conv(),FUNCTION
,sporth_count(),FUNCTION
,sporth_crossfade(),FUNCTION
,sporth_dcblock(),FUNCTION
,sporth_delay(),FUNCTION
,sporth_diode(),FUNCTION
,sporth_dist(),FUNCTION
,sporth_dmetro(),FUNCTION
,sporth_drip(),FUNCTION
,sporth_dtrig(),FUNCTION
,sporth_dust(),FUNCTION
,sporth_eqfil(),FUNCTION
,sporth_eval(),FUNCTION
,sporth_expon(),FUNCTION
,sporth_fload(),FUNCTION
,sporth_fclose(),FUNCTION
,sporth_fexec(),FUNCTION
,sporth_floadi(),FUNCTION
,sporth_fm(),FUNCTION
,sporth_fof(),FUNCTION
,sporth_fog(),FUNCTION
,sporth_fosc(),FUNCTION
,sporth_ftsum(),FUNCTION
,sporth_gbuzz(),FUNCTION
,sporth_gen_composite(),FUNCTION
,sporth_gen_eval(),FUNCTION
,sporth_gen_file(),FUNCTION
,sporth_gen_line(),FUNCTION
,sporth_gen_padsynth(),FUNCTION
,sporth_gen_rand(),FUNCTION
,sporth_gen_sine(),FUNCTION
,sporth_gen_sinesum(),FUNCTION
,sporth_gen_sporth(),FUNCTION
,sporth_gen_vals(),FUNCTION
,sporth_hilbert(),FUNCTION
,sporth_in(),FUNCTION
,sporth_incr(),FUNCTION
,sporth_jcrev(),FUNCTION
,sporth_jitter(),FUNCTION
,sporth_line(),FUNCTION
,sporth_load(),FUNCTION
,sporth_loadfile(),FUNCTION
,sporth_lpf18(),FUNCTION
,sporth_markleft(),FUNCTION
,sporth_markright(),FUNCTION
,sporth_maygate(),FUNCTION
,sporth_maytrig(),FUNCTION
,sporth_metro(),FUNCTION
,sporth_mincer(),FUNCTION
,sporth_mode(),FUNCTION
,sporth_moogladder(),FUNCTION
,sporth_noise(),FUNCTION
,sporth_nsmp(),FUNCTION
,sporth_osc(),FUNCTION
,get_strings(),FUNCTION
,search_for_ft(),FUNCTION
,free_strings(),FUNCTION
,pop_args(),FUNCTION
,set_args(),FUNCTION
,sporth_oscmorph4(),FUNCTION
,sporth_oscmorph2(),FUNCTION
,sporth_p(),FUNCTION
,sporth_pset(),FUNCTION
,sporth_palias(),FUNCTION
,sporth_pan2(),FUNCTION
,sporth_panst(),FUNCTION
,sporth_pareq(),FUNCTION
,sporth_paulstretch(),FUNCTION
,sporth_pdhalf(),FUNCTION
,sporth_peaklim(),FUNCTION
,sporth_phaser(),FUNCTION
,sporth_phasor(),FUNCTION
,sporth_pinknoise(),FUNCTION
,sporth_pluck(),FUNCTION
,sporth_port(),FUNCTION
,sporth_tport(),FUNCTION
,sporth_posc3(),FUNCTION
,sporth_prints(),FUNCTION
,sporth_prop(),FUNCTION
,sporth_tprop(),FUNCTION
,sporth_pshift(),FUNCTION
,sporth_ptrack(),FUNCTION
,sporth_rand(),FUNCTION
,sporth_randh(),FUNCTION
,sporth_randi(),FUNCTION
,sporth_ref(),FUNCTION
,sporth_render(),FUNCTION
,sporth_reson(),FUNCTION
,sporth_reverse(),FUNCTION
,sporth_revsc(),FUNCTION
,sporth_rms(),FUNCTION
,sporth_rpt(),FUNCTION
,sporth_rspline(),FUNCTION
,sporth_samphold(),FUNCTION
,sporth_saturator(),FUNCTION
,sporth_say(),FUNCTION
,sporth_scale(),FUNCTION
,sporth_scrambler(),FUNCTION
,sporth_sdelay(),FUNCTION
,sporth_slice(),FUNCTION
,slist_parse(),FUNCTION
,slist_destroy(),FUNCTION
,sporth_slist(),FUNCTION
,sporth_sget(),FUNCTION
,sporth_slick(),FUNCTION
,sporth_smoothdelay(),FUNCTION
,sporth_srand(),FUNCTION
,sporth_streson(),FUNCTION
,sporth_switch(),FUNCTION
,sporth_tget(),FUNCTION
,sporth_tset(),FUNCTION
,sporth_tblsize(),FUNCTION
,sporth_tbldur(),FUNCTION
,sporth_talias(),FUNCTION
,sporth_tabread(),FUNCTION
,sporth_tadsr(),FUNCTION
,sporth_tblrec(),FUNCTION
,sporth_tdiv(),FUNCTION
,sporth_tenv(),FUNCTION
,sporth_tenv2(),FUNCTION
,sporth_tenvx(),FUNCTION
,sporth_tgate(),FUNCTION
,sporth_thresh(),FUNCTION
,sporth_tick(),FUNCTION
,sporth_timer(),FUNCTION
,sporth_tin(),FUNCTION
,sporth_tog(),FUNCTION
,sporth_tone(),FUNCTION
,sporth_tphasor(),FUNCTION
,sporth_trand(),FUNCTION
,sporth_tseg(),FUNCTION
,sporth_tseq(),FUNCTION
,sporth_get(),FUNCTION
,sporth_set(),FUNCTION
,sporth_var(),FUNCTION
,sporth_varset(),FUNCTION
,plumber_create_var(),FUNCTION
,plumber_set_var(),FUNCTION
,sporth_vdelay(),FUNCTION
,sporth_return_ugen(),FUNCTION
,sporth_tract(),FUNCTION
,sporth_return_ugen_multi(),FUNCTION
,sporth_waveset(),FUNCTION
,sporth_wpkorg35(),FUNCTION
,sporth_writecode(),FUNCTION
,sporth_zeros(),FUNCTION
,sporth_zitarev(),FUNCTION
,sporth_zrev(),FUNCTION
,WavpackGetMode(),FUNCTION
,WavpackGetQualifyMode(),FUNCTION
,WavpackGetErrorMessage(),FUNCTION
,WavpackGetNumSamples(),FUNCTION
,WavpackGetNumSamples64(),FUNCTION
,WavpackGetSampleIndex(),FUNCTION
,WavpackGetSampleIndex64(),FUNCTION
,WavpackGetNumErrors(),FUNCTION
,WavpackLossyBlocks(),FUNCTION
,WavpackGetProgress(),FUNCTION
,WavpackGetFileSize(),FUNCTION
,WavpackGetFileSize64(),FUNCTION
,WavpackGetRatio(),FUNCTION
,WavpackGetAverageBitrate(),FUNCTION
,WavpackGetInstantBitrate(),FUNCTION
,WavpackGetChannelLayout(),FUNCTION
,WavpackGetChannelIdentities(),FUNCTION
,WavpackCloseFile(),FUNCTION
,WavpackGetWrapperBytes(),FUNCTION
,WavpackGetWrapperData(),FUNCTION
,WavpackFreeWrapper(),FUNCTION
,WavpackGetSampleRate(),FUNCTION
,WavpackGetNativeSampleRate(),FUNCTION
,WavpackGetNumChannels(),FUNCTION
,WavpackGetChannelMask(),FUNCTION
,WavpackGetFloatNormExp(),FUNCTION
,WavpackGetBitsPerSample(),FUNCTION
,WavpackGetBytesPerSample(),FUNCTION
,WavpackGetReducedChannels(),FUNCTION
,free_streams(),FUNCTION
,WavpackFloatNormalize(),FUNCTION
,WavpackLittleEndianToNative(),FUNCTION
,WavpackNativeToLittleEndian(),FUNCTION
,WavpackBigEndianToNative(),FUNCTION
,WavpackNativeToBigEndian(),FUNCTION
,WavpackGetLibraryVersion(),FUNCTION
,WavpackGetLibraryVersionString(),FUNCTION
,read_decorr_terms(),FUNCTION
,read_decorr_weights(),FUNCTION
,read_decorr_samples(),FUNCTION
,read_shaping_info(),FUNCTION
,read_entropy_vars(),FUNCTION
,read_hybrid_profile(),FUNCTION
,update_error_limit(),FUNCTION
,wp_log2(),FUNCTION
,log2buffer(),FUNCTION
,wp_log2s(),FUNCTION
,wp_exp2s(),FUNCTION
,store_weight(),FUNCTION
,restore_weight(),FUNCTION
,decorr_mono_pass(),FUNCTION
,reverse_mono_decorr(),FUNCTION
,decorr_mono_buffer(),FUNCTION
,log2overhead(),FUNCTION
,recurse_mono(),FUNCTION
,delta_mono(),FUNCTION
,sort_mono(),FUNCTION
,analyze_mono(),FUNCTION
,mono_add_noise(),FUNCTION
,execute_mono(),FUNCTION
,decorr_stereo_pass(),FUNCTION
,reverse_decorr(),FUNCTION
,decorr_stereo_buffer(),FUNCTION
,recurse_stereo(),FUNCTION
,delta_stereo(),FUNCTION
,sort_stereo(),FUNCTION
,analyze_stereo(),FUNCTION
,stereo_add_noise(),FUNCTION
,execute_stereo(),FUNCTION
,read_bytes(),FUNCTION
,get_pos(),FUNCTION
,set_pos_abs(),FUNCTION
,set_pos_rel(),FUNCTION
,push_back_byte(),FUNCTION
,can_seek(),FUNCTION
,write_bytes(),FUNCTION
,truncate_here(),FUNCTION
,close_stream(),FUNCTION
,WavpackOpenFileInput(),FUNCTION
,utf8_to_utf16(),FUNCTION
,fopen_utf8(),FUNCTION
,trans_read_bytes(),FUNCTION
,trans_write_bytes(),FUNCTION
,trans_get_pos(),FUNCTION
,trans_set_pos_abs(),FUNCTION
,trans_set_pos_rel(),FUNCTION
,trans_push_back_byte(),FUNCTION
,trans_get_length(),FUNCTION
,trans_can_seek(),FUNCTION
,trans_close_stream(),FUNCTION
,WavpackOpenFileInputEx(),FUNCTION
,raw_read_bytes(),FUNCTION
,raw_write_bytes(),FUNCTION
,raw_get_pos(),FUNCTION
,raw_set_pos_abs(),FUNCTION
,raw_set_pos_rel(),FUNCTION
,raw_push_back_byte(),FUNCTION
,raw_get_length(),FUNCTION
,raw_can_seek(),FUNCTION
,raw_close_stream(),FUNCTION
,WavpackOpenRawDecoder(),FUNCTION
,WavpackGetNumSamplesInFrame(),FUNCTION
,WavpackOpenFileInputEx64(),FUNCTION
,WavpackGetVersion(),FUNCTION
,WavpackGetFileFormat(),FUNCTION
,WavpackGetFileExtension(),FUNCTION
,unpack_init(),FUNCTION
,init_wv_bitstream(),FUNCTION
,init_wvc_bitstream(),FUNCTION
,init_wvx_bitstream(),FUNCTION
,read_int32_info(),FUNCTION
,read_float_info(),FUNCTION
,read_channel_info(),FUNCTION
,read_channel_identities(),FUNCTION
,read_config_info(),FUNCTION
,read_new_config_info(),FUNCTION
,read_sample_rate(),FUNCTION
,read_wrapper_data(),FUNCTION
,read_metadata_buff(),FUNCTION
,process_metadata(),FUNCTION
,bs_open_read(),FUNCTION
,bs_read(),FUNCTION
,bs_close_read(),FUNCTION
,WavpackSeekTrailingWrapper(),FUNCTION
,WavpackGetMD5Sum(),FUNCTION
,read_next_header(),FUNCTION
,match_wvc_header(),FUNCTION
,read_wvc_block(),FUNCTION
,seek_eof_information(),FUNCTION
,WavpackVerifySingleBlock(),FUNCTION
,pack_init(),FUNCTION
,write_decorr_terms(),FUNCTION
,write_decorr_weights(),FUNCTION
,write_decorr_samples(),FUNCTION
,write_shaping_info(),FUNCTION
,write_int32_info(),FUNCTION
,write_float_info(),FUNCTION
,write_channel_info(),FUNCTION
,write_channel_identities_info(),FUNCTION
,write_config_info(),FUNCTION
,write_new_config_info(),FUNCTION
,write_sample_rate(),FUNCTION
,pack_block(),FUNCTION
,scan_int32_quick(),FUNCTION
,scan_redundancy(),FUNCTION
,scan_int32_data(),FUNCTION
,send_int32_data(),FUNCTION
,send_general_metadata(),FUNCTION
,pack_samples(),FUNCTION
,scan_max_magnitude(),FUNCTION
,WavpackGetEncodedNoise(),FUNCTION
,bs_open_write(),FUNCTION
,bs_write(),FUNCTION
,bs_close_write(),FUNCTION
,dynamic_noise_shaping(),FUNCTION
,best_floating_line(),FUNCTION
,pack_dsd_init(),FUNCTION
,pack_dsd_block(),FUNCTION
,rle_encode(),FUNCTION
,calculate_probabilities(),FUNCTION
,encode_buffer_fast(),FUNCTION
,init_ptable(),FUNCTION
,normalize_ptable(),FUNCTION
,encode_buffer_high(),FUNCTION
,scan_float_data(),FUNCTION
,send_float_data(),FUNCTION
,WavpackOpenFileOutput(),FUNCTION
,WavpackSetFileInformation(),FUNCTION
,WavpackSetConfiguration(),FUNCTION
,WavpackSetConfiguration64(),FUNCTION
,WavpackSetChannelLayout(),FUNCTION
,WavpackPackInit(),FUNCTION
,WavpackPackSamples(),FUNCTION
,WavpackFlushSamples(),FUNCTION
,WavpackAddWrapper(),FUNCTION
,WavpackStoreMD5Sum(),FUNCTION
,create_riff_header(),FUNCTION
,pack_streams(),FUNCTION
,WavpackUpdateNumSamples(),FUNCTION
,WavpackGetWrapperLocation(),FUNCTION
,find_metadata(),FUNCTION
,copy_metadata(),FUNCTION
,add_to_metadata(),FUNCTION
,write_metadata(),FUNCTION
,write_metadata_block(),FUNCTION
,free_metadata(),FUNCTION
,block_add_checksum(),FUNCTION
,block_update_checksum(),FUNCTION
,get_word(),FUNCTION
,get_words_lossless(),FUNCTION
,read_code(),FUNCTION
,WavpackGetNumTagItems(),FUNCTION
,WavpackGetNumBinaryTagItems(),FUNCTION
,WavpackGetTagItem(),FUNCTION
,WavpackGetBinaryTagItem(),FUNCTION
,WavpackGetTagItemIndexed(),FUNCTION
,WavpackGetBinaryTagItemIndexed(),FUNCTION
,WavpackAppendTagItem(),FUNCTION
,WavpackAppendBinaryTagItem(),FUNCTION
,WavpackDeleteTagItem(),FUNCTION
,WavpackWriteTag(),FUNCTION
,get_ape_tag_item(),FUNCTION
,get_id3_tag_item(),FUNCTION
,get_ape_tag_item_indexed(),FUNCTION
,get_id3_tag_item_indexed(),FUNCTION
,append_ape_tag_item(),FUNCTION
,write_tag_blockout(),FUNCTION
,write_tag_reader(),FUNCTION
,tagcpy(),FUNCTION
,tagdata(),FUNCTION
,load_tag(),FUNCTION
,valid_tag(),FUNCTION
,editable_tag(),FUNCTION
,free_tag(),FUNCTION
,unpack_samples(),FUNCTION
,fixup_samples(),FUNCTION
,check_crc_error(),FUNCTION
,unpack_init3(),FUNCTION
,unpack_size(),FUNCTION
,unpack_save(),FUNCTION
,unpack_samples3(),FUNCTION
,init_words3(),FUNCTION
,get_word1(),FUNCTION
,get_old_word1(),FUNCTION
,get_word2(),FUNCTION
,get_word3(),FUNCTION
,get_word4(),FUNCTION
,wp3_log2(),FUNCTION
,bs_read3(),FUNCTION
,bs_open_read3(),FUNCTION
,bs_unused_bytes(),FUNCTION
,bs_unused_data(),FUNCTION
,open_file3(),FUNCTION
,get_sample_index3(),FUNCTION
,get_version3(),FUNCTION
,free_stream3(),FUNCTION
,seek_sample3(),FUNCTION
,unpack_restore(),FUNCTION
,bs_restore3(),FUNCTION
,init_dsd_block(),FUNCTION
,unpack_dsd_samples(),FUNCTION
,init_dsd_block_fast(),FUNCTION
,decode_fast(),FUNCTION
,init_dsd_block_high(),FUNCTION
,decode_high(),FUNCTION
,decimate_dsd_init(),FUNCTION
,decimate_dsd_reset(),FUNCTION
,decimate_dsd_run(),FUNCTION
,decimate_dsd_destroy(),FUNCTION
,float_values(),FUNCTION
,float_valuesnowvx(),FUNCTION
,WavpackSeekSample(),FUNCTION
,WavpackSeekSample64(),FUNCTION
,find_header(),FUNCTION
,find_sample(),FUNCTION
,WavpackUnpackSamples(),FUNCTION
,count_bits(),FUNCTION
,init_words(),FUNCTION
,word_set_bitrate(),FUNCTION
,write_entropy_vars(),FUNCTION
,write_hybrid_profile(),FUNCTION
,send_word(),FUNCTION
,send_words_lossless(),FUNCTION
,flush_word(),FUNCTION
,nosend_word(),FUNCTION
,scan_word(),FUNCTION
,GETCSR(),FUNCTION
,SETCSR(),FUNCTION
,CreateElements(),FUNCTION
,SetMaxFramesPerSlice(),FUNCTION
,CanSetMaxFrames(),FUNCTION
,ReallocateBuffers(),FUNCTION
,DeallocateIOBuffers(),FUNCTION
,DoInitialize(),FUNCTION
,Initialize(),FUNCTION
,PreDestructor(),FUNCTION
,DoCleanup(),FUNCTION
,Cleanup(),FUNCTION
,DispatchGetPropertyInfo(),FUNCTION
,DispatchGetProperty(),FUNCTION
,DispatchSetProperty(),FUNCTION
,DispatchRemovePropertyValue(),FUNCTION
,GetPropertyInfo(),FUNCTION
,GetProperty(),FUNCTION
,SetProperty(),FUNCTION
,RemovePropertyValue(),FUNCTION
,AddPropertyListener(),FUNCTION
,RemovePropertyListener(),FUNCTION
,PropertyChanged(),FUNCTION
,SetRenderNotification(),FUNCTION
,RemoveRenderNotification(),FUNCTION
,ScheduleParameter(),FUNCTION
,SortParameterEventList(),FUNCTION
,ProcessForScheduledParams(),FUNCTION
,SetWantsRenderThreadID(),FUNCTION
,DoRender(),FUNCTION
,SetConnection(),FUNCTION
,SupportedNumChannels(),FUNCTION
,ValidFormat(),FUNCTION
,IsStreamFormatWritable(),FUNCTION
,GetStreamFormat(),FUNCTION
,SetBusCount(),FUNCTION
,ChangeStreamFormat(),FUNCTION
,GetChannelLayoutTags(),FUNCTION
,GetAudioChannelLayout(),FUNCTION
,RemoveAudioChannelLayout(),FUNCTION
,SetAudioChannelLayout(),FUNCTION
,AddNumToDictionary(),FUNCTION
,SaveState(),FUNCTION
,RestoreState(),FUNCTION
,GetPresets(),FUNCTION
,NewFactoryPresetSet(),FUNCTION
,NewCustomPresetSet(),FUNCTION
,SetAFactoryPresetAsCurrent(),FUNCTION
,GetNumCustomUIComponents(),FUNCTION
,GetUIComponentDescs(),FUNCTION
,HasIcon(),FUNCTION
,CopyIconLocation(),FUNCTION
,GetParameterList(),FUNCTION
,GetParameterInfo(),FUNCTION
,GetParameterValueStrings(),FUNCTION
,GetParameterHistoryInfo(),FUNCTION
,CopyClumpName(),FUNCTION
,SetNumberOfElements(),FUNCTION
,CreateElement(),FUNCTION
,FormatIsCanonical(),FUNCTION
,MakeCanonicalFormat(),FUNCTION
,GetLoggingString(),FUNCTION
,BusCountWritable(),FUNCTION
,SaveExtendedScopes(),FUNCTION
,GetLatency(),FUNCTION
,GetTailTime(),FUNCTION
,SupportsTail(),FUNCTION
,GetScope(),FUNCTION
,GetScopeExtended(),FUNCTION
,GlobalScope(),FUNCTION
,Inputs(),FUNCTION
,Outputs(),FUNCTION
,Groups(),FUNCTION
,Globals(),FUNCTION
,GetElement(),FUNCTION
,GetIOElement(),FUNCTION
,SafeGetElement(),FUNCTION
,GetInput(),FUNCTION
,GetGroup(),FUNCTION
,SetUsesFixedBlockSize(),FUNCTION
,GetVectorUnitType(),FUNCTION
,HasVectorUnit(),FUNCTION
,HasAltivec(),FUNCTION
,HasSSE2(),FUNCTION
,HasSSE3(),FUNCTION
,CallHostBeatAndTempo(),FUNCTION
,CallHostMusicalTimeLocation(),FUNCTION
,CallHostTransportState(),FUNCTION
,GetMutex(),FUNCTION
,PrepareInstrument(),FUNCTION
,ReleaseInstrument(),FUNCTION
,MIDIEvent(),FUNCTION
,SysEx(),FUNCTION
,FillInParameterName(),FUNCTION
,HasClump(),FUNCTION
,SetRenderError(),FUNCTION
,DoRenderBus(),FUNCTION
,ResetRenderTime(),FUNCTION
,NeedsToRender(),FUNCTION
,ProcessScheduledSlice(),FUNCTION
,ComponentEntryDispatch(),FUNCTION
,CMgr_AudioUnitBaseGetParameter(),FUNCTION
,CMgr_AudioUnitBaseSetParameter(),FUNCTION
,CMgr_AudioUnitBaseRender(),FUNCTION
,HasGoodBufferPointers(),FUNCTION
,Disconnect(),FUNCTION
,SetInputCallback(),FUNCTION
,SetStreamFormat(),FUNCTION
,AUMethodInitialize(),FUNCTION
,AUMethodUninitialize(),FUNCTION
,AUMethodGetPropertyInfo(),FUNCTION
,AUMethodGetProperty(),FUNCTION
,AUMethodSetProperty(),FUNCTION
,AUMethodAddPropertyListener(),FUNCTION
,AUMethodRemovePropertyListener(),FUNCTION
,AUMethodRemovePropertyListenerWithUserData(),FUNCTION
,AUMethodAddRenderNotify(),FUNCTION
,AUMethodRemoveRenderNotify(),FUNCTION
,AUMethodGetParameter(),FUNCTION
,AUMethodSetParameter(),FUNCTION
,AUMethodScheduleParameters(),FUNCTION
,AUMethodRender(),FUNCTION
,AUMethodComplexRender(),FUNCTION
,AUMethodReset(),FUNCTION
,AUMethodProcess(),FUNCTION
,AUMethodProcessMultiple(),FUNCTION
,AUMethodStart(),FUNCTION
,AUMethodStop(),FUNCTION
,AUMethodMIDIEvent(),FUNCTION
,AUMethodSysEx(),FUNCTION
,AUMethodStartNote(),FUNCTION
,AUMethodStopNote(),FUNCTION
,AUMethodPrepareInstrument(),FUNCTION
,AUMethodReleaseInstrument(),FUNCTION
,Lookup(),FUNCTION
,MIDI_Lookup(),FUNCTION
,UseIndexedParameters(),FUNCTION
,GetParamEvent(),FUNCTION
,HasParameterID(),FUNCTION
,GetRampSliceStartEnd(),FUNCTION
,GetEndValue(),FUNCTION
,SetScheduledEvent(),FUNCTION
,SetName(),FUNCTION
,AllocateBuffer(),FUNCTION
,DeallocateBuffer(),FUNCTION
,HasElementWithName(),FUNCTION
,AddElementNamesToDict(),FUNCTION
,RestoreElementNames(),FUNCTION
,GetRampInfo(),FUNCTION
,Print(),FUNCTION
,GetNumberOfParameters(),FUNCTION
,AsIOElement(),FUNCTION
,SetBufferList(),FUNCTION
,InvalidateBufferList(),FUNCTION
,SetDelegate(),FUNCTION
,InitComponentInitLocker(),FUNCTION
,PostConstructor(),FUNCTION
,AP_Open(),FUNCTION
,AP_Close(),FUNCTION
,Version(),FUNCTION
,GetSelectorForCanDo(),FUNCTION
,GetComponentDescription(),FUNCTION
,CB_GetComponentDescription(),FUNCTION
,CSInitOnce(),FUNCTION
,CSInit(),FUNCTION
,CMgr_GetComponentDescription(),FUNCTION
,CMgr_GetComponentInstanceStorage(),FUNCTION
,CMgr_SetComponentInstanceStorage(),FUNCTION
,Construct(),FUNCTION
,Destruct(),FUNCTION
,Factory(),FUNCTION
,Register(),FUNCTION
,Dispatch(),FUNCTION
,CreateExtendedElements(),FUNCTION
,SetNotes(),FUNCTION
,CountActiveNotes(),FUNCTION
,AddFreeNote(),FUNCTION
,PerformEvents(),FUNCTION
,StreamFormatWritable(),FUNCTION
,RealTimeStartNote(),FUNCTION
,GetPartElement(),FUNCTION
,GetElForGroupID(),FUNCTION
,RealTimeStopNote(),FUNCTION
,GetElForNoteID(),FUNCTION
,SendPedalEvent(),FUNCTION
,HandleControlChange(),FUNCTION
,HandlePitchWheel(),FUNCTION
,HandleChannelPressure(),FUNCTION
,HandleProgramChange(),FUNCTION
,HandlePolyPressure(),FUNCTION
,HandleResetAllControllers(),FUNCTION
,HandleAllNotesOff(),FUNCTION
,HandleAllSoundOff(),FUNCTION
,GetAFreeNote(),FUNCTION
,VoiceStealing(),FUNCTION
,NextNoteID(),FUNCTION
,IncNumActiveNotes(),FUNCTION
,DecNumActiveNotes(),FUNCTION
,ReadItem(),FUNCTION
,AdvanceWritePtr(),FUNCTION
,AdvanceReadPtr(),FUNCTION
,FreeItem(),FUNCTION
,AdvanceFreePtr(),FUNCTION
,FreeItems(),FUNCTION
,SetGroupID(),FUNCTION
,GetNote(),FUNCTION
,NoteEnded(),FUNCTION
,NoteFastReleased(),FUNCTION
,ChannelMessage(),FUNCTION
,SostenutoOn(),FUNCTION
,SostenutoOff(),FUNCTION
,SustainOn(),FUNCTION
,SustainOff(),FUNCTION
,AllNotesOff(),FUNCTION
,AllSoundOff(),FUNCTION
,ResetAllControllers(),FUNCTION
,Free(),FUNCTION
,AttackNote(),FUNCTION
,Kill(),FUNCTION
,FastRelease(),FUNCTION
,TuningA(),FUNCTION
,Frequency(),FUNCTION
,GetAudioUnit(),FUNCTION
,GetGlobalParameter(),FUNCTION
,GetPitchBend(),FUNCTION
,ListRemove(),FUNCTION
,SetState(),FUNCTION
,SanityCheck(),FUNCTION
,Empty(),FUNCTION
,AddNote(),FUNCTION
,RemoveNote(),FUNCTION
,TransferAllFrom(),FUNCTION
,FindOldestNote(),FUNCTION
,FindMostQuietNote(),FUNCTION
,MaintainKernels(),FUNCTION
,ProcessBufferLists(),FUNCTION
,GetNumberOfChannels(),FUNCTION
,GetKernel(),FUNCTION
,IsInputSilent(),FUNCTION
,SetOnlyOneKernel(),FUNCTION
,SetChannelNum(),FUNCTION
,GetChannelNum(),FUNCTION
,DelegateGetPropertyInfo(),FUNCTION
,DelegateGetProperty(),FUNCTION
,DelegateSetProperty(),FUNCTION
,NextMIDIEvent(),FUNCTION
,HandleMIDIPacketList(),FUNCTION
,HandleNonNoteEvent(),FUNCTION
,GetXMLNames(),FUNCTION
,HandleNoteOn(),FUNCTION
,HandleNoteOff(),FUNCTION
,HandleSysEx(),FUNCTION
,GetMIDIMapManager(),FUNCTION
,AUMIDIEffectBaseMIDIEvent(),FUNCTION
,GetInstrumentCount(),FUNCTION
,HandleStartNoteMessage(),FUNCTION
,MusicDeviceBaseMIDIEvent(),FUNCTION
,MusicDeviceBaseStartNote(),FUNCTION
,MusicDeviceBaseStopNote(),FUNCTION
,GetFileRefPath(),FUNCTION
,CreateFileRefDict(),FUNCTION
,AccessURLAsset(),FUNCTION
,PrintAUParamEvent(),FUNCTION
,SafeMultiplyAddUInt32(),FUNCTION
,Allocate(),FUNCTION
,Deallocate(),FUNCTION
,PrepareBuffer(),FUNCTION
,PrepareNullBuffer(),FUNCTION
,UseExternalBuffer(),FUNCTION
,PrintBuffer(),FUNCTION
,ZeroBuffer(),FUNCTION
,AllocateClear(),FUNCTION
,T(),FUNCTION
,initForTesting(),FUNCTION
,loadCompressedSampleFile(),FUNCTION
,loadDemoSamples(),FUNCTION
,hasPrefix(),FUNCTION
,loadPreset(),FUNCTION
,InitAllMidiTransformers(),FUNCTION
,CheckInitAllMidiTransformers(),FUNCTION
,GetTransformer(),FUNCTION
,MIDI_Matches(),FUNCTION
,Finish(),FUNCTION
,FillInMap(),FUNCTION
,SortedInsertToParamaterMaps(),FUNCTION
,GetHotParameterMap(),FUNCTION
,SortedRemoveFromParameterMaps(),FUNCTION
,ReplaceAllMaps(),FUNCTION
,HandleHotMapping(),FUNCTION
,GetMaps(),FUNCTION
,FindParameterIndex(),FUNCTION
,FindParameterMapEventMatch(),FUNCTION
,NumMaps(),FUNCTION
,IsHotMapping(),FUNCTION
,SetHotMapping(),FUNCTION
,CAMemoryBarrier(),FUNCTION
,CAAtomicAdd32Barrier(),FUNCTION
,CAAtomicOr32Barrier(),FUNCTION
,CAAtomicAnd32Barrier(),FUNCTION
,CAAtomicCompareAndSwap32Barrier(),FUNCTION
,CAAtomicIncrement32(),FUNCTION
,CAAtomicDecrement32(),FUNCTION
,CAAtomicIncrement32Barrier(),FUNCTION
,CAAtomicDecrement32Barrier(),FUNCTION
,CAAtomicTestAndClearBarrier(),FUNCTION
,CAAtomicTestAndClear(),FUNCTION
,CAAtomicTestAndSetBarrier(),FUNCTION
,CAAtomicCompareAndSwap64Barrier(),FUNCTION
,CAAtomicCompareAndSwapPtrBarrier(),FUNCTION
,CASpinLockLock(),FUNCTION
,CASpinLockUnlock(),FUNCTION
,CASpinLockTry(),FUNCTION
,head(),FUNCTION
,push_atomic(),FUNCTION
,push_multiple_atomic(),FUNCTION
,pop_atomic_single_reader(),FUNCTION
,pop_atomic(),FUNCTION
,pop_all(),FUNCTION
,pop_all_reversed(),FUNCTION
,compare_and_swap(),FUNCTION
,push_NA(),FUNCTION
,pop_NA(),FUNCTION
,Create(),FUNCTION
,SetAllToUnknown(),FUNCTION
,CountOnes(),FUNCTION
,NumberChannels(),FUNCTION
,CAShowAudioChannelLayout(),FUNCTION
,CalculateByteSize(),FUNCTION
,SetWithTag(),FUNCTION
,CA_malloc(),FUNCTION
,CA_realloc(),FUNCTION
,CA_calloc(),FUNCTION
,reallocBytes(),FUNCTION
,reallocItems(),FUNCTION
,set(),FUNCTION
,CAPtrRef(),FUNCTION
,CAAutoFree(),FUNCTION
,CAAutoArrayDelete(),FUNCTION
,AllocateBuffers(),FUNCTION
,AllocateBuffersAndCopyFrom(),FUNCTION
,DeallocateBuffers(),FUNCTION
,show(),FUNCTION
,CAShowAudioBufferList(),FUNCTION
,new(),FUNCTION
,CopyDataFrom(),FUNCTION
,AppendFrom(),FUNCTION
,PadWithZeroes(),FUNCTION
,SetToZeroes(),FUNCTION
,SameDataAs(),FUNCTION
,BytesConsumed(),FUNCTION
,SetFrom(),FUNCTION
,AdvanceBufferPointers(),FUNCTION
,SetNumBytes(),FUNCTION
,GetData(),FUNCTION
,_GetBufferList(),FUNCTION
,VerifyNotTrashingOwnedBuffer(),FUNCTION
,CASwapFloat32(),FUNCTION
,CASwapFloat64(),FUNCTION
,CASwapFloat32BigToHost(),FUNCTION
,CASwapFloat64BigToHost(),FUNCTION
,CASwapFloat32HostToBig(),FUNCTION
,CASwapFloat64HostToBig(),FUNCTION
,CASwapFloat32LittleToHost(),FUNCTION
,CASwapFloat64LittleToHost(),FUNCTION
,CASwapFloat32HostToLittle(),FUNCTION
,CASwapFloat64HostToLittle(),FUNCTION
,DebugPrint(),FUNCTION
,LogError(),FUNCTION
,LogWarning(),FUNCTION
,CAWin32DebugPrintf(),FUNCTION
,OpenDebugPrintfSideFile(),FUNCTION
,CAIsDebuggerAttached(),FUNCTION
,CADebuggerStop(),FUNCTION
,Wait(),FUNCTION
,WaitFor(),FUNCTION
,WaitUntil(),FUNCTION
,Notify(),FUNCTION
,NotifyAll(),FUNCTION
,GetCurrentTime(),FUNCTION
,GetFrequency(),FUNCTION
,GetInverseFrequency(),FUNCTION
,GetMinimumDelta(),FUNCTION
,fiszero(),FUNCTION
,fnonzero(),FUNCTION
,fequal(),FUNCTION
,fnotequal(),FUNCTION
,Lock(),FUNCTION
,Unlock(),FUNCTION
,Try(),FUNCTION
,IsFree(),FUNCTION
,IsOwnedByCurrentThread(),FUNCTION
,CAStringForOSType(),FUNCTION
,AsString(),FUNCTION
,NormalizeLinearPCMFormat(),FUNCTION
,VirtualizeLinearPCMFormat(),FUNCTION
,ResetFormat(),FUNCTION
,FillOutFormat(),FUNCTION
,GetSimpleName(),FUNCTION
,PrintToLog(),FUNCTION
,GetRegularizedFormatFlags(),FUNCTION
,EquivalentFormatFlags(),FUNCTION
,IsExactlyEqual(),FUNCTION
,IsEquivalent(),FUNCTION
,IsEqual(),FUNCTION
,FromText(),FUNCTION
,SetCanonical(),FUNCTION
,SetAUCanonical(),FUNCTION
,ChangeNumberChannels(),FUNCTION
,IsMixable(),FUNCTION
,next(),FUNCTION
,FreeNode(),FUNCTION
,IsSSE2Available(),FUNCTION
,IsSSE3Available(),FUNCTION
,IsCpuidAvailable(),FUNCTION
,CAVectorUnit_Examine(),FUNCTION
,CAVectorUnit_GetType(),FUNCTION
,CAVectorUnit_HasVectorUnit(),FUNCTION
,HasAVX1(),FUNCTION
,HasNeon(),FUNCTION
,FormatError(),FUNCTION
,Warning(),FUNCTION
,SetWarningHandler(),FUNCTION
,GetDesktopFolderPath(),FUNCTION
,GetDownloadsFolderPath(),FUNCTION
,createEffectInstance(),FUNCTION
,loadSoundFile(),FUNCTION
,loadAifDemoSamples(),FUNCTION
,loadWvDemoSamples(),FUNCTION
,getOutputProperties(),FUNCTION
,getEffectName(),FUNCTION
,getVendorString(),FUNCTION
,getProductString(),FUNCTION
,getVendorVersion(),FUNCTION
,canDo(),FUNCTION
,getNumMidiInputChannels(),FUNCTION
,getNumMidiOutputChannels(),FUNCTION
,getParameterName(),FUNCTION
,getParameterDisplay(),FUNCTION
,getParamString(),FUNCTION
,setParamFraction(),FUNCTION
,getParamValue(),FUNCTION
,processEvents(),FUNCTION
,processReplacing(),FUNCTION
,setFraction(),FUNCTION
,getParamFraction(),FUNCTION
,dp(),FUNCTION
,instanceCallback(),FUNCTION
,enableFilterControls(),FUNCTION
,updateAllParameters(),FUNCTION
,populatePresetsComboBox(),FUNCTION
,BrowseCallbackProc(),FUNCTION
,choosePresetDirectory(),FUNCTION
,GetInstance(),FUNCTION
,TRACE(),FUNCTION
,refCount(),FUNCTION
,frames(),FUNCTION
,format(),FUNCTION
,channels(),FUNCTION
,error(),FUNCTION
,strError(),FUNCTION
,command(),FUNCTION
,seek(),FUNCTION
,writeSync(),FUNCTION
,setString(),FUNCTION
,getString(),FUNCTION
,formatCheck(),FUNCTION
,readf(),FUNCTION
,writef(),FUNCTION
,readRaw(),FUNCTION
,writeRaw(),FUNCTION
,rawHandle(),FUNCTION
,takeOwnership(),FUNCTION
,paint(),FUNCTION
,resized(),FUNCTION
,parameterChanged(),FUNCTION
,getName(),FUNCTION
,acceptsMidi(),FUNCTION
,producesMidi(),FUNCTION
,isMidiEffect(),FUNCTION
,getTailLengthSeconds(),FUNCTION
,getNumPrograms(),FUNCTION
,getCurrentProgram(),FUNCTION
,setCurrentProgram(),FUNCTION
,getProgramName(),FUNCTION
,changeProgramName(),FUNCTION
,prepareToPlay(),FUNCTION
,releaseResources(),FUNCTION
,isBusesLayoutSupported(),FUNCTION
,processBlock(),FUNCTION
,hasEditor(),FUNCTION
,createEditor(),FUNCTION
,getStateInformation(),FUNCTION
,setStateInformation(),FUNCTION
,createPluginFilter(),FUNCTION