identifier_type,identifier_name,identifier_context
,lrint(),FUNCTION
,lrintf(),FUNCTION
,llrint(),FUNCTION
,llrintf(),FUNCTION
,rint(),FUNCTION
,rintf(),FUNCTION
,random(),FUNCTION
,srandom(),FUNCTION
,main(),FUNCTION
,set_color(),FUNCTION
,empty_p(),FUNCTION
,empty_handled_p(),FUNCTION
,add_rpc_variable(),FUNCTION
,setup_rpc(),FUNCTION
,is_rpc_set(),FUNCTION
,rpc_set(),FUNCTION
,check_topology(),FUNCTION
,cast_to_block_sptr(),FUNCTION
,input(),FUNCTION
,output(),FUNCTION
,_add_item_tag(),FUNCTION
,link(),FUNCTION
,reader(),FUNCTION
,nitems_written(),FUNCTION
,reset_nitem_counter(),FUNCTION
,get_sizeof_item(),FUNCTION
,index_add(),FUNCTION
,index_sub(),FUNCTION
,set_done(),FUNCTION
,nitems_read(),FUNCTION
,gr_expj(),FUNCTION
,set_hier(),FUNCTION
,float_to_fixed(),FUNCTION
,fixed_to_float(),FUNCTION
,sin(),FUNCTION
,cos(),FUNCTION
,sincos(),FUNCTION
,is_complex(),FUNCTION
,cast_to_hier_block2_sptr(),FUNCTION
,get_watchperiod4rpc(),FUNCTION
,fast_cc_multiply(),FUNCTION
,is_power_of_2(),FUNCTION
,fast_atan2f(),FUNCTION
,branchless_clip(),FUNCTION
,clip(),FUNCTION
,binary_slicer(),FUNCTION
,quad_45deg_slicer(),FUNCTION
,quad_0deg_slicer(),FUNCTION
,branchless_binary_slicer(),FUNCTION
,branchless_quad_0deg_slicer(),FUNCTION
,branchless_quad_45deg_slicer(),FUNCTION
,p2_round_down(),FUNCTION
,p2_round_up(),FUNCTION
,p2_modulo(),FUNCTION
,p2_modulo_neg(),FUNCTION
,buf_data(),FUNCTION
,set_type(),FUNCTION
,set_arg1(),FUNCTION
,set_arg2(),FUNCTION
,pyCast(),FUNCTION
,rt_priority_min(),FUNCTION
,rt_priority_max(),FUNCTION
,rt_priority_default(),FUNCTION
,get(),FUNCTION
,sincosf(),FUNCTION
,offset_compare(),FUNCTION
,cast_to_top_block_sptr(),FUNCTION
,notify_msg(),FUNCTION
,clear_changed(),FUNCTION
,set_input_changed(),FUNCTION
,set_output_changed(),FUNCTION
,rotl(),FUNCTION
,xoroshiro128p_next(),FUNCTION
,xoroshiro128p_jump(),FUNCTION
,splitmix64_next(),FUNCTION
,xoroshiro128p_seed(),FUNCTION
,acons(),FUNCTION
,mp(),FUNCTION
,basic_block_ncurrently_allocated(),FUNCTION
,to_basic_block(),FUNCTION
,set_block_alias(),FUNCTION
,message_port_register_in(),FUNCTION
,message_ports_in(),FUNCTION
,message_port_register_out(),FUNCTION
,message_ports_out(),FUNCTION
,message_port_pub(),FUNCTION
,message_port_sub(),FUNCTION
,message_port_unsub(),FUNCTION
,_post(),FUNCTION
,insert_tail(),FUNCTION
,delete_head_nowait(),FUNCTION
,message_subscribers(),FUNCTION
,history(),FUNCTION
,set_history(),FUNCTION
,declare_sample_delay(),FUNCTION
,sample_delay(),FUNCTION
,forecast(),FUNCTION
,start(),FUNCTION
,stop(),FUNCTION
,set_output_multiple(),FUNCTION
,set_alignment(),FUNCTION
,set_unaligned(),FUNCTION
,set_is_unaligned(),FUNCTION
,set_relative_rate(),FUNCTION
,set_inverse_relative_rate(),FUNCTION
,consume(),FUNCTION
,consume_each(),FUNCTION
,produce(),FUNCTION
,fixed_rate_ninput_to_noutput(),FUNCTION
,fixed_rate_noutput_to_ninput(),FUNCTION
,add_item_tag(),FUNCTION
,remove_item_tag(),FUNCTION
,get_tags_in_range(),FUNCTION
,get_tags_in_window(),FUNCTION
,tag_propagation_policy(),FUNCTION
,set_tag_propagation_policy(),FUNCTION
,max_noutput_items(),FUNCTION
,set_max_noutput_items(),FUNCTION
,unset_max_noutput_items(),FUNCTION
,is_set_max_noutput_items(),FUNCTION
,set_processor_affinity(),FUNCTION
,unset_processor_affinity(),FUNCTION
,active_thread_priority(),FUNCTION
,thread_priority(),FUNCTION
,set_thread_priority(),FUNCTION
,expand_minmax_buffer(),FUNCTION
,max_output_buffer(),FUNCTION
,set_max_output_buffer(),FUNCTION
,min_output_buffer(),FUNCTION
,set_min_output_buffer(),FUNCTION
,update_rate(),FUNCTION
,enable_update_rate(),FUNCTION
,pc_noutput_items(),FUNCTION
,pc_noutput_items_avg(),FUNCTION
,pc_noutput_items_var(),FUNCTION
,pc_nproduced(),FUNCTION
,pc_nproduced_avg(),FUNCTION
,pc_nproduced_var(),FUNCTION
,pc_input_buffers_full(),FUNCTION
,pc_input_buffers_full_avg(),FUNCTION
,pc_input_buffers_full_var(),FUNCTION
,pc_output_buffers_full(),FUNCTION
,pc_output_buffers_full_avg(),FUNCTION
,pc_output_buffers_full_var(),FUNCTION
,pc_work_time(),FUNCTION
,pc_work_time_avg(),FUNCTION
,pc_work_time_var(),FUNCTION
,pc_work_time_total(),FUNCTION
,pc_throughput_avg(),FUNCTION
,reset_perf_counters(),FUNCTION
,system_handler(),FUNCTION
,set_log_level(),FUNCTION
,log_level(),FUNCTION
,notify_msg_neighbors(),FUNCTION
,finished(),FUNCTION
,setup_pc_rpc(),FUNCTION
,identifier(),FUNCTION
,general_work(),FUNCTION
,block_detail_ncurrently_allocated(),FUNCTION
,set_input(),FUNCTION
,set_output(),FUNCTION
,make_block_detail(),FUNCTION
,consumed(),FUNCTION
,produce_each(),FUNCTION
,reset_nitem_counters(),FUNCTION
,clear_tags(),FUNCTION
,start_perf_counters(),FUNCTION
,stop_perf_counters(),FUNCTION
,round_up(),FUNCTION
,round_down(),FUNCTION
,min_available_space(),FUNCTION
,propagate_tags(),FUNCTION
,run_one_iteration(),FUNCTION
,make(),FUNCTION
,block_register(),FUNCTION
,block_unregister(),FUNCTION
,register_symbolic_name(),FUNCTION
,update_symbolic_name(),FUNCTION
,block_lookup(),FUNCTION
,register_primitive(),FUNCTION
,unregister_primitive(),FUNCTION
,notify_blk(),FUNCTION
,minimum_buffer_items(),FUNCTION
,make_buffer(),FUNCTION
,allocate_buffer(),FUNCTION
,space_available(),FUNCTION
,write_pointer(),FUNCTION
,update_write_pointer(),FUNCTION
,buffer_add_reader(),FUNCTION
,drop_reader(),FUNCTION
,prune_tags(),FUNCTION
,buffer_ncurrently_allocated(),FUNCTION
,items_available(),FUNCTION
,read_pointer(),FUNCTION
,update_read_pointer(),FUNCTION
,buffer_reader_ncurrently_allocated(),FUNCTION
,register_booter(),FUNCTION
,type(),FUNCTION
,registeredServers(),FUNCTION
,registerConfigureCallback(),FUNCTION
,unregisterConfigureCallback(),FUNCTION
,registerQueryCallback(),FUNCTION
,unregisterQueryCallback(),FUNCTION
,registerHandlerCallback(),FUNCTION
,unregisterHandlerCallback(),FUNCTION
,registerServer(),FUNCTION
,i(),FUNCTION
,endpoints(),FUNCTION
,agg(),FUNCTION
,from_pmt(),FUNCTION
,start_thrift(),FUNCTION
,application_started(),FUNCTION
,setKnobs(),FUNCTION
,getKnobs(),FUNCTION
,getRe(),FUNCTION
,properties(),FUNCTION
,postMessage(),FUNCTION
,shutdown(),FUNCTION
,make_flat_flowgraph(),FUNCTION
,setup_connections(),FUNCTION
,allocate_block_detail(),FUNCTION
,connect_block_inputs(),FUNCTION
,merge_connections(),FUNCTION
,setup_buffer_alignment(),FUNCTION
,edge_list(),FUNCTION
,msg_edge_list(),FUNCTION
,dump(),FUNCTION
,make_block_vector(),FUNCTION
,clear_endpoint(),FUNCTION
,clear_hier(),FUNCTION
,replace_endpoint(),FUNCTION
,enable_pc_rpc(),FUNCTION
,make_flowgraph(),FUNCTION
,unique_vector(),FUNCTION
,connect(),FUNCTION
,disconnect(),FUNCTION
,validate(),FUNCTION
,clear(),FUNCTION
,check_valid_port(),FUNCTION
,check_dst_not_used(),FUNCTION
,check_type_match(),FUNCTION
,calc_used_blocks(),FUNCTION
,calc_used_ports(),FUNCTION
,calc_connections(),FUNCTION
,check_contiguity(),FUNCTION
,calc_downstream_blocks(),FUNCTION
,calc_upstream_edges(),FUNCTION
,has_block_p(),FUNCTION
,calc_upstream_edge(),FUNCTION
,partition(),FUNCTION
,calc_reachable_blocks(),FUNCTION
,reachable_dfs_visit(),FUNCTION
,calc_adjacent_blocks(),FUNCTION
,topological_sort(),FUNCTION
,sort_sources_first(),FUNCTION
,source_p(),FUNCTION
,topological_dfs_visit(),FUNCTION
,dot_graph_fg(),FUNCTION
,make_hier_block2(),FUNCTION
,self(),FUNCTION
,to_hier_block2(),FUNCTION
,msg_connect(),FUNCTION
,msg_disconnect(),FUNCTION
,disconnect_all(),FUNCTION
,lock(),FUNCTION
,unlock(),FUNCTION
,flatten(),FUNCTION
,processor_affinity(),FUNCTION
,dot_graph(),FUNCTION
,all_min_output_buffer_p(),FUNCTION
,all_max_output_buffer_p(),FUNCTION
,refresh_io_signature(),FUNCTION
,connect_input(),FUNCTION
,connect_output(),FUNCTION
,disconnect_input(),FUNCTION
,disconnect_output(),FUNCTION
,resolve_port(),FUNCTION
,resolve_endpoint(),FUNCTION
,flatten_aux(),FUNCTION
,makev(),FUNCTION
,make2(),FUNCTION
,make3(),FUNCTION
,sizeof_stream_item(),FUNCTION
,sizeof_stream_items(),FUNCTION
,throw_signal(),FUNCTION
,name(),FUNCTION
,get_instance(),FUNCTION
,get_filename(),FUNCTION
,get_watch_period(),FUNCTION
,watch_file(),FUNCTION
,load_config(),FUNCTION
,stop_watch(),FUNCTION
,reset_config(),FUNCTION
,logger_get_logger(),FUNCTION
,logger_load_config(),FUNCTION
,logger_set_level(),FUNCTION
,logger_get_level(),FUNCTION
,logger_add_console_appender(),FUNCTION
,logger_set_console_appender(),FUNCTION
,logger_add_file_appender(),FUNCTION
,logger_set_file_appender(),FUNCTION
,logger_add_rollingfile_appender(),FUNCTION
,logger_get_logger_names(),FUNCTION
,gr_logger_config(),FUNCTION
,gr_logger_get_logger_names(),FUNCTION
,gr_logger_reset_config(),FUNCTION
,configure_default_loggers(),FUNCTION
,update_logger_alias(),FUNCTION
,max_d(),FUNCTION
,reseed(),FUNCTION
,set_integer_limits(),FUNCTION
,ran_int(),FUNCTION
,ran1(),FUNCTION
,gasdev(),FUNCTION
,laplacian(),FUNCTION
,impulse(),FUNCTION
,rayleigh_complex(),FUNCTION
,rayleigh(),FUNCTION
,make_from_string(),FUNCTION
,to_string(),FUNCTION
,message_ncurrently_allocated(),FUNCTION
,post(),FUNCTION
,make_msg_queue(),FUNCTION
,delete_head(),FUNCTION
,flush(),FUNCTION
,rounduppow2(),FUNCTION
,zero_vector(),FUNCTION
,pagesize(),FUNCTION
,_symbol(),FUNCTION
,_integer(),FUNCTION
,_uint64(),FUNCTION
,_real(),FUNCTION
,_complex(),FUNCTION
,_pair(),FUNCTION
,_vector(),FUNCTION
,_tuple(),FUNCTION
,_uniform_vector(),FUNCTION
,_any(),FUNCTION
,get_PMT_NIL(),FUNCTION
,get_PMT_T(),FUNCTION
,get_PMT_F(),FUNCTION
,get_PMT_EOF(),FUNCTION
,is_true(),FUNCTION
,is_false(),FUNCTION
,is_bool(),FUNCTION
,from_bool(),FUNCTION
,to_bool(),FUNCTION
,get_symbol_hash_table_size(),FUNCTION
,get_symbol_hash_table(),FUNCTION
,hash_string(),FUNCTION
,is_symbol(),FUNCTION
,string_to_symbol(),FUNCTION
,intern(),FUNCTION
,symbol_to_string(),FUNCTION
,is_number(),FUNCTION
,is_integer(),FUNCTION
,from_long(),FUNCTION
,to_long(),FUNCTION
,is_uint64(),FUNCTION
,from_uint64(),FUNCTION
,to_uint64(),FUNCTION
,is_real(),FUNCTION
,from_double(),FUNCTION
,from_float(),FUNCTION
,to_double(),FUNCTION
,to_float(),FUNCTION
,make_rectangular(),FUNCTION
,from_complex(),FUNCTION
,pmt_from_complex(),FUNCTION
,to_complex(),FUNCTION
,is_null(),FUNCTION
,is_pair(),FUNCTION
,cons(),FUNCTION
,car(),FUNCTION
,cdr(),FUNCTION
,set_car(),FUNCTION
,set_cdr(),FUNCTION
,ref(),FUNCTION
,set(),FUNCTION
,fill(),FUNCTION
,is_vector(),FUNCTION
,make_vector(),FUNCTION
,vector_ref(),FUNCTION
,vector_set(),FUNCTION
,vector_fill(),FUNCTION
,is_tuple(),FUNCTION
,tuple_ref(),FUNCTION
,make_tuple(),FUNCTION
,to_tuple(),FUNCTION
,is_uniform_vector(),FUNCTION
,uniform_vector_itemsize(),FUNCTION
,uniform_vector_elements(),FUNCTION
,uniform_vector_writable_elements(),FUNCTION
,is_dict(),FUNCTION
,make_dict(),FUNCTION
,dcons(),FUNCTION
,dict_add(),FUNCTION
,dict_update(),FUNCTION
,dict_delete(),FUNCTION
,dict_ref(),FUNCTION
,dict_has_key(),FUNCTION
,dict_items(),FUNCTION
,dict_keys(),FUNCTION
,dict_values(),FUNCTION
,is_any(),FUNCTION
,make_any(),FUNCTION
,any_ref(),FUNCTION
,any_set(),FUNCTION
,is_msg_accepter(),FUNCTION
,make_msg_accepter(),FUNCTION
,msg_accepter_ref(),FUNCTION
,is_blob(),FUNCTION
,make_blob(),FUNCTION
,blob_data(),FUNCTION
,blob_length(),FUNCTION
,is_pdu(),FUNCTION
,eq(),FUNCTION
,eqv(),FUNCTION
,equal(),FUNCTION
,length(),FUNCTION
,assq(),FUNCTION
,assv(),FUNCTION
,assoc(),FUNCTION
,map(),FUNCTION
,reverse(),FUNCTION
,reverse_x(),FUNCTION
,nth(),FUNCTION
,nthcdr(),FUNCTION
,memq(),FUNCTION
,memv(),FUNCTION
,member(),FUNCTION
,subsetp(),FUNCTION
,list1(),FUNCTION
,list2(),FUNCTION
,list3(),FUNCTION
,list4(),FUNCTION
,list5(),FUNCTION
,list6(),FUNCTION
,list_add(),FUNCTION
,list_rm(),FUNCTION
,list_has(),FUNCTION
,caar(),FUNCTION
,cadr(),FUNCTION
,cdar(),FUNCTION
,cddr(),FUNCTION
,caddr(),FUNCTION
,cadddr(),FUNCTION
,is_eof_object(),FUNCTION
,dump_sizeof(),FUNCTION
,write_list_tail(),FUNCTION
,write(),FUNCTION
,write_string(),FUNCTION
,read(),FUNCTION
,serialize(),FUNCTION
,deserialize(),FUNCTION
,print(),FUNCTION
,ROUNDUP(),FUNCTION
,malloc(),FUNCTION
,free(),FUNCTION
,serialize_untagged_u8(),FUNCTION
,serialize_untagged_u16(),FUNCTION
,serialize_untagged_u32(),FUNCTION
,serialize_untagged_f64(),FUNCTION
,serialize_untagged_u64(),FUNCTION
,serialize_untagged_u8_array(),FUNCTION
,serialize_untagged_u16_array(),FUNCTION
,serialize_untagged_u32_array(),FUNCTION
,serialize_untagged_u64_array(),FUNCTION
,deserialize_untagged_u8(),FUNCTION
,deserialize_untagged_u16(),FUNCTION
,deserialize_untagged_u32(),FUNCTION
,deserialize_untagged_u64(),FUNCTION
,deserialize_untagged_f64(),FUNCTION
,deserialize_tuple(),FUNCTION
,deserialize_untagged_u8_vector(),FUNCTION
,deserialize_untagged_u16_vector(),FUNCTION
,deserialize_untagged_u32_vector(),FUNCTION
,deserialize_untagged_u64_vector(),FUNCTION
,serialize_str(),FUNCTION
,deserialize_str(),FUNCTION
,parse_pair(),FUNCTION
,_u8vector(),FUNCTION
,elements(),FUNCTION
,writable_elements(),FUNCTION
,uniform_elements(),FUNCTION
,uniform_writable_elements(),FUNCTION
,is_u8vector(),FUNCTION
,make_u8vector(),FUNCTION
,init_u8vector(),FUNCTION
,u8vector_ref(),FUNCTION
,u8vector_set(),FUNCTION
,u8vector_elements(),FUNCTION
,u8vector_writable_elements(),FUNCTION
,string_ref(),FUNCTION
,_s8vector(),FUNCTION
,is_s8vector(),FUNCTION
,make_s8vector(),FUNCTION
,init_s8vector(),FUNCTION
,s8vector_ref(),FUNCTION
,s8vector_set(),FUNCTION
,s8vector_elements(),FUNCTION
,s8vector_writable_elements(),FUNCTION
,_u16vector(),FUNCTION
,is_u16vector(),FUNCTION
,make_u16vector(),FUNCTION
,init_u16vector(),FUNCTION
,u16vector_ref(),FUNCTION
,u16vector_set(),FUNCTION
,u16vector_elements(),FUNCTION
,u16vector_writable_elements(),FUNCTION
,_s16vector(),FUNCTION
,is_s16vector(),FUNCTION
,make_s16vector(),FUNCTION
,init_s16vector(),FUNCTION
,s16vector_ref(),FUNCTION
,s16vector_set(),FUNCTION
,s16vector_elements(),FUNCTION
,s16vector_writable_elements(),FUNCTION
,_u32vector(),FUNCTION
,is_u32vector(),FUNCTION
,make_u32vector(),FUNCTION
,init_u32vector(),FUNCTION
,u32vector_ref(),FUNCTION
,u32vector_set(),FUNCTION
,u32vector_elements(),FUNCTION
,u32vector_writable_elements(),FUNCTION
,_s32vector(),FUNCTION
,is_s32vector(),FUNCTION
,make_s32vector(),FUNCTION
,init_s32vector(),FUNCTION
,s32vector_ref(),FUNCTION
,s32vector_set(),FUNCTION
,s32vector_elements(),FUNCTION
,s32vector_writable_elements(),FUNCTION
,_u64vector(),FUNCTION
,is_u64vector(),FUNCTION
,make_u64vector(),FUNCTION
,init_u64vector(),FUNCTION
,u64vector_ref(),FUNCTION
,u64vector_set(),FUNCTION
,u64vector_elements(),FUNCTION
,u64vector_writable_elements(),FUNCTION
,_s64vector(),FUNCTION
,is_s64vector(),FUNCTION
,make_s64vector(),FUNCTION
,init_s64vector(),FUNCTION
,s64vector_ref(),FUNCTION
,s64vector_set(),FUNCTION
,s64vector_elements(),FUNCTION
,s64vector_writable_elements(),FUNCTION
,_f32vector(),FUNCTION
,is_f32vector(),FUNCTION
,make_f32vector(),FUNCTION
,init_f32vector(),FUNCTION
,f32vector_ref(),FUNCTION
,f32vector_set(),FUNCTION
,f32vector_elements(),FUNCTION
,f32vector_writable_elements(),FUNCTION
,_f64vector(),FUNCTION
,is_f64vector(),FUNCTION
,make_f64vector(),FUNCTION
,init_f64vector(),FUNCTION
,f64vector_ref(),FUNCTION
,f64vector_set(),FUNCTION
,f64vector_elements(),FUNCTION
,f64vector_writable_elements(),FUNCTION
,_c32vector(),FUNCTION
,is_c32vector(),FUNCTION
,make_c32vector(),FUNCTION
,init_c32vector(),FUNCTION
,c32vector_ref(),FUNCTION
,c32vector_set(),FUNCTION
,c32vector_elements(),FUNCTION
,c32vector_writable_elements(),FUNCTION
,_c64vector(),FUNCTION
,is_c64vector(),FUNCTION
,make_c64vector(),FUNCTION
,init_c64vector(),FUNCTION
,c64vector_ref(),FUNCTION
,c64vector_set(),FUNCTION
,c64vector_elements(),FUNCTION
,c64vector_writable_elements(),FUNCTION
,check_tuple(),FUNCTION
,singleton(),FUNCTION
,_sys_prefs_filenames(),FUNCTION
,_read_files(),FUNCTION
,add_config_file(),FUNCTION
,save(),FUNCTION
,option_to_env(),FUNCTION
,has_section(),FUNCTION
,has_option(),FUNCTION
,get_string(),FUNCTION
,set_string(),FUNCTION
,get_bool(),FUNCTION
,set_bool(),FUNCTION
,get_long(),FUNCTION
,set_long(),FUNCTION
,get_double(),FUNCTION
,set_double(),FUNCTION
,leak_check(),FUNCTION
,t0_body(),FUNCTION
,t1_body(),FUNCTION
,t2_body(),FUNCTION
,t3_body(),FUNCTION
,enable_realtime_scheduling(),FUNCTION
,rescale_virtual_pri(),FUNCTION
,wait(),FUNCTION
,disarm(),FUNCTION
,create_and_stash_initial_sptr(),FUNCTION
,cancel_initial_sptr(),FUNCTION
,fetch_initial_sptr(),FUNCTION
,tmp_path(),FUNCTION
,appdata_path(),FUNCTION
,__userconf_path(),FUNCTION
,userconf_path(),FUNCTION
,parse_length_tags(),FUNCTION
,calculate_output_stream_length(),FUNCTION
,update_length_tags(),FUNCTION
,make_test(),FUNCTION
,get_current_thread_id(),FUNCTION
,thread_bind_to_processor(),FUNCTION
,thread_unbind(),FUNCTION
,_set_thread_name(),FUNCTION
,set_thread_name(),FUNCTION
,mask_signals(),FUNCTION
,create_thread(),FUNCTION
,add_thread(),FUNCTION
,remove_thread(),FUNCTION
,join_all(),FUNCTION
,interrupt_all(),FUNCTION
,size(),FUNCTION
,make_top_block(),FUNCTION
,run(),FUNCTION
,to_top_block(),FUNCTION
,make_scheduler(),FUNCTION
,wait_for_jobs(),FUNCTION
,restart(),FUNCTION
,notify_upstream(),FUNCTION
,notify_downstream(),FUNCTION
,notify_neighbors(),FUNCTION
,get_default_factory(),FUNCTION
,all_factories(),FUNCTION
,set_default_factory(),FUNCTION
,init_buffer(),FUNCTION
,check_mapping(),FUNCTION
,memsize(),FUNCTION
,test_a_bunch(),FUNCTION
,standard_tests(),FUNCTION
,test_factory(),FUNCTION
,test_all_factories(),FUNCTION
,granularity(),FUNCTION
,werror(),FUNCTION
,pathname(),FUNCTION
,ensure_dir_path(),FUNCTION
,bind_basic_block(),FUNCTION
,bind_block_detail(),FUNCTION
,bind_block_gateway(),FUNCTION
,bind_block(),FUNCTION
,bind_buffer(),FUNCTION
,bind_constants(),FUNCTION
,bind_endianness(),FUNCTION
,bind_expj(),FUNCTION
,bind_flowgraph(),FUNCTION
,bind_fxpt_nco(),FUNCTION
,bind_fxpt(),FUNCTION
,bind_fxpt_vco(),FUNCTION
,bind_hier_block2(),FUNCTION
,bind_high_res_timer(),FUNCTION
,bind_io_signature(),FUNCTION
,bind_logger(),FUNCTION
,bind_math(),FUNCTION
,bind_message(),FUNCTION
,bind_messages_msg_accepter_msgq(),FUNCTION
,bind_messages_msg_accepter(),FUNCTION
,bind_messages_msg_passing(),FUNCTION
,bind_messages_msg_producer(),FUNCTION
,bind_messages_msg_queue(),FUNCTION
,bind_msg_accepter(),FUNCTION
,bind_msg_handler(),FUNCTION
,bind_msg_queue(),FUNCTION
,bind_nco(),FUNCTION
,bind_prefs(),FUNCTION
,init_numpy(),FUNCTION
,bind_random(),FUNCTION
,bind_realtime_impl(),FUNCTION
,bind_realtime(),FUNCTION
,bind_rpccallbackregister_base(),FUNCTION
,bind_rpcmanager(),FUNCTION
,bind_rpcregisterhelpers(),FUNCTION
,bind_rpcserver_aggregator(),FUNCTION
,bind_rpcserver_base(),FUNCTION
,bind_rpcserver_booter_aggregator(),FUNCTION
,bind_runtime_types(),FUNCTION
,bind_sincos(),FUNCTION
,bind_sptr_magic(),FUNCTION
,bind_sync_block(),FUNCTION
,bind_sync_decimator(),FUNCTION
,bind_sync_interpolator(),FUNCTION
,bind_sys_paths(),FUNCTION
,bind_tag_checker(),FUNCTION
,bind_tagged_stream_block(),FUNCTION
,bind_tags(),FUNCTION
,bind_thread_body_wrapper(),FUNCTION
,bind_thread_group(),FUNCTION
,bind_thread(),FUNCTION
,bind_thrift_application_base(),FUNCTION
,top_block_run_unlocked(),FUNCTION
,top_block_start_unlocked(),FUNCTION
,top_block_wait_unlocked(),FUNCTION
,top_block_stop_unlocked(),FUNCTION
,top_block_unlock_unlocked(),FUNCTION
,bind_top_block(),FUNCTION
,bind_tpb_detail(),FUNCTION
,bind_pmt_pool(),FUNCTION
,bind_pmt(),FUNCTION
,bind_pmt_sugar(),FUNCTION
,set_rate(),FUNCTION
,set_reference(),FUNCTION
,set_gain(),FUNCTION
,set_max_gain(),FUNCTION
,scale(),FUNCTION
,scaleN(),FUNCTION
,set_decay_rate(),FUNCTION
,set_attack_rate(),FUNCTION
,work(),FUNCTION
,sinc(),FUNCTION
,generate_cpm_lrc_taps(),FUNCTION
,generate_cpm_lsrc_taps(),FUNCTION
,generate_cpm_lrec_taps(),FUNCTION
,tfm_g0(),FUNCTION
,generate_cpm_tfm_taps(),FUNCTION
,generate_cpm_gaussian_taps(),FUNCTION
,phase_response(),FUNCTION
,find_tone(),FUNCTION
,compute_freqs(),FUNCTION
,update_fft_params(),FUNCTION
,squelch_range(),FUNCTION
,update_state(),FUNCTION
,set_level(),FUNCTION
,set_frequency(),FUNCTION
,set_ramp(),FUNCTION
,set_gate(),FUNCTION
,generate(),FUNCTION
,set_amplitude(),FUNCTION
,sample(),FUNCTION
,sample_unbiased(),FUNCTION
,samples(),FUNCTION
,envelope(),FUNCTION
,set_scale(),FUNCTION
,set_freq_range(),FUNCTION
,squelch_enable(),FUNCTION
,set_lock_threshold(),FUNCTION
,set_loop_bandwidth(),FUNCTION
,set_damping_factor(),FUNCTION
,set_alpha(),FUNCTION
,set_beta(),FUNCTION
,set_phase(),FUNCTION
,set_min_freq(),FUNCTION
,set_max_freq(),FUNCTION
,get_loop_bandwidth(),FUNCTION
,get_damping_factor(),FUNCTION
,get_alpha(),FUNCTION
,get_beta(),FUNCTION
,get_frequency(),FUNCTION
,get_phase(),FUNCTION
,get_min_freq(),FUNCTION
,get_max_freq(),FUNCTION
,threshold(),FUNCTION
,set_threshold(),FUNCTION
,reset(),FUNCTION
,set_lo(),FUNCTION
,set_hi(),FUNCTION
,set_clipping(),FUNCTION
,random_value(),FUNCTION
,set_freq_msg(),FUNCTION
,set_cmd_msg(),FUNCTION
,set_sampling_freq(),FUNCTION
,set_waveform(),FUNCTION
,set_offset(),FUNCTION
,ramp(),FUNCTION
,gate(),FUNCTION
,unmuted(),FUNCTION
,bind_agc2_cc(),FUNCTION
,bind_agc2_ff(),FUNCTION
,bind_agc3_cc(),FUNCTION
,bind_agc_cc(),FUNCTION
,bind_agc_ff(),FUNCTION
,bind_agc(),FUNCTION
,bind_cpfsk_bc(),FUNCTION
,bind_cpm(),FUNCTION
,bind_ctcss_squelch_ff(),FUNCTION
,bind_dpll_bb(),FUNCTION
,bind_fastnoise_source_template(),FUNCTION
,bind_fastnoise_source(),FUNCTION
,bind_feedforward_agc_cc(),FUNCTION
,bind_fmdet_cf(),FUNCTION
,bind_frequency_modulator_fc(),FUNCTION
,bind_noise_source_template(),FUNCTION
,bind_noise_source(),FUNCTION
,bind_noise_type(),FUNCTION
,bind_phase_modulator_fc(),FUNCTION
,bind_pll_carriertracking_cc(),FUNCTION
,bind_pll_freqdet_cf(),FUNCTION
,bind_pll_refout_cc(),FUNCTION
,bind_probe_avg_mag_sqrd_c(),FUNCTION
,bind_probe_avg_mag_sqrd_cf(),FUNCTION
,bind_probe_avg_mag_sqrd_f(),FUNCTION
,bind_pwr_squelch_cc(),FUNCTION
,bind_pwr_squelch_ff(),FUNCTION
,bind_quadrature_demod_cf(),FUNCTION
,bind_rail_ff(),FUNCTION
,bind_random_uniform_source_template(),FUNCTION
,bind_random_uniform_source(),FUNCTION
,bind_sig_source_template(),FUNCTION
,bind_sig_source(),FUNCTION
,bind_sig_source_waveform(),FUNCTION
,bind_simple_squelch_cc(),FUNCTION
,bind_squelch_base_cc(),FUNCTION
,bind_squelch_base_ff(),FUNCTION
,gri_alsa_dump_hw_params(),FUNCTION
,gri_alsa_pick_acceptable_format(),FUNCTION
,alsa_sink_fcn(),FUNCTION
,default_device_name(),FUNCTION
,default_period_time(),FUNCTION
,default_nperiods(),FUNCTION
,work_s16(),FUNCTION
,work_s32(),FUNCTION
,work_s16_1x2(),FUNCTION
,work_s32_1x2(),FUNCTION
,write_buffer(),FUNCTION
,output_error_msg(),FUNCTION
,bail(),FUNCTION
,alsa_source_fcn(),FUNCTION
,work_s16_2x1(),FUNCTION
,work_s32_2x1(),FUNCTION
,read_buffer(),FUNCTION
,get_source_registry(),FUNCTION
,get_sink_registry(),FUNCTION
,register_source(),FUNCTION
,register_sink(),FUNCTION
,default_arch_name(),FUNCTION
,do_arch_warning(),FUNCTION
,jack_sink_fcn(),FUNCTION
,jack_sink_process(),FUNCTION
,jack_source_fcn(),FUNCTION
,jack_source_process(),FUNCTION
,oss_sink_fcn(),FUNCTION
,oss_source_fcn(),FUNCTION
,delete_mutex_cond(),FUNCTION
,n_avail_write_items(),FUNCTION
,n_avail_read_items(),FUNCTION
,buffer_length_items(),FUNCTION
,do_write_block(),FUNCTION
,do_full_read(),FUNCTION
,enqueue(),FUNCTION
,dequeue(),FUNCTION
,abort(),FUNCTION
,_get_num_channels(),FUNCTION
,ci_find_substr(),FUNCTION
,get_num_channels_for_audio_device_id(),FUNCTION
,find_audio_devices(),FUNCTION
,osx_sink_fcn(),FUNCTION
,setup(),FUNCTION
,teardown(),FUNCTION
,is_running(),FUNCTION
,check_channels(),FUNCTION
,au_output_callback(),FUNCTION
,osx_source_fcn(),FUNCTION
,alloc_audio_buffer_list(),FUNCTION
,free_audio_buffer_list(),FUNCTION
,converter_callback(),FUNCTION
,au_input_callback(),FUNCTION
,pa_find_device_by_name(),FUNCTION
,print_devices(),FUNCTION
,portaudio_sink_fcn(),FUNCTION
,create_ringbuffer(),FUNCTION
,portaudio_underrun_notification(),FUNCTION
,portaudio_sink_callback(),FUNCTION
,portaudio_source_fcn(),FUNCTION
,portaudio_source_callback(),FUNCTION
,windows_sink_fcn(),FUNCTION
,string_to_int(),FUNCTION
,is_format_supported(),FUNCTION
,find_device(),FUNCTION
,open_waveout_device(),FUNCTION
,write_waveout(),FUNCTION
,windows_source_fcn(),FUNCTION
,open_wavein_device(),FUNCTION
,read_wavein(),FUNCTION
,bind_sink(),FUNCTION
,bind_source(),FUNCTION
,advance_loop(),FUNCTION
,phase_wrap(),FUNCTION
,frequency_limit(),FUNCTION
,tanhf_lut(),FUNCTION
,next_bit(),FUNCTION
,next_byte(),FUNCTION
,next_short(),FUNCTION
,rotateN(),FUNCTION
,set_k(),FUNCTION
,add_tag(),FUNCTION
,set_true_tag(),FUNCTION
,set_false_tag(),FUNCTION
,enter_SEARCHING(),FUNCTION
,enter_MATCH0(),FUNCTION
,enter_MATCH1(),FUNCTION
,enter_MATCH2(),FUNCTION
,enter_LOCKED(),FUNCTION
,log_error(),FUNCTION
,update_gains(),FUNCTION
,handle_enable(),FUNCTION
,trigger_resync(),FUNCTION
,send_sync_values(),FUNCTION
,send_syncing(),FUNCTION
,handle_resync(),FUNCTION
,set_const_buffer(),FUNCTION
,fill_const_buffer(),FUNCTION
,get_freq(),FUNCTION
,get_gain(),FUNCTION
,set_freq(),FUNCTION
,get_real(),FUNCTION
,get_imag(),FUNCTION
,set_real(),FUNCTION
,set_imag(),FUNCTION
,handle_real(),FUNCTION
,handle_imag(),FUNCTION
,count_bits8(),FUNCTION
,count_bits16(),FUNCTION
,count_bits32(),FUNCTION
,count_bits64(),FUNCTION
,set_length(),FUNCTION
,set_dly(),FUNCTION
,handle_msg(),FUNCTION
,set_exponent(),FUNCTION
,read_items(),FUNCTION
,handle_residue(),FUNCTION
,open(),FUNCTION
,_open(),FUNCTION
,close(),FUNCTION
,do_update(),FUNCTION
,write_header(),FUNCTION
,update_header(),FUNCTION
,update_last_header(),FUNCTION
,update_last_header_inline(),FUNCTION
,update_last_header_detached(),FUNCTION
,write_and_update(),FUNCTION
,update_rx_time(),FUNCTION
,read_header(),FUNCTION
,parse_header(),FUNCTION
,parse_extras(),FUNCTION
,set_unbuffered(),FUNCTION
,seek(),FUNCTION
,set_begin_tag(),FUNCTION
,float_array_to_int(),FUNCTION
,float_array_to_uchar(),FUNCTION
,set_swap(),FUNCTION
,set_m(),FUNCTION
,set_n(),FUNCTION
,store(),FUNCTION
,print_pdu(),FUNCTION
,num_messages(),FUNCTION
,get_message(),FUNCTION
,set_mean(),FUNCTION
,mean(),FUNCTION
,set_std(),FUNCTION
,next_delay(),FUNCTION
,volk_add(),FUNCTION
,volk_sub(),FUNCTION
,volk_mul(),FUNCTION
,set_length_and_scale(),FUNCTION
,k(),FUNCTION
,propagate_tags_by_A(),FUNCTION
,set_A(),FUNCTION
,msg_handler_A(),FUNCTION
,count_received_msgs(),FUNCTION
,pack(),FUNCTION
,pack_rev(),FUNCTION
,log2_l_type(),FUNCTION
,get_bit_le(),FUNCTION
,get_bit_be(),FUNCTION
,pdu_port_id(),FUNCTION
,itemsize(),FUNCTION
,type_matches(),FUNCTION
,make_pdu_vector(),FUNCTION
,type_from_pmt(),FUNCTION
,set_threshold_factor_rise(),FUNCTION
,set_look_ahead(),FUNCTION
,invalidate(),FUNCTION
,lowest_value(),FUNCTION
,handle_msg_in(),FUNCTION
,set_shift(),FUNCTION
,rate(),FUNCTION
,timesincelast(),FUNCTION
,make_tag(),FUNCTION
,gr_make_derived_block(),FUNCTION
,error_vector_mag(),FUNCTION
,output_random(),FUNCTION
,set_max_regen(),FUNCTION
,set_period(),FUNCTION
,set_k_and_l(),FUNCTION
,msg_set_interpolation(),FUNCTION
,set_interpolation(),FUNCTION
,set_phase_inc(),FUNCTION
,set_input_index(),FUNCTION
,set_output_index(),FUNCTION
,handle_msg_input_index(),FUNCTION
,handle_msg_output_index(),FUNCTION
,handle_tcp_read(),FUNCTION
,start_tcp_accept(),FUNCTION
,tcp_server_send(),FUNCTION
,handle_tcp_accept(),FUNCTION
,tcp_client_send(),FUNCTION
,udp_send(),FUNCTION
,handle_udp_read(),FUNCTION
,start_rxthread(),FUNCTION
,stop_rxthread(),FUNCTION
,wait_ready(),FUNCTION
,send(),FUNCTION
,set_packet_len(),FUNCTION
,set_packet_len_pmt(),FUNCTION
,current_tags(),FUNCTION
,num_tags(),FUNCTION
,set_display(),FUNCTION
,set_save_all(),FUNCTION
,set_key_filter(),FUNCTION
,key_filter(),FUNCTION
,set_propagation(),FUNCTION
,set_single_key(),FUNCTION
,single_key(),FUNCTION
,set_value(),FUNCTION
,set_key(),FUNCTION
,set_nsamps(),FUNCTION
,handle_read(),FUNCTION
,do_accept(),FUNCTION
,do_write(),FUNCTION
,set_sample_rate(),FUNCTION
,sample_rate(),FUNCTION
,get_map(),FUNCTION
,data(),FUNCTION
,tags(),FUNCTION
,tun_alloc(),FUNCTION
,set_mtu(),FUNCTION
,uchar_array_to_float(),FUNCTION
,get_port(),FUNCTION
,start_receive(),FUNCTION
,unpack(),FUNCTION
,unpack_rev(),FUNCTION
,get_bit_be1(),FUNCTION
,get_in_sizeofs(),FUNCTION
,get_out_sizeofs(),FUNCTION
,set_mapping(),FUNCTION
,set_data(),FUNCTION
,close_wav(),FUNCTION
,set_bits_per_sample(),FUNCTION
,set_bits_per_sample_unlocked(),FUNCTION
,set_append(),FUNCTION
,bits_per_sample(),FUNCTION
,bind_abs_template(),FUNCTION
,bind_abs_blk(),FUNCTION
,bind_add_template(),FUNCTION
,bind_add_blk(),FUNCTION
,bind_add_const_bb(),FUNCTION
,bind_add_const_cc(),FUNCTION
,bind_add_const_ff(),FUNCTION
,bind_add_const_ii(),FUNCTION
,bind_add_const_ss(),FUNCTION
,bind_add_const_v_template(),FUNCTION
,bind_add_const_v(),FUNCTION
,bind_and_blk_template(),FUNCTION
,bind_and_blk(),FUNCTION
,bind_and_const_template(),FUNCTION
,bind_and_const(),FUNCTION
,bind_annotator_1to1(),FUNCTION
,bind_annotator_alltoall(),FUNCTION
,bind_annotator_raw(),FUNCTION
,bind_argmax_template(),FUNCTION
,bind_argmax(),FUNCTION
,bind_burst_tagger(),FUNCTION
,bind_char_to_float(),FUNCTION
,bind_char_to_short(),FUNCTION
,bind_check_lfsr_32k_s(),FUNCTION
,bind_complex_to_arg(),FUNCTION
,bind_complex_to_float(),FUNCTION
,bind_complex_to_imag(),FUNCTION
,bind_complex_to_interleaved_char(),FUNCTION
,bind_complex_to_interleaved_short(),FUNCTION
,bind_complex_to_mag(),FUNCTION
,bind_complex_to_mag_squared(),FUNCTION
,bind_complex_to_magphase(),FUNCTION
,bind_complex_to_real(),FUNCTION
,bind_conjugate_cc(),FUNCTION
,bind_control_loop(),FUNCTION
,bind_copy(),FUNCTION
,bind_correctiq_auto(),FUNCTION
,bind_correctiq_man(),FUNCTION
,bind_correctiq(),FUNCTION
,bind_correctiq_swapiq(),FUNCTION
,bind_count_bits(),FUNCTION
,bind_ctrlport_probe2_b(),FUNCTION
,bind_ctrlport_probe2_c(),FUNCTION
,bind_ctrlport_probe2_f(),FUNCTION
,bind_ctrlport_probe2_i(),FUNCTION
,bind_ctrlport_probe2_s(),FUNCTION
,bind_ctrlport_probe_c(),FUNCTION
,bind_deinterleave(),FUNCTION
,bind_delay(),FUNCTION
,bind_divide_template(),FUNCTION
,bind_divide(),FUNCTION
,bind_endian_swap(),FUNCTION
,bind_exponentiate_const_cci(),FUNCTION
,bind_file_descriptor_sink(),FUNCTION
,bind_file_descriptor_source(),FUNCTION
,bind_file_meta_sink(),FUNCTION
,bind_file_meta_source(),FUNCTION
,bind_file_sink_base(),FUNCTION
,bind_file_sink(),FUNCTION
,bind_file_source(),FUNCTION
,bind_float_to_char(),FUNCTION
,bind_float_to_complex(),FUNCTION
,bind_float_to_int(),FUNCTION
,bind_float_to_short(),FUNCTION
,bind_float_to_uchar(),FUNCTION
,bind_head(),FUNCTION
,bind_int_to_float(),FUNCTION
,bind_integrate_template(),FUNCTION
,bind_integrate(),FUNCTION
,bind_interleave(),FUNCTION
,bind_interleaved_char_to_complex(),FUNCTION
,bind_interleaved_short_to_complex(),FUNCTION
,bind_keep_m_in_n(),FUNCTION
,bind_keep_one_in_n(),FUNCTION
,bind_lfsr_15_1_0(),FUNCTION
,bind_lfsr_32k(),FUNCTION
,bind_lfsr_32k_source_s(),FUNCTION
,bind_magphase_to_complex(),FUNCTION
,bind_max_blk_template(),FUNCTION
,bind_max_blk(),FUNCTION
,bind_message_debug(),FUNCTION
,bind_message_strobe(),FUNCTION
,bind_message_strobe_random(),FUNCTION
,bind_min_blk_template(),FUNCTION
,bind_min_blk(),FUNCTION
,bind_moving_average_template(),FUNCTION
,bind_moving_average(),FUNCTION
,bind_multiply_by_tag_value_cc(),FUNCTION
,bind_multiply_conjugate_cc(),FUNCTION
,bind_multiply_const_template(),FUNCTION
,bind_multiply_const(),FUNCTION
,bind_multiply_const_v_template(),FUNCTION
,bind_multiply_const_v(),FUNCTION
,bind_multiply_matrix_template(),FUNCTION
,bind_multiply_matrix(),FUNCTION
,bind_multiply_template(),FUNCTION
,bind_multiply(),FUNCTION
,bind_mute_template(),FUNCTION
,bind_mute(),FUNCTION
,bind_nlog10_ff(),FUNCTION
,bind_nop(),FUNCTION
,bind_not_template(),FUNCTION
,bind_not_blk(),FUNCTION
,bind_null_sink(),FUNCTION
,bind_null_source(),FUNCTION
,bind_or_blk_template(),FUNCTION
,bind_or_blk(),FUNCTION
,bind_pack_k_bits_bb(),FUNCTION
,bind_pack_k_bits(),FUNCTION
,bind_packed_to_unpacked_template(),FUNCTION
,bind_packed_to_unpacked(),FUNCTION
,bind_patterned_interleaver(),FUNCTION
,bind_pdu_filter(),FUNCTION
,bind_pdu(),FUNCTION
,bind_pdu_remove(),FUNCTION
,bind_pdu_set(),FUNCTION
,bind_pdu_to_tagged_stream(),FUNCTION
,bind_peak_detector2_fb(),FUNCTION
,bind_peak_detector_template(),FUNCTION
,bind_peak_detector(),FUNCTION
,bind_phase_shift(),FUNCTION
,bind_plateau_detector_fb(),FUNCTION
,bind_probe_rate(),FUNCTION
,bind_probe_signal_template(),FUNCTION
,bind_probe_signal(),FUNCTION
,bind_probe_signal_v_template(),FUNCTION
,bind_probe_signal_v(),FUNCTION
,bind_random_pdu(),FUNCTION
,bind_regenerate_bb(),FUNCTION
,bind_repack_bits_bb(),FUNCTION
,bind_repeat(),FUNCTION
,bind_rms_cf(),FUNCTION
,bind_rms_ff(),FUNCTION
,bind_rotator_cc(),FUNCTION
,bind_rotator(),FUNCTION
,bind_sample_and_hold_template(),FUNCTION
,bind_sample_and_hold(),FUNCTION
,bind_selector(),FUNCTION
,bind_short_to_char(),FUNCTION
,bind_short_to_float(),FUNCTION
,bind_skiphead(),FUNCTION
,bind_socket_pdu(),FUNCTION
,bind_stream_demux(),FUNCTION
,bind_stream_mux(),FUNCTION
,bind_stream_to_streams(),FUNCTION
,bind_stream_to_tagged_stream(),FUNCTION
,bind_stream_to_vector(),FUNCTION
,bind_streams_to_stream(),FUNCTION
,bind_streams_to_vector(),FUNCTION
,bind_stretch_ff(),FUNCTION
,bind_sub_template(),FUNCTION
,bind_sub(),FUNCTION
,bind_tag_debug(),FUNCTION
,bind_tag_gate(),FUNCTION
,bind_tag_share(),FUNCTION
,bind_tagged_file_sink(),FUNCTION
,bind_tagged_stream_align(),FUNCTION
,bind_tagged_stream_multiply_length(),FUNCTION
,bind_tagged_stream_mux(),FUNCTION
,bind_tagged_stream_to_pdu(),FUNCTION
,bind_tags_strobe(),FUNCTION
,bind_tcp_server_sink(),FUNCTION
,bind_test_tag_variable_rate_ff(),FUNCTION
,bind_threshold_ff(),FUNCTION
,bind_throttle(),FUNCTION
,bind_transcendental(),FUNCTION
,bind_tsb_vector_sink_template(),FUNCTION
,bind_tsb_vector_sink(),FUNCTION
,bind_tuntap_pdu(),FUNCTION
,bind_uchar_to_float(),FUNCTION
,bind_udp_sink(),FUNCTION
,bind_udp_source(),FUNCTION
,bind_unpack_k_bits_bb(),FUNCTION
,bind_unpack_k_bits(),FUNCTION
,bind_unpacked_to_packed_template(),FUNCTION
,bind_unpacked_to_packed(),FUNCTION
,bind_vco_c(),FUNCTION
,bind_vco_f(),FUNCTION
,bind_vector_insert_template(),FUNCTION
,bind_vector_insert(),FUNCTION
,bind_vector_map(),FUNCTION
,bind_vector_sink_template(),FUNCTION
,bind_vector_sink(),FUNCTION
,bind_vector_source_template(),FUNCTION
,bind_vector_source(),FUNCTION
,bind_vector_to_stream(),FUNCTION
,bind_vector_to_streams(),FUNCTION
,bind_wavfile(),FUNCTION
,bind_wavfile_sink(),FUNCTION
,bind_wavfile_source(),FUNCTION
,bind_xor_blk_template(),FUNCTION
,bind_xor_blk(),FUNCTION
,timeval_to_double(),FUNCTION
,benchmark(),FUNCTION
,basic_sincos_vec(),FUNCTION
,native_sincos_vec(),FUNCTION
,fxpt_sincos_vec(),FUNCTION
,native_sincos(),FUNCTION
,fxpt_sincos(),FUNCTION
,native_sin(),FUNCTION
,fxpt_sin(),FUNCTION
,nop_fct(),FUNCTION
,nop_loop(),FUNCTION
,basic_vco(),FUNCTION
,native_vco(),FUNCTION
,fxpt_vco(),FUNCTION
,set_noise_voltage(),FUNCTION
,set_taps(),FUNCTION
,set_timing_offset(),FUNCTION
,noise_voltage(),FUNCTION
,taps(),FUNCTION
,timing_offset(),FUNCTION
,set_frequency_offset(),FUNCTION
,frequency_offset(),FUNCTION
,next_samples(),FUNCTION
,next_sample(),FUNCTION
,update_theta(),FUNCTION
,mu(),FUNCTION
,interp_ratio(),FUNCTION
,set_mu(),FUNCTION
,set_interp_ratio(),FUNCTION
,bind_cfo_model(),FUNCTION
,bind_channel_model2(),FUNCTION
,bind_channel_model(),FUNCTION
,bind_dynamic_channel_model(),FUNCTION
,bind_fading_model(),FUNCTION
,bind_selective_fading_model2(),FUNCTION
,bind_selective_fading_model(),FUNCTION
,bind_sro_model(),FUNCTION
,update_taps(),FUNCTION
,update_tap(),FUNCTION
,calc_sector_value(),FUNCTION
,base(),FUNCTION
,formatter(),FUNCTION
,set_header_num(),FUNCTION
,popCount(),FUNCTION
,next_bit_scramble(),FUNCTION
,next_bit_descramble(),FUNCTION
,pre_shift(),FUNCTION
,fft_len(),FUNCTION
,header_len(),FUNCTION
,mask(),FUNCTION
,seed(),FUNCTION
,len(),FUNCTION
,count(),FUNCTION
,_get_next_reset_index(),FUNCTION
,prefix_length(),FUNCTION
,suffix_length(),FUNCTION
,write_padding(),FUNCTION
,copy_items(),FUNCTION
,apply_ramp(),FUNCTION
,add_length_tag(),FUNCTION
,enter_wait(),FUNCTION
,enter_prepad(),FUNCTION
,enter_rampup(),FUNCTION
,enter_copy(),FUNCTION
,enter_rampdown(),FUNCTION
,enter_postpad(),FUNCTION
,set_vector_from_pmt(),FUNCTION
,handle_set_symbol_table(),FUNCTION
,set_symbol_table(),FUNCTION
,set_omega(),FUNCTION
,slicer_45deg(),FUNCTION
,set_ted_gain(),FUNCTION
,set_avg_period(),FUNCTION
,set_inst_period(),FUNCTION
,set_max_avg_period(),FUNCTION
,set_min_avg_period(),FUNCTION
,set_nom_avg_period(),FUNCTION
,get_ted_gain(),FUNCTION
,get_avg_period(),FUNCTION
,get_inst_period(),FUNCTION
,get_max_avg_period(),FUNCTION
,get_min_avg_period(),FUNCTION
,get_nom_avg_period(),FUNCTION
,revert_loop(),FUNCTION
,period_limit(),FUNCTION
,error(),FUNCTION
,set_modulus(),FUNCTION
,map_to_points(),FUNCTION
,map_to_points_v(),FUNCTION
,get_distance(),FUNCTION
,get_closest_point(),FUNCTION
,decision_maker_pe(),FUNCTION
,s_points(),FUNCTION
,v_points(),FUNCTION
,calc_metric(),FUNCTION
,calc_euclidean_metric(),FUNCTION
,calc_hard_symbol_metric(),FUNCTION
,calc_arity(),FUNCTION
,decision_maker_v(),FUNCTION
,gen_soft_dec_lut(),FUNCTION
,calc_soft_dec(),FUNCTION
,set_soft_dec_lut(),FUNCTION
,has_soft_dec_lut(),FUNCTION
,soft_dec_lut(),FUNCTION
,soft_decision_maker(),FUNCTION
,max_min_axes(),FUNCTION
,decision_maker(),FUNCTION
,find_sector_values(),FUNCTION
,get_sector(),FUNCTION
,calc_sector_center(),FUNCTION
,phase_error_tracking(),FUNCTION
,set_phase_freq(),FUNCTION
,handle_set_constellation(),FUNCTION
,handle_rotate_phase(),FUNCTION
,set_constellation(),FUNCTION
,symbols(),FUNCTION
,set_symbols(),FUNCTION
,mark_delay(),FUNCTION
,_set_mark_delay(),FUNCTION
,set_mark_delay(),FUNCTION
,_set_threshold(),FUNCTION
,set_access_code(),FUNCTION
,access_code(),FUNCTION
,enter_search(),FUNCTION
,enter_have_sync(),FUNCTION
,enter_have_header(),FUNCTION
,header_ok(),FUNCTION
,header_payload(),FUNCTION
,handle_set_noise(),FUNCTION
,make_gmskmod_bc(),FUNCTION
,index(),FUNCTION
,samples_per_sym(),FUNCTION
,beta(),FUNCTION
,update_crc32(),FUNCTION
,crc32(),FUNCTION
,calc(),FUNCTION
,check(),FUNCTION
,calculate_crc32(),FUNCTION
,update_decision_history(),FUNCTION
,equalize(),FUNCTION
,set_samples_per_symbol(),FUNCTION
,set_rolloff(),FUNCTION
,set_filter_size(),FUNCTION
,samples_per_symbol(),FUNCTION
,rolloff(),FUNCTION
,filter_size(),FUNCTION
,design_filter(),FUNCTION
,print_taps(),FUNCTION
,glfsr_mask(),FUNCTION
,crc_ccitt(),FUNCTION
,stuff(),FUNCTION
,header(),FUNCTION
,add_field8(),FUNCTION
,add_field16(),FUNCTION
,add_field32(),FUNCTION
,add_field64(),FUNCTION
,insert_bit(),FUNCTION
,extract_field8(),FUNCTION
,extract_field16(),FUNCTION
,extract_field32(),FUNCTION
,extract_field64(),FUNCTION
,header_nbytes(),FUNCTION
,format(),FUNCTION
,header_nbits(),FUNCTION
,parse(),FUNCTION
,msg_port_id(),FUNCTION
,_update_pmt_time(),FUNCTION
,check_buffers_ready(),FUNCTION
,find_trigger_signal(),FUNCTION
,parse_header_data_msg(),FUNCTION
,copy_n_symbols(),FUNCTION
,update_special_tags(),FUNCTION
,add_special_tags(),FUNCTION
,next_phase(),FUNCTION
,advance_phase(),FUNCTION
,revert_phase(),FUNCTION
,sync_reset(),FUNCTION
,interpolate(),FUNCTION
,differentiate(),FUNCTION
,ntaps(),FUNCTION
,phase(),FUNCTION
,phase_n(),FUNCTION
,phase_wrapped(),FUNCTION
,prev_phase_wrapped(),FUNCTION
,sign(),FUNCTION
,set_map(),FUNCTION
,modulate_vector_bc(),FUNCTION
,alpha(),FUNCTION
,update(),FUNCTION
,snr(),FUNCTION
,signal(),FUNCTION
,noise(),FUNCTION
,choose_type(),FUNCTION
,tag_nsample(),FUNCTION
,set_tag_nsample(),FUNCTION
,set_sps(),FUNCTION
,get_sps(),FUNCTION
,set_limit(),FUNCTION
,get_limit(),FUNCTION
,get_carr_offset(),FUNCTION
,get_chan_taps(),FUNCTION
,get_channel_state(),FUNCTION
,header_formatter(),FUNCTION
,header_parser(),FUNCTION
,_get_header_len_from_occupied_carriers(),FUNCTION
,set_header_formatter(),FUNCTION
,loop_bandwidth(),FUNCTION
,damping_factor(),FUNCTION
,clock_rate(),FUNCTION
,create_diff_taps(),FUNCTION
,taps_as_string(),FUNCTION
,diff_taps_as_string(),FUNCTION
,diff_taps(),FUNCTION
,channel_taps(),FUNCTION
,diff_channel_taps(),FUNCTION
,msg_nsample(),FUNCTION
,set_msg_nsample(),FUNCTION
,append(),FUNCTION
,set_header_format(),FUNCTION
,xoroshiro_fill_buffer(),FUNCTION
,enter_looking(),FUNCTION
,enter_under_threshold(),FUNCTION
,packit(),FUNCTION
,update_avg(),FUNCTION
,sub_index(),FUNCTION
,update_internal_clock_outputs(),FUNCTION
,advance_internal_clocks(),FUNCTION
,revert_internal_clocks(),FUNCTION
,sync_reset_internal_clocks(),FUNCTION
,collect_tags(),FUNCTION
,find_sync_tag(),FUNCTION
,save_expiring_tags(),FUNCTION
,setup_optional_outputs(),FUNCTION
,emit_optional_output(),FUNCTION
,input_lookahead(),FUNCTION
,revert(),FUNCTION
,slice(),FUNCTION
,compute_error_cf(),FUNCTION
,compute_error_ff(),FUNCTION
,inputs_per_symbol(),FUNCTION
,needs_lookahead(),FUNCTION
,needs_derivative(),FUNCTION
,advance_input_clock(),FUNCTION
,revert_input_clock(),FUNCTION
,sync_reset_input_clock(),FUNCTION
,bind_adaptive_algorithm_cma(),FUNCTION
,bind_adaptive_algorithm_lms(),FUNCTION
,bind_adaptive_algorithm_nlms(),FUNCTION
,bind_adaptive_algorithm(),FUNCTION
,bind_additive_scrambler_bb(),FUNCTION
,bind_binary_slicer_fb(),FUNCTION
,bind_burst_shaper_template(),FUNCTION
,bind_burst_shaper(),FUNCTION
,bind_chunks_to_symbols_template(),FUNCTION
,bind_chunks_to_symbols(),FUNCTION
,bind_clock_recovery_mm_cc(),FUNCTION
,bind_clock_recovery_mm_ff(),FUNCTION
,bind_cma_equalizer_cc(),FUNCTION
,bind_constellation_decoder_cb(),FUNCTION
,bind_constellation(),FUNCTION
,bind_constellation_receiver_cb(),FUNCTION
,bind_constellation_soft_decoder_cf(),FUNCTION
,bind_corr_est_cc(),FUNCTION
,bind_correlate_access_code_bb(),FUNCTION
,bind_correlate_access_code_bb_ts(),FUNCTION
,bind_correlate_access_code_ff_ts(),FUNCTION
,bind_correlate_access_code_tag_bb(),FUNCTION
,bind_correlate_access_code_tag_ff(),FUNCTION
,bind_costas_loop_cc(),FUNCTION
,bind_cpmmod_bc(),FUNCTION
,bind_crc32_async_bb(),FUNCTION
,bind_crc32_bb(),FUNCTION
,bind_crc32(),FUNCTION
,bind_decision_feedback_equalizer(),FUNCTION
,bind_descrambler_bb(),FUNCTION
,bind_diff_decoder_bb(),FUNCTION
,bind_diff_encoder_bb(),FUNCTION
,bind_diff_phasor_cc(),FUNCTION
,bind_fll_band_edge_cc(),FUNCTION
,bind_framer_sink_1(),FUNCTION
,bind_glfsr(),FUNCTION
,bind_glfsr_source_b(),FUNCTION
,bind_glfsr_source_f(),FUNCTION
,bind_hdlc_deframer_bp(),FUNCTION
,bind_hdlc_framer_pb(),FUNCTION
,bind_header_buffer(),FUNCTION
,bind_header_format_base(),FUNCTION
,bind_header_format_counter(),FUNCTION
,bind_header_format_crc(),FUNCTION
,bind_header_format_default(),FUNCTION
,bind_header_format_ofdm(),FUNCTION
,bind_header_payload_demux(),FUNCTION
,bind_interpolating_resampler_type(),FUNCTION
,bind_kurtotic_equalizer_cc(),FUNCTION
,bind_lfsr(),FUNCTION
,bind_linear_equalizer(),FUNCTION
,bind_lms_dd_equalizer_cc(),FUNCTION
,bind_map_bb(),FUNCTION
,bind_meas_evm_cc(),FUNCTION
,bind_metric_type(),FUNCTION
,bind_modulate_vector(),FUNCTION
,bind_mpsk_snr_est_cc(),FUNCTION
,bind_mpsk_snr_est(),FUNCTION
,bind_msk_timing_recovery_cc(),FUNCTION
,bind_ofdm_carrier_allocator_cvc(),FUNCTION
,bind_ofdm_chanest_vcvc(),FUNCTION
,bind_ofdm_cyclic_prefixer(),FUNCTION
,bind_ofdm_equalizer_base(),FUNCTION
,bind_ofdm_equalizer_simpledfe(),FUNCTION
,bind_ofdm_equalizer_static(),FUNCTION
,bind_ofdm_frame_equalizer_vcvc(),FUNCTION
,bind_ofdm_serializer_vcc(),FUNCTION
,bind_ofdm_sync_sc_cfb(),FUNCTION
,bind_packet_header_default(),FUNCTION
,bind_packet_header_ofdm(),FUNCTION
,bind_packet_headergenerator_bb(),FUNCTION
,bind_packet_headerparser_b(),FUNCTION
,bind_packet_sink(),FUNCTION
,bind_pfb_clock_sync_ccf(),FUNCTION
,bind_pfb_clock_sync_fff(),FUNCTION
,bind_pn_correlator_cc(),FUNCTION
,bind_probe_density_b(),FUNCTION
,bind_probe_mpsk_snr_est_c(),FUNCTION
,bind_protocol_formatter_async(),FUNCTION
,bind_protocol_formatter_bb(),FUNCTION
,bind_protocol_parser_b(),FUNCTION
,bind_scrambler_bb(),FUNCTION
,bind_simple_correlator(),FUNCTION
,bind_simple_framer(),FUNCTION
,bind_simple_framer_sync(),FUNCTION
,bind_symbol_sync_cc(),FUNCTION
,bind_symbol_sync_ff(),FUNCTION
,bind_timing_error_detector_type(),FUNCTION
,encode(),FUNCTION
,sync(),FUNCTION
,bin_map(),FUNCTION
,init_field_sync_common(),FUNCTION
,filterN(),FUNCTION
,adaptN(),FUNCTION
,decode(),FUNCTION
,delay(),FUNCTION
,init_field_sync_1(),FUNCTION
,init_field_sync_2(),FUNCTION
,save_last_symbols(),FUNCTION
,last_regular_seg_p(),FUNCTION
,initialize_output_map(),FUNCTION
,randomize(),FUNCTION
,derandomize(),FUNCTION
,slow_output_map(),FUNCTION
,fast_output_map(),FUNCTION
,clk(),FUNCTION
,output_and_clk(),FUNCTION
,num_errors_corrected(),FUNCTION
,num_bad_packets(),FUNCTION
,num_packets(),FUNCTION
,best_state_metric(),FUNCTION
,tag_is_start_field_sync(),FUNCTION
,tag_is_start_field_sync_1(),FUNCTION
,tag_is_start_field_sync_2(),FUNCTION
,encode_helper(),FUNCTION
,set_field_sync1(),FUNCTION
,set_field_sync2(),FUNCTION
,set_regular_seg(),FUNCTION
,set_transport_error(),FUNCTION
,sanity_check(),FUNCTION
,decoder_metrics(),FUNCTION
,build_decode_structures(),FUNCTION
,usage(),FUNCTION
,init_rand(),FUNCTION
,init_rs(),FUNCTION
,gf_poly_eval(),FUNCTION
,reed_solomon_enc(),FUNCTION
,compute_sum(),FUNCTION
,diff_precoder(),FUNCTION
,init_trellis(),FUNCTION
,trellis_code_64qam(),FUNCTION
,trellis_code_256qam(),FUNCTION
,build_crc8_table(),FUNCTION
,add_crc8_bits(),FUNCTION
,add_bbheader(),FUNCTION
,add_inband_type_b(),FUNCTION
,init_bb_randomiser(),FUNCTION
,poly_mult(),FUNCTION
,calculate_crc_table(),FUNCTION
,calculate_medium_crc_table(),FUNCTION
,bch_poly_build_tables(),FUNCTION
,ldpc_lookup_generate(),FUNCTION
,b_64_8_code(),FUNCTION
,pl_header_encode(),FUNCTION
,parity_chk(),FUNCTION
,build_symbol_scrambler_table(),FUNCTION
,set_frame_number(),FUNCTION
,get_frame_mumber(),FUNCTION
,get_constellation(),FUNCTION
,set_hierarchical(),FUNCTION
,get_hierarchical(),FUNCTION
,set_code_rate_HP(),FUNCTION
,set_code_rate_LP(),FUNCTION
,get_code_rate_HP(),FUNCTION
,get_code_rate_LP(),FUNCTION
,set_transmission_mode(),FUNCTION
,get_transmission_mode(),FUNCTION
,make_constellation_points(),FUNCTION
,find_constellation_value(),FUNCTION
,bin_to_gray(),FUNCTION
,is_sync_start(),FUNCTION
,init_prbs(),FUNCTION
,clock_prbs(),FUNCTION
,generate_codeword(),FUNCTION
,generate_punctured_code(),FUNCTION
,find_constellation_point(),FUNCTION
,peak_detect_init(),FUNCTION
,peak_detect_process(),FUNCTION
,ml_sync(),FUNCTION
,send_sync_start(),FUNCTION
,derotate(),FUNCTION
,generate_prbs(),FUNCTION
,generate_bch_code(),FUNCTION
,verify_bch_code(),FUNCTION
,set_symbol_index(),FUNCTION
,get_symbol_index(),FUNCTION
,set_tps_data(),FUNCTION
,get_tps_data(),FUNCTION
,reset_pilot_generator(),FUNCTION
,get_current_spilot(),FUNCTION
,get_spilot_value(),FUNCTION
,set_spilot_value(),FUNCTION
,set_channel_gain(),FUNCTION
,advance_spilot(),FUNCTION
,get_first_spilot(),FUNCTION
,get_last_spilot(),FUNCTION
,get_next_spilot(),FUNCTION
,process_spilot_data(),FUNCTION
,get_current_cpilot(),FUNCTION
,get_cpilot_value(),FUNCTION
,advance_cpilot(),FUNCTION
,process_cpilot_data(),FUNCTION
,compute_oneshot_csft(),FUNCTION
,frequency_correction(),FUNCTION
,get_current_tpilot(),FUNCTION
,get_tpilot_value(),FUNCTION
,advance_tpilot(),FUNCTION
,set_tps_bits(),FUNCTION
,format_tps_data(),FUNCTION
,process_tps_data(),FUNCTION
,set_chanestim_carrier(),FUNCTION
,advance_chanestim(),FUNCTION
,get_current_payload(),FUNCTION
,set_payload_carrier(),FUNCTION
,advance_payload(),FUNCTION
,process_payload_data(),FUNCTION
,update_output(),FUNCTION
,parse_input(),FUNCTION
,generate_H(),FUNCTION
,H(),FUNCTION
,calculate_R(),FUNCTION
,dvbt_viterbi_chunks_init_sse2(),FUNCTION
,dvbt_viterbi_chunks_init_generic(),FUNCTION
,dvbt_viterbi_butterfly2_sse2(),FUNCTION
,dvbt_viterbi_butterfly2_generic(),FUNCTION
,dvbt_viterbi_get_output_sse2(),FUNCTION
,dvbt_viterbi_get_output_generic(),FUNCTION
,add_crc32_bits(),FUNCTION
,poly_pack(),FUNCTION
,reg_6_shift(),FUNCTION
,l1pre_ldpc_lookup_generate(),FUNCTION
,l1post_ldpc_lookup_generate(),FUNCTION
,add_l1pre(),FUNCTION
,add_l1post(),FUNCTION
,init_dummy_randomizer(),FUNCTION
,init_l1_randomizer(),FUNCTION
,interleave_parity_bits(),FUNCTION
,twist_interleave_columns(),FUNCTION
,generate_lookup(),FUNCTION
,init_p1_randomizer(),FUNCTION
,init_pilots(),FUNCTION
,bind_atsc_consts(),FUNCTION
,bind_atsc_deinterleaver(),FUNCTION
,bind_atsc_depad(),FUNCTION
,bind_atsc_derandomizer(),FUNCTION
,bind_atsc_equalizer(),FUNCTION
,bind_atsc_field_sync_mux(),FUNCTION
,bind_atsc_fpll(),FUNCTION
,bind_atsc_fs_checker(),FUNCTION
,bind_atsc_interleaver(),FUNCTION
,bind_atsc_pad(),FUNCTION
,bind_atsc_randomizer(),FUNCTION
,bind_atsc_rs_decoder(),FUNCTION
,bind_atsc_rs_encoder(),FUNCTION
,bind_atsc_sync(),FUNCTION
,bind_atsc_trellis_encoder(),FUNCTION
,bind_atsc_viterbi_decoder(),FUNCTION
,bind_catv_config(),FUNCTION
,bind_catv_frame_sync_enc_bb(),FUNCTION
,bind_catv_randomizer_bb(),FUNCTION
,bind_catv_reed_solomon_enc_bb(),FUNCTION
,bind_catv_transport_framing_enc_bb(),FUNCTION
,bind_catv_trellis_enc_bb(),FUNCTION
,bind_dvb_bbheader_bb(),FUNCTION
,bind_dvb_bbscrambler_bb(),FUNCTION
,bind_dvb_bch_bb(),FUNCTION
,bind_dvb_config(),FUNCTION
,bind_dvb_ldpc_bb(),FUNCTION
,bind_dvbs2_config(),FUNCTION
,bind_dvbs2_interleaver_bb(),FUNCTION
,bind_dvbs2_modulator_bc(),FUNCTION
,bind_dvbs2_physical_cc(),FUNCTION
,bind_dvbt2_cellinterleaver_cc(),FUNCTION
,bind_dvbt2_config(),FUNCTION
,bind_dvbt2_framemapper_cc(),FUNCTION
,bind_dvbt2_freqinterleaver_cc(),FUNCTION
,bind_dvbt2_interleaver_bb(),FUNCTION
,bind_dvbt2_miso_cc(),FUNCTION
,bind_dvbt2_modulator_bc(),FUNCTION
,bind_dvbt2_p1insertion_cc(),FUNCTION
,bind_dvbt2_paprtr_cc(),FUNCTION
,bind_dvbt2_pilotgenerator_cc(),FUNCTION
,bind_dvbt_bit_inner_deinterleaver(),FUNCTION
,bind_dvbt_bit_inner_interleaver(),FUNCTION
,bind_dvbt_config(),FUNCTION
,bind_dvbt_convolutional_deinterleaver(),FUNCTION
,bind_dvbt_convolutional_interleaver(),FUNCTION
,bind_dvbt_demap(),FUNCTION
,bind_dvbt_demod_reference_signals(),FUNCTION
,bind_dvbt_energy_descramble(),FUNCTION
,bind_dvbt_energy_dispersal(),FUNCTION
,bind_dvbt_inner_coder(),FUNCTION
,bind_dvbt_map(),FUNCTION
,bind_dvbt_ofdm_sym_acquisition(),FUNCTION
,bind_dvbt_reed_solomon_dec(),FUNCTION
,bind_dvbt_reed_solomon_enc(),FUNCTION
,bind_dvbt_reference_signals(),FUNCTION
,bind_dvbt_symbol_inner_interleaver(),FUNCTION
,bind_dvbt_viterbi_decoder(),FUNCTION
,get_iterations(),FUNCTION
,get_input_size(),FUNCTION
,get_output_size(),FUNCTION
,set_frame_size(),FUNCTION
,get_input_conversion(),FUNCTION
,get_output_conversion(),FUNCTION
,get_matrix(),FUNCTION
,get_mlist(),FUNCTION
,get_nlist(),FUNCTION
,get_num_mlist(),FUNCTION
,get_num_nlist(),FUNCTION
,get_N(),FUNCTION
,get_M(),FUNCTION
,get_max_num_nlist(),FUNCTION
,get_max_num_mlist(),FUNCTION
,print_nlist_i(),FUNCTION
,print_mlist_i(),FUNCTION
,decode_unpacked(),FUNCTION
,decode_packed(),FUNCTION
,encode_unpacked(),FUNCTION
,encode_packed(),FUNCTION
,set_alist_sigma(),FUNCTION
,get_Q(),FUNCTION
,get_R(),FUNCTION
,get_H(),FUNCTION
,rx_lr_calc(),FUNCTION
,get_rx_lr(),FUNCTION
,get_lr(),FUNCTION
,spa_initialize(),FUNCTION
,update_chks(),FUNCTION
,update_vars(),FUNCTION
,get_estimate(),FUNCTION
,compute_init_estimate(),FUNCTION
,decision(),FUNCTION
,get_K(),FUNCTION
,get_syndrome(),FUNCTION
,is_codeword(),FUNCTION
,set_max_iterations(),FUNCTION
,get_max_iterations(),FUNCTION
,calculate_log_ber(),FUNCTION
,update_counters(),FUNCTION
,get_input_item_size(),FUNCTION
,get_history(),FUNCTION
,get_shift(),FUNCTION
,create_viterbi(),FUNCTION
,parity(),FUNCTION
,parityb(),FUNCTION
,partab_init(),FUNCTION
,init_viterbi(),FUNCTION
,init_viterbi_unbiased(),FUNCTION
,find_endstate(),FUNCTION
,update_viterbi_blk(),FUNCTION
,chainback_viterbi(),FUNCTION
,generic_work(),FUNCTION
,set_alist(),FUNCTION
,get_systematic_bits(),FUNCTION
,print_permute(),FUNCTION
,syndrome(),FUNCTION
,dimension(),FUNCTION
,get_G(),FUNCTION
,catch_msg(),FUNCTION
,data_garble_rate(),FUNCTION
,matrix_free(),FUNCTION
,read_matrix_from_file(),FUNCTION
,write_matrix_to_file(),FUNCTION
,generate_G_transpose(),FUNCTION
,generate_G(),FUNCTION
,print_matrix(),FUNCTION
,n(),FUNCTION
,add_matrices_mod2(),FUNCTION
,mult_matrices_mod2(),FUNCTION
,calc_inverse_mod2(),FUNCTION
,parity_bits_come_last(),FUNCTION
,get_output_item_size(),FUNCTION
,unique_id(),FUNCTION
,get_decoder_output_size(),FUNCTION
,get_decoder_input_size(),FUNCTION
,get_decoder_output_item_size(),FUNCTION
,get_decoder_input_item_size(),FUNCTION
,get_decoder_input_conversion(),FUNCTION
,get_decoder_output_conversion(),FUNCTION
,get_encoder_output_size(),FUNCTION
,get_encoder_input_size(),FUNCTION
,get_encoder_input_conversion(),FUNCTION
,get_encoder_output_conversion(),FUNCTION
,set_element(),FUNCTION
,get_element(),FUNCTION
,get_row(),FUNCTION
,get_col(),FUNCTION
,add_cols(),FUNCTION
,add_rows(),FUNCTION
,set_row(),FUNCTION
,set_col(),FUNCTION
,swap_cols(),FUNCTION
,set_vec(),FUNCTION
,get_vec(),FUNCTION
,sub_vector(),FUNCTION
,print_vec(),FUNCTION
,resize(),FUNCTION
,G_transpose(),FUNCTION
,get_base_sptr(),FUNCTION
,A(),FUNCTION
,B(),FUNCTION
,D(),FUNCTION
,E(),FUNCTION
,T(),FUNCTION
,phi_inverse(),FUNCTION
,set_parameters_for_encoding(),FUNCTION
,back_solve_mod2(),FUNCTION
,get_conversion(),FUNCTION
,make_H(),FUNCTION
,initialize_info_bit_position_vector(),FUNCTION
,setup_info_bit_positions_reversed(),FUNCTION
,setup_volk_vectors(),FUNCTION
,volk_encode(),FUNCTION
,volk_encode_block(),FUNCTION
,bit_reverse(),FUNCTION
,print_packed_bit_array(),FUNCTION
,print_unpacked_bit_array(),FUNCTION
,initialize_decoder(),FUNCTION
,llr_odd(),FUNCTION
,llr_even(),FUNCTION
,butterfly(),FUNCTION
,butterfly_generic(),FUNCTION
,butterfly_volk(),FUNCTION
,even_u_values(),FUNCTION
,odd_xor_even_values(),FUNCTION
,is_frozen_bit(),FUNCTION
,next_frozen_bit(),FUNCTION
,extract_info_bits(),FUNCTION
,print_pretty_llr_vector(),FUNCTION
,sc_decode(),FUNCTION
,retrieve_bit_from_llr(),FUNCTION
,initialize_list(),FUNCTION
,decode_list(),FUNCTION
,decode_bit(),FUNCTION
,calculate_llrs_for_list(),FUNCTION
,set_bit_in_list(),FUNCTION
,extract_info_bits_reversed(),FUNCTION
,make_prototype(),FUNCTION
,encode_vector_packed(),FUNCTION
,encode_vector_packed_subbyte(),FUNCTION
,encode_packed_byte(),FUNCTION
,encode_vector_packed_interbyte(),FUNCTION
,insert_packed_frozen_bits_and_reverse(),FUNCTION
,insert_unpacked_bit_into_packed_array_at_position(),FUNCTION
,insert_packet_bit_into_packed_array_at_position(),FUNCTION
,bit_reverse_and_reset_frozen_bits(),FUNCTION
,modnn(),FUNCTION
,DECODE_RS(),FUNCTION
,decode_rs_ccsds(),FUNCTION
,ENCODE_RS(),FUNCTION
,encode_rs_ccsds(),FUNCTION
,EXERCISE(),FUNCTION
,mod255(),FUNCTION
,FREE_RS(),FUNCTION
,optimal_path(),FUNCTION
,set_info_bit(),FUNCTION
,branch_paths(),FUNCTION
,steal_vector_ownership(),FUNCTION
,duplicate_path(),FUNCTION
,update_path_metric(),FUNCTION
,set_frozen_bit(),FUNCTION
,path_compare(),FUNCTION
,next_active_path(),FUNCTION
,parity_counter(),FUNCTION
,rsc_enc_bit(),FUNCTION
,precomputeStateTransitionMatrix_RSCPoly(),FUNCTION
,rsc_tail(),FUNCTION
,itob(),FUNCTION
,siso_decode_row(),FUNCTION
,siso_decode_col(),FUNCTION
,linear_log_map(),FUNCTION
,max_log_map(),FUNCTION
,constant_log_map(),FUNCTION
,log_map_lut_correction(),FUNCTION
,log_map_cfunction_correction(),FUNCTION
,gamma(),FUNCTION
,sgn(),FUNCTION
,block_conv_encode(),FUNCTION
,gen_met(),FUNCTION
,viterbi(),FUNCTION
,viterbi_chunks_init(),FUNCTION
,viterbi_butterfly8(),FUNCTION
,viterbi_butterfly2(),FUNCTION
,viterbi_get_output(),FUNCTION
,bind_async_decoder(),FUNCTION
,bind_async_encoder(),FUNCTION
,bind_ber_bf(),FUNCTION
,bind_cc_common(),FUNCTION
,bind_cc_decoder(),FUNCTION
,bind_cc_encoder(),FUNCTION
,bind_ccsds_encoder(),FUNCTION
,bind_conv_bit_corr_bb(),FUNCTION
,bind_decode_ccsds_27_fb(),FUNCTION
,bind_decoder(),FUNCTION
,bind_depuncture_bb(),FUNCTION
,bind_dummy_decoder(),FUNCTION
,bind_dummy_encoder(),FUNCTION
,bind_encode_ccsds_27_bb(),FUNCTION
,bind_encoder(),FUNCTION
,bind_fec_mtrx(),FUNCTION
,bind_generic_decoder(),FUNCTION
,bind_generic_encoder(),FUNCTION
,bind_ldpc_G_matrix(),FUNCTION
,bind_ldpc_H_matrix(),FUNCTION
,bind_ldpc_bit_flip_decoder(),FUNCTION
,bind_ldpc_decoder(),FUNCTION
,bind_ldpc_encoder(),FUNCTION
,bind_ldpc_gen_mtrx_encoder(),FUNCTION
,bind_ldpc_par_mtrx_encoder(),FUNCTION
,bind_polar_common(),FUNCTION
,bind_polar_decoder_common(),FUNCTION
,bind_polar_decoder_sc_list(),FUNCTION
,bind_polar_decoder_sc(),FUNCTION
,bind_polar_decoder_sc_systematic(),FUNCTION
,bind_polar_encoder(),FUNCTION
,bind_polar_encoder_systematic(),FUNCTION
,bind_puncture_bb(),FUNCTION
,bind_puncture_ff(),FUNCTION
,bind_repetition_decoder(),FUNCTION
,bind_repetition_encoder(),FUNCTION
,bind_tagged_decoder(),FUNCTION
,bind_tagged_encoder(),FUNCTION
,bind_tpc_common(),FUNCTION
,bind_tpc_decoder(),FUNCTION
,bind_tpc_encoder(),FUNCTION
,bind_viterbi(),FUNCTION
,get_inbuf(),FUNCTION
,get_outbuf(),FUNCTION
,my_fftw_write_char(),FUNCTION
,my_fftw_read_char(),FUNCTION
,mutex(),FUNCTION
,wisdom_filename(),FUNCTION
,wisdom_lock_init(),FUNCTION
,lock_wisdom(),FUNCTION
,unlock_wisdom(),FUNCTION
,import_wisdom(),FUNCTION
,config_threading(),FUNCTION
,export_wisdom(),FUNCTION
,set_nthreads(),FUNCTION
,execute(),FUNCTION
,nthreads(),FUNCTION
,set_window(),FUNCTION
,set_params(),FUNCTION
,batch(),FUNCTION
,Izero(),FUNCTION
,midn(),FUNCTION
,midm1(),FUNCTION
,midp1(),FUNCTION
,freq(),FUNCTION
,max_attenuation(),FUNCTION
,coswindow(),FUNCTION
,rectangular(),FUNCTION
,hamming(),FUNCTION
,hann(),FUNCTION
,hanning(),FUNCTION
,blackman(),FUNCTION
,blackman2(),FUNCTION
,blackman3(),FUNCTION
,blackman4(),FUNCTION
,blackman_harris(),FUNCTION
,blackmanharris(),FUNCTION
,nuttal(),FUNCTION
,nuttall(),FUNCTION
,blackman_nuttal(),FUNCTION
,blackman_nuttall(),FUNCTION
,nuttal_cfd(),FUNCTION
,nuttall_cfd(),FUNCTION
,flattop(),FUNCTION
,kaiser(),FUNCTION
,bartlett(),FUNCTION
,welch(),FUNCTION
,parzen(),FUNCTION
,exponential(),FUNCTION
,riemann(),FUNCTION
,tukey(),FUNCTION
,gaussian(),FUNCTION
,build(),FUNCTION
,bind_ctrlport_probe_psd(),FUNCTION
,bind_fft(),FUNCTION
,bind_fft_shift_template(),FUNCTION
,bind_fft_shift(),FUNCTION
,bind_fft_vcc(),FUNCTION
,bind_fft_vfc(),FUNCTION
,bind_goertzel_fc(),FUNCTION
,bind_goertzel(),FUNCTION
,bind_window(),FUNCTION
,filter(),FUNCTION
,group_delay(),FUNCTION
,delayed_sig(),FUNCTION
,compute_sizes(),FUNCTION
,filtersize(),FUNCTION
,filterNdec(),FUNCTION
,window(),FUNCTION
,low_pass_2(),FUNCTION
,low_pass(),FUNCTION
,high_pass_2(),FUNCTION
,high_pass(),FUNCTION
,band_pass_2(),FUNCTION
,band_pass(),FUNCTION
,complex_band_pass_2(),FUNCTION
,complex_band_pass(),FUNCTION
,band_reject_2(),FUNCTION
,band_reject(),FUNCTION
,hilbert(),FUNCTION
,root_raised_cosine(),FUNCTION
,compute_ntaps_windes(),FUNCTION
,compute_ntaps(),FUNCTION
,bessi0(),FUNCTION
,sanity_check_1f(),FUNCTION
,sanity_check_2f(),FUNCTION
,sanity_check_2f_c(),FUNCTION
,build_composite_fir(),FUNCTION
,set_center_freq(),FUNCTION
,center_freq(),FUNCTION
,handle_set_center_freq(),FUNCTION
,integrand(),FUNCTION
,c_fcn(),FUNCTION
,objective(),FUNCTION
,initpt(),FUNCTION
,printline(),FUNCTION
,si(),FUNCTION
,install_taps(),FUNCTION
,build_filters(),FUNCTION
,nsteps(),FUNCTION
,resamp_ratio(),FUNCTION
,set_resamp_ratio(),FUNCTION
,create_taps(),FUNCTION
,taps_per_filter(),FUNCTION
,phase_offset(),FUNCTION
,interpolation_rate(),FUNCTION
,decimation_rate(),FUNCTION
,fractional_rate(),FUNCTION
,set_channel_map(),FUNCTION
,channel_map(),FUNCTION
,set_channel(),FUNCTION
,work_fir_exp(),FUNCTION
,work_fir_fft(),FUNCTION
,work_fft_exp(),FUNCTION
,work_fft_fft(),FUNCTION
,set_taps1(),FUNCTION
,set_taps2(),FUNCTION
,create_dense_grid(),FUNCTION
,initial_guess(),FUNCTION
,calc_parms(),FUNCTION
,compute_A(),FUNCTION
,calc_error(),FUNCTION
,search(),FUNCTION
,freq_sample(),FUNCTION
,is_done(),FUNCTION
,remez(),FUNCTION
,punt(),FUNCTION
,pm_remez(),FUNCTION
,uniform(),FUNCTION
,random_floats(),FUNCTION
,random_complex(),FUNCTION
,ref_dotprod(),FUNCTION
,test_decimate(),FUNCTION
,check_symmetry(),FUNCTION
,test_fcn_sin(),FUNCTION
,test_fcn_cos(),FUNCTION
,test_fcn(),FUNCTION
,test_fcn_dsin(),FUNCTION
,test_fcn_dcos(),FUNCTION
,test_fcn_d(),FUNCTION
,bind_dc_blocker_cc(),FUNCTION
,bind_dc_blocker_ff(),FUNCTION
,bind_fft_filter_ccc(),FUNCTION
,bind_fft_filter_ccf(),FUNCTION
,bind_fft_filter_fff(),FUNCTION
,bind_fft_filter(),FUNCTION
,bind_filter_delay_fc(),FUNCTION
,bind_filterbank(),FUNCTION
,bind_filterbank_vcvcf(),FUNCTION
,bind_fir_filter_blk_template(),FUNCTION
,bind_fir_filter_blk(),FUNCTION
,bind_fir_filter(),FUNCTION
,bind_fir_filter_with_buffer(),FUNCTION
,bind_firdes(),FUNCTION
,bind_freq_xlating_fir_filter_template(),FUNCTION
,bind_freq_xlating_fir_filter(),FUNCTION
,bind_hilbert_fc(),FUNCTION
,bind_iir_filter_ccc(),FUNCTION
,bind_iir_filter_ccd(),FUNCTION
,bind_iir_filter_ccf(),FUNCTION
,bind_iir_filter_ccz(),FUNCTION
,bind_iir_filter_ffd(),FUNCTION
,bind_iir_filter(),FUNCTION
,bind_interp_fir_filter_template(),FUNCTION
,bind_interp_fir_filter(),FUNCTION
,bind_ival_decimator(),FUNCTION
,bind_mmse_fir_interpolator_cc(),FUNCTION
,bind_mmse_fir_interpolator_ff(),FUNCTION
,bind_mmse_interp_differentiator_cc(),FUNCTION
,bind_mmse_interp_differentiator_ff(),FUNCTION
,bind_mmse_interpolator_cc(),FUNCTION
,bind_mmse_interpolator_ff(),FUNCTION
,bind_mmse_resampler_cc(),FUNCTION
,bind_mmse_resampler_ff(),FUNCTION
,bind_pfb_arb_resampler_ccc(),FUNCTION
,bind_pfb_arb_resampler_ccf(),FUNCTION
,bind_pfb_arb_resampler_fff(),FUNCTION
,bind_pfb_arb_resampler(),FUNCTION
,bind_pfb_channelizer_ccf(),FUNCTION
,bind_pfb_decimator_ccf(),FUNCTION
,bind_pfb_interpolator_ccf(),FUNCTION
,bind_pfb_synthesizer_ccf(),FUNCTION
,bind_pm_remez(),FUNCTION
,bind_polyphase_filterbank(),FUNCTION
,bind_rational_resampler_base_template(),FUNCTION
,bind_rational_resampler_base(),FUNCTION
,bind_single_pole_iir_filter_cc(),FUNCTION
,bind_single_pole_iir_filter_ff(),FUNCTION
,bind_single_pole_iir(),FUNCTION
,run_listener(),FUNCTION
,accept_handler(),FUNCTION
,build_header(),FUNCTION
,data_available(),FUNCTION
,netdata_available(),FUNCTION
,get_header_seqnum(),FUNCTION
,bind_tcp_sink(),FUNCTION
,quitting(),FUNCTION
,getAction(),FUNCTION
,getActionFromSize(),FUNCTION
,getActionFromAvg(),FUNCTION
,setHigh(),FUNCTION
,setMedium(),FUNCTION
,setLow(),FUNCTION
,setFrequencyPrecision(),FUNCTION
,setCenterFrequency(),FUNCTION
,setSecondsPerLine(),FUNCTION
,initiateUpdate(),FUNCTION
,updateTrackerText(),FUNCTION
,trackerText(),FUNCTION
,set_xaxis(),FUNCTION
,set_yaxis(),FUNCTION
,set_axis(),FUNCTION
,set_pen_size(),FUNCTION
,replot(),FUNCTION
,plotNewData(),FUNCTION
,_autoScale(),FUNCTION
,setAutoScale(),FUNCTION
,disableLegend(),FUNCTION
,setYaxis(),FUNCTION
,setXaxis(),FUNCTION
,setLineLabel(),FUNCTION
,getLineLabel(),FUNCTION
,setLineColor(),FUNCTION
,getLineColor(),FUNCTION
,setZoomerColor(),FUNCTION
,getZoomerColor(),FUNCTION
,setPaletteColor(),FUNCTION
,getPaletteColor(),FUNCTION
,setAxisLabelFontSize(),FUNCTION
,getAxisLabelFontSize(),FUNCTION
,setYaxisLabelFontSize(),FUNCTION
,getYaxisLabelFontSize(),FUNCTION
,setXaxisLabelFontSize(),FUNCTION
,getXaxisLabelFontSize(),FUNCTION
,setAxesLabelFontSize(),FUNCTION
,getAxesLabelFontSize(),FUNCTION
,setLineWidth(),FUNCTION
,getLineWidth(),FUNCTION
,setLineStyle(),FUNCTION
,getLineStyle(),FUNCTION
,setLineMarker(),FUNCTION
,getLineMarker(),FUNCTION
,setMarkerAlpha(),FUNCTION
,getMarkerAlpha(),FUNCTION
,setStop(),FUNCTION
,resizeSlot(),FUNCTION
,legendEntryChecked(),FUNCTION
,onPickerPointSelected(),FUNCTION
,onPickerPointSelected6(),FUNCTION
,setAxisLabels(),FUNCTION
,getTimePrecision(),FUNCTION
,setTimePrecision(),FUNCTION
,setUnitType(),FUNCTION
,unitType(),FUNCTION
,setYUnitType(),FUNCTION
,_resetXAxisPoints(),FUNCTION
,setAutoScaleShot(),FUNCTION
,setSampleRate(),FUNCTION
,sampleRate(),FUNCTION
,stemPlot(),FUNCTION
,enableTagMarker(),FUNCTION
,getTagTextColor(),FUNCTION
,getTagBackgroundColor(),FUNCTION
,getTagBackgroundStyle(),FUNCTION
,setTagTextColor(),FUNCTION
,setTagBackgroundColor(),FUNCTION
,setTagBackgroundStyle(),FUNCTION
,setYLabel(),FUNCTION
,attachTriggerLines(),FUNCTION
,setTriggerLines(),FUNCTION
,setYUnit(),FUNCTION
,getYMin(),FUNCTION
,getYMax(),FUNCTION
,setFrequencyRange(),FUNCTION
,getStartFrequency(),FUNCTION
,getStopFrequency(),FUNCTION
,clearMaxData(),FUNCTION
,clearMinData(),FUNCTION
,setPlotPosHalf(),FUNCTION
,setMaxFFTVisible(),FUNCTION
,getMaxFFTVisible(),FUNCTION
,setMinFFTVisible(),FUNCTION
,getMinFFTVisible(),FUNCTION
,setLowerIntensityLevel(),FUNCTION
,setUpperIntensityLevel(),FUNCTION
,setTraceColour(),FUNCTION
,setBGColour(),FUNCTION
,showCFMarker(),FUNCTION
,setMinFFTColor(),FUNCTION
,getMinFFTColor(),FUNCTION
,setMaxFFTColor(),FUNCTION
,getMaxFFTColor(),FUNCTION
,setMarkerLowerIntensityColor(),FUNCTION
,getMarkerLowerIntensityColor(),FUNCTION
,setMarkerLowerIntensityVisible(),FUNCTION
,getMarkerLowerIntensityVisible(),FUNCTION
,setMarkerUpperIntensityColor(),FUNCTION
,getMarkerUpperIntensityColor(),FUNCTION
,setMarkerUpperIntensityVisible(),FUNCTION
,getMarkerUpperIntensityVisible(),FUNCTION
,setMarkerPeakAmplitudeColor(),FUNCTION
,getMarkerPeakAmplitudeColor(),FUNCTION
,setMarkerNoiseFloorAmplitudeColor(),FUNCTION
,getMarkerNoiseFloorAmplitudeColor(),FUNCTION
,setMarkerNoiseFloorAmplitudeVisible(),FUNCTION
,getMarkerNoiseFloorAmplitudeVisible(),FUNCTION
,setMarkerCFColor(),FUNCTION
,getMarkerCFColor(),FUNCTION
,attachTriggerLine(),FUNCTION
,setTriggerLine(),FUNCTION
,_autoScaleY(),FUNCTION
,setAutoScaleX(),FUNCTION
,setSemilogx(),FUNCTION
,setSemilogy(),FUNCTION
,setAccumulate(),FUNCTION
,getAccumulate(),FUNCTION
,setNumBins(),FUNCTION
,openSpectrumWindow(),FUNCTION
,setDisplayTitle(),FUNCTION
,getWindowOpenFlag(),FUNCTION
,setWindowOpenFlag(),FUNCTION
,getCenterFrequency(),FUNCTION
,updateWindow(),FUNCTION
,getPowerValue(),FUNCTION
,setPowerValue(),FUNCTION
,getWindowType(),FUNCTION
,setWindowType(),FUNCTION
,getFFTSize(),FUNCTION
,getFFTSizeIndex(),FUNCTION
,setFFTSize(),FUNCTION
,getLastGUIUpdateTime(),FUNCTION
,setLastGUIUpdateTime(),FUNCTION
,getPendingGUIUpdateEvents(),FUNCTION
,incrementPendingGUIUpdateEvents(),FUNCTION
,decrementPendingGUIUpdateEvents(),FUNCTION
,resetPendingGUIUpdateEvents(),FUNCTION
,qwidget(),FUNCTION
,setTimeDomainAxis(),FUNCTION
,setConstellationAxis(),FUNCTION
,setConstellationPenSize(),FUNCTION
,setFrequencyAxis(),FUNCTION
,setUpdateTime(),FUNCTION
,enableRFFreq(),FUNCTION
,checkClicked(),FUNCTION
,getClickedFreq(),FUNCTION
,label(),FUNCTION
,setRows(),FUNCTION
,setColumns(),FUNCTION
,setNumRows(),FUNCTION
,setNumCols(),FUNCTION
,setAlpha(),FUNCTION
,numRows(),FUNCTION
,numCols(),FUNCTION
,getAlpha(),FUNCTION
,setPlotDimensions(),FUNCTION
,setIntensityRange(),FUNCTION
,getMinIntensity(),FUNCTION
,getMaxIntensity(),FUNCTION
,getIntensityColorMapType(),FUNCTION
,getIntensityColorMapType1(),FUNCTION
,getColorMapTitleFontSize(),FUNCTION
,setColorMapTitleFontSize(),FUNCTION
,setIntensityColorMapType(),FUNCTION
,setIntensityColorMapType1(),FUNCTION
,getUserDefinedLowIntensityColor(),FUNCTION
,getUserDefinedHighIntensityColor(),FUNCTION
,_updateIntensityRangeDisplay(),FUNCTION
,setXUnits(),FUNCTION
,setYUnits(),FUNCTION
,setXAxisLabel(),FUNCTION
,setYAxisLabel(),FUNCTION
,setXAxisUnit(),FUNCTION
,setYAxisUnit(),FUNCTION
,setXAxisValues(),FUNCTION
,setMaxVecVisible(),FUNCTION
,getMaxVecVisible(),FUNCTION
,setMinVecVisible(),FUNCTION
,getMinVecVisible(),FUNCTION
,setMinVecColor(),FUNCTION
,getMinVecColor(),FUNCTION
,setMaxVecColor(),FUNCTION
,getMaxVecColor(),FUNCTION
,setMarkerRefLevelAmplitudeColor(),FUNCTION
,getMarkerRefLevelAmplitudeColor(),FUNCTION
,setMarkerRefLevelAmplitudeVisible(),FUNCTION
,getMarkerRefLevelAmplitudeVisible(),FUNCTION
,resetAxis(),FUNCTION
,clearData(),FUNCTION
,setUserDefinedLowIntensityColor(),FUNCTION
,setUserDefinedHighIntensityColor(),FUNCTION
,getNumRows(),FUNCTION
,enableLegend(),FUNCTION
,initialize(),FUNCTION
,exec_(),FUNCTION
,pyqwidget(),FUNCTION
,set_y_axis(),FUNCTION
,set_x_axis(),FUNCTION
,set_update_time(),FUNCTION
,set_title(),FUNCTION
,set_line_label(),FUNCTION
,set_line_color(),FUNCTION
,set_line_width(),FUNCTION
,set_line_style(),FUNCTION
,set_line_marker(),FUNCTION
,set_line_alpha(),FUNCTION
,set_size(),FUNCTION
,title(),FUNCTION
,line_label(),FUNCTION
,line_color(),FUNCTION
,line_width(),FUNCTION
,line_style(),FUNCTION
,line_marker(),FUNCTION
,line_alpha(),FUNCTION
,nsamps(),FUNCTION
,enable_menu(),FUNCTION
,enable_autoscale(),FUNCTION
,set_trigger_mode(),FUNCTION
,enable_grid(),FUNCTION
,enable_axis_labels(),FUNCTION
,disable_legend(),FUNCTION
,_reset(),FUNCTION
,_npoints_resize(),FUNCTION
,_gui_update_trigger(),FUNCTION
,_test_trigger_tags(),FUNCTION
,_test_trigger_norm(),FUNCTION
,_test_trigger_slope(),FUNCTION
,handle_pdus(),FUNCTION
,getPlot(),FUNCTION
,newData(),FUNCTION
,customEvent(),FUNCTION
,getNPoints(),FUNCTION
,setNPoints(),FUNCTION
,autoScale(),FUNCTION
,setTriggerMode(),FUNCTION
,updateTrigger(),FUNCTION
,getTriggerMode(),FUNCTION
,setTriggerSlope(),FUNCTION
,getTriggerSlope(),FUNCTION
,setTriggerLevel(),FUNCTION
,getTriggerLevel(),FUNCTION
,setTriggerChannel(),FUNCTION
,getTriggerChannel(),FUNCTION
,setTriggerTagKey(),FUNCTION
,getTriggerTagKey(),FUNCTION
,resizeEvent(),FUNCTION
,mousePressEvent(),FUNCTION
,updateGuiTimer(),FUNCTION
,onPlotPointSelected(),FUNCTION
,isClosed(),FUNCTION
,enableMenu(),FUNCTION
,closeEvent(),FUNCTION
,setTitle(),FUNCTION
,lineLabel(),FUNCTION
,lineColor(),FUNCTION
,lineWidth(),FUNCTION
,lineStyle(),FUNCTION
,lineMarker(),FUNCTION
,markerAlpha(),FUNCTION
,setGrid(),FUNCTION
,saveFigure(),FUNCTION
,edit_finished(),FUNCTION
,set_y_label(),FUNCTION
,set_samp_per_symbol(),FUNCTION
,set_samp_rate(),FUNCTION
,enable_stem_plot(),FUNCTION
,enable_semilogx(),FUNCTION
,enable_semilogy(),FUNCTION
,enable_control_panel(),FUNCTION
,enable_tags(),FUNCTION
,_adjust_tags(),FUNCTION
,toggleAutoScale(),FUNCTION
,toggleGrid(),FUNCTION
,toggleTriggerMode(),FUNCTION
,toggleTriggerSlope(),FUNCTION
,toggleStopButton(),FUNCTION
,setupControlPanel(),FUNCTION
,teardownControlPanel(),FUNCTION
,getSinglePlot(),FUNCTION
,getSamplesPerSymbol(),FUNCTION
,autoScaleShot(),FUNCTION
,setTagMenu(),FUNCTION
,tagMenuSlot(),FUNCTION
,setTriggerDelay(),FUNCTION
,getTriggerDelay(),FUNCTION
,notifyYAxisPlus(),FUNCTION
,notifyYAxisMinus(),FUNCTION
,notifyYRangePlus(),FUNCTION
,notifyYRangeMinus(),FUNCTION
,notifyTriggerMode(),FUNCTION
,notifyTriggerSlope(),FUNCTION
,notifyTriggerLevelPlus(),FUNCTION
,notifyTriggerLevelMinus(),FUNCTION
,notifyTriggerDelayPlus(),FUNCTION
,notifyTriggerDelayMinus(),FUNCTION
,setSamplesPerSymbol(),FUNCTION
,set_fft_size(),FUNCTION
,fft_size(),FUNCTION
,set_fft_average(),FUNCTION
,fft_average(),FUNCTION
,set_fft_window(),FUNCTION
,fft_window(),FUNCTION
,set_fft_window_normalized(),FUNCTION
,set_frequency_range(),FUNCTION
,enable_max_hold(),FUNCTION
,enable_min_hold(),FUNCTION
,clear_max_hold(),FUNCTION
,clear_min_hold(),FUNCTION
,fft(),FUNCTION
,windowreset(),FUNCTION
,buildwindow(),FUNCTION
,fftresize(),FUNCTION
,check_clicked(),FUNCTION
,handle_set_freq(),FUNCTION
,handle_set_bw(),FUNCTION
,set_plot_pos_half(),FUNCTION
,toggleAxisLabels(),FUNCTION
,toggleMaxHold(),FUNCTION
,toggleMinHold(),FUNCTION
,notifyAvgSlider(),FUNCTION
,setFFTAverage(),FUNCTION
,toggleFFTSize(),FUNCTION
,toggleFFTWindow(),FUNCTION
,getFFTAverage(),FUNCTION
,getFFTWindowType(),FUNCTION
,setFFTWindowType(),FUNCTION
,setYMax(),FUNCTION
,setYMin(),FUNCTION
,clearMaxHold(),FUNCTION
,clearMinHold(),FUNCTION
,notifyFFTSize(),FUNCTION
,notifyFFTWindow(),FUNCTION
,notifyMaxHold(),FUNCTION
,notifyMinHold(),FUNCTION
,set_bins(),FUNCTION
,bins(),FUNCTION
,npoints_resize(),FUNCTION
,enable_accumulate(),FUNCTION
,autoscalex(),FUNCTION
,set_average(),FUNCTION
,set_graph_type(),FUNCTION
,set_label(),FUNCTION
,set_min(),FUNCTION
,set_max(),FUNCTION
,set_unit(),FUNCTION
,set_factor(),FUNCTION
,average(),FUNCTION
,graph_type(),FUNCTION
,color_min(),FUNCTION
,color_max(),FUNCTION
,min(),FUNCTION
,max(),FUNCTION
,unit(),FUNCTION
,factor(),FUNCTION
,get_item(),FUNCTION
,setGraphType(),FUNCTION
,setColor(),FUNCTION
,setColorMin(),FUNCTION
,setColorMax(),FUNCTION
,setLabel(),FUNCTION
,setAverage(),FUNCTION
,setScale(),FUNCTION
,setScaleMin(),FUNCTION
,setScaleMax(),FUNCTION
,graphType(),FUNCTION
,colorMin(),FUNCTION
,colorMax(),FUNCTION
,updateTime(),FUNCTION
,scaleMin(),FUNCTION
,scaleMax(),FUNCTION
,setUnit(),FUNCTION
,setFactor(),FUNCTION
,initColorTable(),FUNCTION
,setData(),FUNCTION
,rtti(),FUNCTION
,setColorMap(),FUNCTION
,colorMap(),FUNCTION
,boundingRect(),FUNCTION
,rasterHint(),FUNCTION
,interval(),FUNCTION
,get_qt_style_sheet(),FUNCTION
,transition(),FUNCTION
,check_set_qss(),FUNCTION
,set_fft_power_db(),FUNCTION
,enable_rf_freq(),FUNCTION
,getFFTPoints(),FUNCTION
,getRealTimeDomainPoints(),FUNCTION
,getImagTimeDomainPoints(),FUNCTION
,getNumFFTDataPoints(),FUNCTION
,getNumTimeDomainDataPoints(),FUNCTION
,getDataTimestamp(),FUNCTION
,getRepeatDataFlag(),FUNCTION
,getLastOfMultipleUpdateFlag(),FUNCTION
,getEventGeneratedTimestamp(),FUNCTION
,getDroppedFFTFrames(),FUNCTION
,getLabel(),FUNCTION
,getTimeDomainPoints(),FUNCTION
,getTags(),FUNCTION
,getPoints(),FUNCTION
,getNumDataPoints(),FUNCTION
,getBandwidth(),FUNCTION
,getRealPoints(),FUNCTION
,getImagPoints(),FUNCTION
,nRows(),FUNCTION
,nCols(),FUNCTION
,getDataPoints(),FUNCTION
,getAccumulator(),FUNCTION
,getSamples(),FUNCTION
,setSystem(),FUNCTION
,fftshift_and_sum(),FUNCTION
,newFrequencyData(),FUNCTION
,avgLineEdit_valueChanged(),FUNCTION
,maxHoldCheckBox_toggled(),FUNCTION
,minHoldCheckBox_toggled(),FUNCTION
,minHoldResetBtn_clicked(),FUNCTION
,maxHoldResetBtn_clicked(),FUNCTION
,tabChanged(),FUNCTION
,getAverageCount(),FUNCTION
,setAverageCount(),FUNCTION
,_averageHistory(),FUNCTION
,resizeBuffers(),FUNCTION
,averageDataReset(),FUNCTION
,windowTypeChanged(),FUNCTION
,useRFFrequenciesCB(),FUNCTION
,toggleRFFrequencies(),FUNCTION
,waterfallMaximumIntensityChangedCB(),FUNCTION
,waterfallMinimumIntensityChangedCB(),FUNCTION
,fftComboBoxSelectedCB(),FUNCTION
,waterfallAutoScaleBtnCB(),FUNCTION
,waterfallIntensityColorTypeChanged(),FUNCTION
,toggleTabFrequency(),FUNCTION
,toggleTabWaterfall(),FUNCTION
,toggleTabTime(),FUNCTION
,toggleTabConstellation(),FUNCTION
,onFFTPlotPointSelected(),FUNCTION
,onWFallPlotPointSelected(),FUNCTION
,onTimePlotPointSelected(),FUNCTION
,onConstPlotPointSelected(),FUNCTION
,copy(),FUNCTION
,resizeData(),FUNCTION
,range(),FUNCTION
,setRange(),FUNCTION
,value(),FUNCTION
,incrementResidual(),FUNCTION
,getNumCols(),FUNCTION
,addData(),FUNCTION
,set_color_map(),FUNCTION
,set_num_rows(),FUNCTION
,set_num_cols(),FUNCTION
,color_map(),FUNCTION
,num_rows(),FUNCTION
,num_cols(),FUNCTION
,set_multiplier(),FUNCTION
,set_intensity_range(),FUNCTION
,_ncols_resize(),FUNCTION
,setStem(),FUNCTION
,notifyXAxisPlus(),FUNCTION
,notifyXAxisMinus(),FUNCTION
,getColorMap(),FUNCTION
,setMaxIntensity(),FUNCTION
,setMinIntensity(),FUNCTION
,vlen(),FUNCTION
,set_vec_average(),FUNCTION
,vec_average(),FUNCTION
,set_ref_level(),FUNCTION
,set_x_axis_label(),FUNCTION
,set_y_axis_label(),FUNCTION
,set_x_axis_units(),FUNCTION
,set_y_axis_units(),FUNCTION
,getVecSize(),FUNCTION
,getVecAverage(),FUNCTION
,setRefLevel(),FUNCTION
,setVecSize(),FUNCTION
,setVecAverage(),FUNCTION
,getClickedXVal(),FUNCTION
,getNumFFTPoints(),FUNCTION
,addFFTData(),FUNCTION
,getSpectrumDataBuffer(),FUNCTION
,setSpectrumDataBuffer(),FUNCTION
,getNumLinesToUpdate(),FUNCTION
,setNumLinesToUpdate(),FUNCTION
,incrementNumLinesToUpdate(),FUNCTION
,clear_data(),FUNCTION
,set_time_title(),FUNCTION
,auto_scale(),FUNCTION
,min_intensity(),FUNCTION
,max_intensity(),FUNCTION
,set_time_per_fft(),FUNCTION
,setTimeTitle(),FUNCTION
,setTimePerFFT(),FUNCTION
,getTimePerFFT(),FUNCTION
,bind_QWidget(),FUNCTION
,bind_ber_sink_b(),FUNCTION
,bind_const_sink_c(),FUNCTION
,bind_constellationdisplayform(),FUNCTION
,bind_displayform(),FUNCTION
,bind_edit_box_msg(),FUNCTION
,bind_eye_sink_c(),FUNCTION
,bind_eye_sink_f(),FUNCTION
,bind_form_menus(),FUNCTION
,bind_freq_sink_c(),FUNCTION
,bind_freq_sink_f(),FUNCTION
,bind_freqcontrolpanel(),FUNCTION
,bind_freqdisplayform(),FUNCTION
,bind_histogram_sink_f(),FUNCTION
,bind_histogramdisplayform(),FUNCTION
,bind_number_sink(),FUNCTION
,bind_numberdisplayform(),FUNCTION
,bind_qtgui_types(),FUNCTION
,bind_sink_c(),FUNCTION
,bind_sink_f(),FUNCTION
,bind_time_raster_sink_b(),FUNCTION
,bind_time_raster_sink_f(),FUNCTION
,bind_time_sink_c(),FUNCTION
,bind_time_sink_f(),FUNCTION
,bind_timecontrolpanel(),FUNCTION
,bind_timedisplayform(),FUNCTION
,bind_timerasterdisplayform(),FUNCTION
,bind_trigger_mode(),FUNCTION
,bind_vector_sink_f(),FUNCTION
,bind_vectordisplayform(),FUNCTION
,bind_waterfall_sink_c(),FUNCTION
,bind_waterfall_sink_f(),FUNCTION
,bind_waterfalldisplayform(),FUNCTION
,dec2base(),FUNCTION
,base2dec(),FUNCTION
,dec2bases(),FUNCTION
,bases2dec(),FUNCTION
,min_star(),FUNCTION
,viterbi_algorithm(),FUNCTION
,viterbi_algorithm_combined(),FUNCTION
,siso_algorithm(),FUNCTION
,siso_algorithm_combined(),FUNCTION
,sccc_decoder_combined(),FUNCTION
,sccc_decoder(),FUNCTION
,pccc_decoder(),FUNCTION
,pccc_decoder_combined(),FUNCTION
,set_FSM(),FUNCTION
,set_ST(),FUNCTION
,generate_PS_PI(),FUNCTION
,generate_TM(),FUNCTION
,find_es(),FUNCTION
,write_trellis_svg(),FUNCTION
,write_fsm_txt(),FUNCTION
,write_interleaver_txt(),FUNCTION
,set_O(),FUNCTION
,set_D(),FUNCTION
,set_TABLE(),FUNCTION
,set_scaling(),FUNCTION
,set_SYMS_PER_BLOCK(),FUNCTION
,SWAP(),FUNCTION
,quicksort_index(),FUNCTION
,recalculate(),FUNCTION
,set_POSTI(),FUNCTION
,set_POSTO(),FUNCTION
,set_S0(),FUNCTION
,set_SK(),FUNCTION
,set_SISO_TYPE(),FUNCTION
,bind_base(),FUNCTION
,bind_calc_metric(),FUNCTION
,bind_constellation_metrics_cf(),FUNCTION
,bind_core_algorithms(),FUNCTION
,bind_encoder_template(),FUNCTION
,bind_fsm(),FUNCTION
,bind_interleaver(),FUNCTION
,bind_metrics(),FUNCTION
,bind_pccc_decoder_blk(),FUNCTION
,bind_pccc_decoder_combined_blk(),FUNCTION
,bind_pccc_encoder(),FUNCTION
,bind_permutation(),FUNCTION
,bind_quicksort_index(),FUNCTION
,bind_sccc_decoder_blk(),FUNCTION
,bind_sccc_decoder_combined_blk(),FUNCTION
,bind_sccc_encoder(),FUNCTION
,bind_siso_combined_f(),FUNCTION
,bind_siso_f(),FUNCTION
,bind_siso_type(),FUNCTION
,bind_viterbi_combined(),FUNCTION
,bind_viterbi_template(),FUNCTION
,sig_int_handler(),FUNCTION
,UHD_SAFE_MAIN(),FUNCTION
,msg_to_async_metadata_t(),FUNCTION
,recv_loop(),FUNCTION
,check_abi(),FUNCTION
,make_block_ref(),FUNCTION
,get_unique_id(),FUNCTION
,set_output_rate(),FUNCTION
,set_input_rate(),FUNCTION
,create_rx_streamer(),FUNCTION
,create_tx_streamer(),FUNCTION
,commit(),FUNCTION
,get_block_id(),FUNCTION
,set_time_source(),FUNCTION
,set_clock_source(),FUNCTION
,get_block_ref(),FUNCTION
,set_antenna(),FUNCTION
,set_tune_args(),FUNCTION
,set_agc(),FUNCTION
,set_gain_profile(),FUNCTION
,set_bandwidth(),FUNCTION
,set_lo_source(),FUNCTION
,set_lo_export_enabled(),FUNCTION
,set_lo_freq(),FUNCTION
,set_dc_offset(),FUNCTION
,set_iq_balance(),FUNCTION
,set_start_time(),FUNCTION
,cmd_chan_key(),FUNCTION
,cmd_gain_key(),FUNCTION
,cmd_power_key(),FUNCTION
,cmd_freq_key(),FUNCTION
,cmd_lo_offset_key(),FUNCTION
,cmd_tune_key(),FUNCTION
,cmd_lo_freq_key(),FUNCTION
,cmd_dsp_freq_key(),FUNCTION
,cmd_rate_key(),FUNCTION
,cmd_bandwidth_key(),FUNCTION
,cmd_time_key(),FUNCTION
,cmd_mboard_key(),FUNCTION
,cmd_antenna_key(),FUNCTION
,cmd_direction_key(),FUNCTION
,cmd_tag_key(),FUNCTION
,ant_direction_rx(),FUNCTION
,ant_direction_tx(),FUNCTION
,_update_stream_args(),FUNCTION
,_wait_for_locked_sensor(),FUNCTION
,_unpack_chan_command(),FUNCTION
,_check_mboard_sensors_locked(),FUNCTION
,_set_center_freq_from_internals_allchans(),FUNCTION
,get_mboard_sensor(),FUNCTION
,get_mboard_sensor_names(),FUNCTION
,get_time_source(),FUNCTION
,get_time_sources(),FUNCTION
,get_clock_source(),FUNCTION
,get_clock_sources(),FUNCTION
,get_clock_rate(),FUNCTION
,set_clock_rate(),FUNCTION
,get_time_now(),FUNCTION
,get_time_last_pps(),FUNCTION
,get_gpio_banks(),FUNCTION
,get_gpio_attr(),FUNCTION
,get_filter_names(),FUNCTION
,get_filter(),FUNCTION
,set_filter(),FUNCTION
,set_time_now(),FUNCTION
,set_time_next_pps(),FUNCTION
,set_time_unknown_pps(),FUNCTION
,set_command_time(),FUNCTION
,clear_command_time(),FUNCTION
,set_user_register(),FUNCTION
,set_gpio_attr(),FUNCTION
,get_device(),FUNCTION
,get_num_mboards(),FUNCTION
,msg_handler_command(),FUNCTION
,dispatch_msg_cmd_handler(),FUNCTION
,register_msg_cmd_handler(),FUNCTION
,_update_curr_tune_req(),FUNCTION
,_cmd_handler_freq(),FUNCTION
,_cmd_handler_looffset(),FUNCTION
,_cmd_handler_gain(),FUNCTION
,_cmd_handler_power(),FUNCTION
,_cmd_handler_antenna(),FUNCTION
,_cmd_handler_rate(),FUNCTION
,_cmd_handler_tune(),FUNCTION
,_cmd_handler_bw(),FUNCTION
,_cmd_handler_lofreq(),FUNCTION
,_cmd_handler_dspfreq(),FUNCTION
,get_usrp_info(),FUNCTION
,set_subdev_spec(),FUNCTION
,get_subdev_spec(),FUNCTION
,get_samp_rate(),FUNCTION
,get_samp_rates(),FUNCTION
,_set_center_freq_from_internals(),FUNCTION
,get_center_freq(),FUNCTION
,get_freq_range(),FUNCTION
,set_normalized_gain(),FUNCTION
,get_normalized_gain(),FUNCTION
,get_gain_names(),FUNCTION
,get_gain_range(),FUNCTION
,has_power_reference(),FUNCTION
,set_power_reference(),FUNCTION
,get_power_reference(),FUNCTION
,get_power_range(),FUNCTION
,get_antenna(),FUNCTION
,get_antennas(),FUNCTION
,get_bandwidth(),FUNCTION
,get_bandwidth_range(),FUNCTION
,get_lo_names(),FUNCTION
,get_lo_source(),FUNCTION
,get_lo_sources(),FUNCTION
,get_lo_export_enabled(),FUNCTION
,get_lo_freq_range(),FUNCTION
,get_lo_freq(),FUNCTION
,get_sensor(),FUNCTION
,get_sensor_names(),FUNCTION
,get_dboard_iface(),FUNCTION
,set_stream_args(),FUNCTION
,tag_work(),FUNCTION
,async_event_loop(),FUNCTION
,set_rx_agc(),FUNCTION
,set_auto_dc_offset(),FUNCTION
,set_auto_iq_balance(),FUNCTION
,_cmd_handler_tag(),FUNCTION
,issue_stream_cmd(),FUNCTION
,set_recv_timeout(),FUNCTION
,finite_acquisition(),FUNCTION
,finite_acquisition_v(),FUNCTION
,bind_amsg_source(),FUNCTION
,bind_uhd_types(),FUNCTION
,bind_usrp_block(),FUNCTION
,bind_usrp_sink(),FUNCTION
,bind_usrp_source(),FUNCTION
,copy_line_pixel_interleaved(),FUNCTION
,copy_line_line_interleaved(),FUNCTION
,copy_line_single_plane(),FUNCTION
,copy_line_single_plane_dec2(),FUNCTION
,copy_plane_to_surface(),FUNCTION
,bind_sink_s(),FUNCTION
,bind_sink_uc(),FUNCTION
,pack_frame(),FUNCTION
,unpack_frame(),FUNCTION
,cvsd_bitwise_sum(),FUNCTION
,cvsd_round(),FUNCTION
,cvsd_pow(),FUNCTION
,put_next_rx_char(),FUNCTION
,put_next_rx_proto(),FUNCTION
,datarx(),FUNCTION
,datatx(),FUNCTION
,set_squelch_thresh(),FUNCTION
,set_squelch_en(),FUNCTION
,squelch_thresh(),FUNCTION
,get_next_tx_char(),FUNCTION
,set_clip(),FUNCTION
,set_tx_bpf(),FUNCTION
,unpack_input(),FUNCTION
,pack_output(),FUNCTION
,linear2alaw(),FUNCTION
,alaw2linear(),FUNCTION
,linear2ulaw(),FUNCTION
,ulaw2linear(),FUNCTION
,alaw2ulaw(),FUNCTION
,ulaw2alaw(),FUNCTION
,g721_encoder(),FUNCTION
,g721_decoder(),FUNCTION
,g723_24_encoder(),FUNCTION
,g723_24_decoder(),FUNCTION
,g723_40_encoder(),FUNCTION
,g723_40_decoder(),FUNCTION
,quan(),FUNCTION
,fmult(),FUNCTION
,g72x_init_state(),FUNCTION
,predictor_zero(),FUNCTION
,predictor_pole(),FUNCTION
,step_size(),FUNCTION
,quantize(),FUNCTION
,reconstruct(),FUNCTION
,tandem_adjust_alaw(),FUNCTION
,tandem_adjust_ulaw(),FUNCTION
,bind_alaw_decode_bs(),FUNCTION
,bind_alaw_encode_sb(),FUNCTION
,bind_codec2_decode_ps(),FUNCTION
,bind_codec2_encode_sp(),FUNCTION
,bind_codec2(),FUNCTION
,bind_cvsd_decode_bs(),FUNCTION
,bind_cvsd_encode_sb(),FUNCTION
,bind_freedv_api(),FUNCTION
,bind_freedv_rx_ss(),FUNCTION
,bind_freedv_tx_ss(),FUNCTION
,bind_g721_decode_bs(),FUNCTION
,bind_g721_encode_sb(),FUNCTION
,bind_g723_24_decode_bs(),FUNCTION
,bind_g723_24_encode_sb(),FUNCTION
,bind_g723_40_decode_bs(),FUNCTION
,bind_g723_40_encode_sb(),FUNCTION
,bind_gsm_fr_decode_ps(),FUNCTION
,bind_gsm_fr_encode_sp(),FUNCTION
,bind_ulaw_decode_bs(),FUNCTION
,bind_ulaw_encode_sb(),FUNCTION
,ceil_log2(),FUNCTION
,bind_squash_ff(),FUNCTION
,bind_wavelet_ff(),FUNCTION
,bind_wvps_ff(),FUNCTION
,last_endpoint(),FUNCTION
,send_message(),FUNCTION
,has_pending(),FUNCTION
,flush_pending(),FUNCTION
,load_message(),FUNCTION
,handler(),FUNCTION
,readloop(),FUNCTION
,gen_tag_header(),FUNCTION
,parse_tag_header(),FUNCTION
,bind_pub_msg_sink(),FUNCTION
,bind_pub_sink(),FUNCTION
,bind_pull_msg_source(),FUNCTION
,bind_pull_source(),FUNCTION
,bind_push_msg_sink(),FUNCTION
,bind_push_sink(),FUNCTION
,bind_rep_msg_sink(),FUNCTION
,bind_rep_sink(),FUNCTION
,bind_req_msg_source(),FUNCTION
,bind_req_source(),FUNCTION
,bind_sub_msg_source(),FUNCTION
,bind_sub_source(),FUNCTION