Phrase, Lable, Comments
setImageList, Excellent phrase
IsAWordStart, good phrase, Name should not contain `A` as it is single letter
Invalidate, Excellent phrase
isInListA, fair phrase, add verb in the name/Name should not contain `A` as it is single letter
nextSectionIsSubSection, Excellent phrase
syncFoldStateWith, Excellent phrase
setItemIconStatus, Excellent phrase
getInstance, Excellent phrase
ClearAllTabstops, Excellent phrase
AddTextColorAttribute, Excellent phrase
IsStreamCommentStyle, Excellent phrase
IsASpace, poor phrase, Use a correct dictionary word/add verb in the name
enableFontStyle, Excellent phrase
moveNext, Excellent phrase
IsHexDigit, Excellent phrase
dragEnterEvent, Excellent phrase
FineTickerCancel, Excellent phrase
RegisterGridClass, Excellent phrase
writeSourceInfo, Excellent phrase
IsSpace, Excellent phrase
reload, fair phrase, Follow a naming style/Use a correct dictionary word
SetVisibleRows, Excellent phrase
CountCharacterWidthsUTF8, fair phrase, add verb in the name
wndTabProc, fair phrase, Use a correct dictionary word
IsIdentifierChar, Excellent phrase
getResult, Excellent phrase
ReleaseLineCharacterIndex, Excellent phrase
Create, Excellent phrase
FoldForthDoc, Excellent phrase
doDialog, Excellent phrase
equalityComparisonImpl, poor phrase, Use a correct dictionary word/add verb in the name
SelectionEnd, fair phrase, add verb in the name
bothOrAll, fair phrase, add verb in the name
WeakNotifyThis, fair phrase, add verb in the name
IsWhiteSpaceCondensed, Excellent phrase
main, fair phrase, Follow a naming style/Use a correct dictionary word
GetRowOfMouse, Excellent phrase
setActiveTab, Excellent phrase
ChangeLexerState, Excellent phrase
run_dlgProc, fair phrase, Follow a naming style/Use a correct dictionary word
IsMatlabCommentChar, Excellent phrase
ColouriseErrorListDoc, Excellent phrase
initPopupMenus, Excellent phrase
IsTypeCharacter, Excellent phrase
sectionEnded, fair phrase, add verb in the name
MeasureLength, Excellent phrase
reconstructExpression, Excellent phrase
lookingAtHereDocDelim, fair phrase, add verb in the name
allOk, fair phrase, add verb in the name
RegisterImage, Excellent phrase
Ellipse, fair phrase, add verb in the name
LineEndTypesSupported, fair phrase, add verb in the name
getResultType, Excellent phrase
ColouriseDelimiter, Excellent phrase
RegisterServer, Excellent phrase
endsWith, Excellent phrase
scintilla_send_message, good phrase, phrase should not start with prefix `scintilla`
FindNextNonEmptyLineState, Excellent phrase
isHidden, Excellent phrase
use, fair phrase, Follow a naming style/Use a correct dictionary word
sizeTo, fair phrase, add verb in the name
describe, fair phrase, Follow a naming style/Use a correct dictionary word
GetHighlightDelimiters, Excellent phrase
FoldEclDoc, fair phrase, Use a correct dictionary word
convert, fair phrase, Follow a naming style/Use a correct dictionary word
Merge, Excellent phrase
IsTwoCharOperator, Excellent phrase
shouldLaunchInAdmMode, poor phrase, Use a correct dictionary word/add verb in the name/phrase should not start with prefix `should`
PropertySet, fair phrase, add verb in the name
Retrieve, Excellent phrase
GetTextAtOffset, Excellent phrase
IsEOLSkip, Excellent phrase
peekAhead, Excellent phrase
ChromeHighlight, fair phrase, add verb in the name
setTabInfo, Excellent phrase
GetTypesep, Excellent phrase
PrivateCall, fair phrase, add verb in the name
DebugPrintf, Excellent phrase
getThemeSwitcher, Excellent phrase
setCommentLineSymbol, Excellent phrase
moveToParent, fair phrase, add verb in the name
runProc, fair phrase, Use a correct dictionary word
is_object, Excellent phrase
isMETAPOSTnumber, Excellent phrase
Representation, fair phrase, add verb in the name
UTF16Length, fair phrase, add verb in the name
relayNppMessages, fair phrase, Use a correct dictionary word
IsValid, Excellent phrase
getMovingRect, Excellent phrase
FlipBitmap, Excellent phrase
AtEOL, fair phrase, add verb in the name
MoveForInsertDelete, fair phrase, add verb in the name
WideCharFromMultiByte, fair phrase, add verb in the name
FoldGui4Cli, good phrase, Name should not contain `4` as it is single letter
FoldLoutDoc, Excellent phrase
searchFromCurrentSel, poor phrase, Use a correct dictionary word/add verb in the name
activateWindowAt, Excellent phrase
NotificationCompletion, fair phrase, add verb in the name
GetNthVisibleColumn, Excellent phrase
LexerFactoryVerilog, Excellent phrase
isFoldIndentationBased, Excellent phrase
BinarySearchListBox, fair phrase, add verb in the name
IsAWordChar, good phrase, Name should not contain `A` as it is single letter
get_token, Excellent phrase
from_json, fair phrase, add verb in the name
canFind, good phrase, phrase should not start with prefix `can`
getName, Excellent phrase
is_string, Excellent phrase
SetIdentifiers, Excellent phrase
DrawTextNoClip, Excellent phrase
getApiFileName, Excellent phrase
Width, fair phrase, add verb in the name
SubLineFromPosition, Excellent phrase
Compile, Excellent phrase
showGlobalOverrideCtrls, Excellent phrase
digestString, Excellent phrase
array, fair phrase, Follow a naming style/Use a correct dictionary word
run_textEditProc, fair phrase, Follow a naming style/Use a correct dictionary word
loadFileData, Excellent phrase
find, fair phrase, Follow a naming style/Use a correct dictionary word
MainAnchor, Excellent phrase
FoldMSSQLDoc, fair phrase, Follow a naming style/Use a correct dictionary word
getCurrentStyler, Excellent phrase
SetBidiR2L, fair phrase, Use a correct dictionary word/Name should not contain `R` as it is single letter
isFilterValid, Excellent phrase
convertInto, Excellent phrase
isTALwordchar, fair phrase, Follow a naming style/Use a correct dictionary word
DeleteRange, Excellent phrase
setKeywords2List, good phrase, Name should not contain `2` as it is single letter
MoveTo, Excellent phrase
wrap, fair phrase, Follow a naming style/Use a correct dictionary word
inputMethodEvent, Excellent phrase
writeToDebugConsole, fair phrase, add verb in the name
SetEmptySelection, Excellent phrase
HasPrevLineContent, Excellent phrase
Close, Excellent phrase
HandlePar, Excellent phrase
reSizeTo, fair phrase, add verb in the name
getKeyStrFromVal, fair phrase, Use a correct dictionary word
ProcessNotification, Excellent phrase
ControlWndProc, fair phrase, Use a correct dictionary word
skipWhiteSpaces, Excellent phrase
DescribeProperty, Excellent phrase
ReconfigureScrollBars, Excellent phrase
GetConfidence, Excellent phrase
PropertyNames, fair phrase, add verb in the name
RightButtonDownWithModifiers, Excellent phrase
IsOneCharOperator, Excellent phrase
removeAllItems, Excellent phrase
FreeSubStyles, Excellent phrase
init, fair phrase, Follow a naming style/Use a correct dictionary word
iterator_wrapper, fair phrase, add verb in the name
enableCommand, Excellent phrase
NotifyHotSpotReleaseClick, Excellent phrase
classifyWordNsis, fair phrase, Use a correct dictionary word
KeyCommand, fair phrase, add verb in the name
StartIdleStyling, Excellent phrase
SetList, Excellent phrase
SetSavePoint, Excellent phrase
testGroupStarting, Excellent phrase
optional, poor phrase, Follow a naming style/Use a correct dictionary word/add verb in the name
Allocate, Excellent phrase
enableMarkFunc, Excellent phrase
scintilla_object_accessible_widget_unset, good phrase, phrase should not start with prefix `scintilla`
DistanceToSecondaryStyles, fair phrase, add verb in the name
setTabSettings, Excellent phrase
Copy, Excellent phrase
PenColour, Excellent phrase
GetRelativePositionUTF16, fair phrase, add verb in the name
braceMatch, Excellent phrase
Release, Excellent phrase
Terminate, Excellent phrase
StoreOnClipboard, fair phrase, add verb in the name
testRunStarting, Excellent phrase
DescribeWordListSets, Excellent phrase
IsNextNonWhitespace, Excellent phrase
IsFuncName, Excellent phrase
scintilla_object_accessible_finalize, good phrase, phrase should not start with prefix `scintilla`
getRoots, Excellent phrase
numstrcmp, fair phrase, Follow a naming style/Use a correct dictionary word
setTitle, Excellent phrase
activateNextDoc, Excellent phrase
activateDoc, Excellent phrase
isFile, Excellent phrase
CalcRectToScreen, Excellent phrase
compareEqual, Excellent phrase
CReadChangesServer, fair phrase, add verb in the name/Name should not contain `C` as it is single letter
searchLeafRecusivelyAndBuildTree, Excellent phrase
Version, fair phrase, add verb in the name
DoubleValue, Excellent phrase
SetSelection, Excellent phrase
which, poor phrase, Follow a naming style/Use a correct dictionary word/add verb in the name
addPluginModifiedIndex, Excellent phrase
DeleteAll, Excellent phrase
DeviceHeightFont, fair phrase, add verb in the name
WordListSet, Excellent phrase
WordPartRight, Excellent phrase
doSortToTabs, Excellent phrase
isLispwordstart, Excellent phrase
addFilter, Excellent phrase
MoveRect, Excellent phrase
is_number_integer, Excellent phrase
collapseFoldIndentationBased, fair phrase, add verb in the name
SetAnnotationHeights, Excellent phrase
LineWidth, Excellent phrase
initPopupMenu, Excellent phrase
getBodyClosePos, Excellent phrase
addIndentAndSuffix, Excellent phrase
u_iswalpha, poor phrase, Use a correct dictionary word/add verb in the name/Name should not contain `u` as it is single letter
IsInactive, Excellent phrase
FoldVHDLDoc, fair phrase, Follow a naming style/Use a correct dictionary word
ExposeCT, fair phrase, Follow a naming style/Use a correct dictionary word
ReleaseAllExtendedStyles, Excellent phrase
GetCharSetName, Excellent phrase
getBufferIndexByID, Excellent phrase
LoadFile, Excellent phrase
EnsureCaretVisible, Excellent phrase
stopMonitoring, Excellent phrase
FoldAvsDoc, Excellent phrase
Clone, Excellent phrase
SciMessageFromEM, fair phrase, Follow a naming style/Use a correct dictionary word
changeToolBarIcons, Excellent phrase
MatchIgnoreCase2, good phrase, Name should not contain `2` as it is single letter
IsAlphabetic, Excellent phrase
Fold, Excellent phrase
IntoCreateViewStatement, fair phrase, add verb in the name
postItToggle, Excellent phrase
IsSpaceOrTab, Excellent phrase
getMenuHandler, Excellent phrase
DropGraphics, Excellent phrase
CompareDevCap, Excellent phrase
latexFoldSaveToInt, fair phrase, add verb in the name
Descent, Excellent phrase
SubstituteMarkerIfEmpty, Excellent phrase
scintilla_init, good phrase, phrase should not start with prefix `scintilla`
LineCharacterIndex, Excellent phrase
isInFontList, fair phrase, add verb in the name
AddMark, Excellent phrase
ColouriseComment, Excellent phrase
classifyAttribHTML, fair phrase, Use a correct dictionary word
ColouriseAPDLDoc, fair phrase, Follow a naming style/Use a correct dictionary word
TrimOtherSelections, Excellent phrase
isCOBOLwordchar, fair phrase, Follow a naming style/Use a correct dictionary word
FoldStataDoc, fair phrase, Use a correct dictionary word
UpdateCursor, Excellent phrase
beginOrEndSelect, Excellent phrase
FoldTALDoc, fair phrase, Follow a naming style/Use a correct dictionary word
NotifyParent, Excellent phrase
showInvisibles, Excellent phrase
redo_char, Excellent phrase
launchProjectPanel, Excellent phrase
Text, fair phrase, add verb in the name
SetStyles, Excellent phrase
floatFromPangoUnits, poor phrase, Use a correct dictionary word/add verb in the name
isInList, fair phrase, add verb in the name
Open, Excellent phrase
GetCompositionString, Excellent phrase
ColourTo, Excellent phrase
NotifyURIDropped, fair phrase, add verb in the name
wordInArray, fair phrase, add verb in the name
nbScintillas, fair phrase, add verb in the name
InsertPaste, Excellent phrase
showQuoteFromIndex, Excellent phrase
configData, Excellent phrase
failedString, Excellent phrase
CurrentPosition, fair phrase, add verb in the name
getLParamFromIndex, fair phrase, Follow a naming style/Use a correct dictionary word
Parse, Excellent phrase
DrawText, Excellent phrase
DrawTextTransparent, Excellent phrase
currentView, fair phrase, add verb in the name
NotifyDoubleClick, Excellent phrase
IdleWork, Excellent phrase
RangeText, Excellent phrase
BidirectionalEnabled, fair phrase, add verb in the name
GoToLine, fair phrase, add verb in the name
FoldOScriptDoc, good phrase, Name should not contain `O` as it is single letter
PropertyType, fair phrase, add verb in the name
LineFromPosition, fair phrase, add verb in the name
handleExceptionMatchExpr, Excellent phrase
IsEntryStart, Excellent phrase
moveToThis, fair phrase, add verb in the name
set_end, Excellent phrase
Print, Excellent phrase
thread, fair phrase, Follow a naming style/Use a correct dictionary word
logicError, fair phrase, add verb in the name
isMatch, Excellent phrase
FoldAsyDoc, fair phrase, Use a correct dictionary word
IsPyStringTypeChar, fair phrase, Use a correct dictionary word
CheckBlitzFoldPoint, Excellent phrase
MarginStyledText, fair phrase, add verb in the name
setDefaultImageList, Excellent phrase
is_read_only, Excellent phrase
Count, Excellent phrase
getRange, Excellent phrase
removeFromFolderName, fair phrase, add verb in the name
fileSaveAs, Excellent phrase
StandardASCII, fair phrase, add verb in the name
runProcTab, fair phrase, Use a correct dictionary word
setDocument, Excellent phrase
haveTargetMatch, Excellent phrase
isFileSession, Excellent phrase
ContractionStateCreate, fair phrase, add verb in the name
TagsOfStyle, fair phrase, add verb in the name
InvalidateIcon, Excellent phrase
prepareStringForClipboard, Excellent phrase
fileSaveSession, Excellent phrase
GetClientExtent, Excellent phrase
value, poor phrase, Follow a naming style/Use a correct dictionary word/add verb in the name
SetMain, Excellent phrase
DeinitTheming, Excellent phrase
checkUpdates, Excellent phrase
Finalise, Excellent phrase
NotifyChar, Excellent phrase
DrawTextCommon, Excellent phrase
wndProc, fair phrase, Use a correct dictionary word
restorePosSize, Excellent phrase
getMiscStylerArray, Excellent phrase
InputSymbolScan, Excellent phrase
strstart, fair phrase, Follow a naming style/Use a correct dictionary word
StreamOut, Excellent phrase
match, fair phrase, Follow a naming style/Use a correct dictionary word
runtimeError, Excellent phrase
to_json, fair phrase, add verb in the name
set_current_indicator, Excellent phrase
FoldDMAPDoc, poor phrase, Follow a naming style/Use a correct dictionary word/add verb in the name
QueueIdleWork, Excellent phrase
HandleData, Excellent phrase
Destroy, Excellent phrase
IsADigit, good phrase, Name should not contain `A` as it is single letter
SetDBCSMode, fair phrase, Follow a naming style/Use a correct dictionary word
setUnicodeMode, Excellent phrase
benchmarkStarting, Excellent phrase
getChildElementByAttribut, fair phrase, Use a correct dictionary word
GetState, Excellent phrase
FindLongestLine, Excellent phrase
NextPosition, fair phrase, add verb in the name
InsertBeforeChild, fair phrase, add verb in the name
doOpen, Excellent phrase
removeFromListIndex, fair phrase, add verb in the name
isUpperLetter, Excellent phrase
GetNextWord, Excellent phrase
parse_integral, Excellent phrase
InsertCharacter, Excellent phrase
getElapsedNanoseconds, Excellent phrase
FoldObjCDoc, fair phrase, Use a correct dictionary word/Name should not contain `C` as it is single letter
addFileHitCount, Excellent phrase
addIcon, Excellent phrase
IntoSelectStatementOrAssignment, fair phrase, add verb in the name
FirstChildElement, fair phrase, add verb in the name
DescriptionOfStyle, fair phrase, add verb in the name
SetDocPointer, Excellent phrase
CodePageFamily, Excellent phrase
SetDelegate, Excellent phrase