Phrase, Lable, Comments
setImageList, Excellent method name
IsAWordStart, Good method name, Name should not contain `A` as it is single letter
Invalidate, Excellent method name
isInListA, Fair method name, Add a verb to the method name/Name should not contain `A` as it is single letter
nextSectionIsSubSection, Excellent method name
syncFoldStateWith, Good method name, Check the grammatical structure of the method name; the name starts or ends with preposition
setItemIconStatus, Excellent method name
getInstance, Excellent method name
ClearAllTabstops, Excellent method name
AddTextColorAttribute, Excellent method name
IsStreamCommentStyle, Excellent method name
IsASpace, Fair method name, Use correct dictionary words/Add a verb to the method name
enableFontStyle, Excellent method name
moveNext, Excellent method name
IsHexDigit, Excellent method name
dragEnterEvent, Excellent method name
FineTickerCancel, Excellent method name
RegisterGridClass, Excellent method name
writeSourceInfo, Excellent method name
IsSpace, Excellent method name
reload, Excellent method name
SetVisibleRows, Excellent method name
CountCharacterWidthsUTF8, Good method name, Add a verb to the method name
wndTabProc, Fair method name, Use correct dictionary words
IsIdentifierChar, Excellent method name
getResult, Excellent method name
ReleaseLineCharacterIndex, Excellent method name
Create, Excellent method name
FoldForthDoc, Excellent method name
doDialog, Excellent method name
equalityComparisonImpl, Fair method name, Use correct dictionary words/Add a verb to the method name
SelectionEnd, Good method name, Add a verb to the method name
bothOrAll, Good method name, Add a verb to the method name
WeakNotifyThis, Fair method name, Check the grammatical structure of the method name; the name starts or ends with preposition/Add a verb to the method name
IsWhiteSpaceCondensed, Excellent method name
main, Excellent method name
GetRowOfMouse, Excellent method name
setActiveTab, Excellent method name
ChangeLexerState, Excellent method name
run_dlgProc, Fair method name, Follow a naming style/Use correct dictionary words
IsMatlabCommentChar, Excellent method name
ColouriseErrorListDoc, Excellent method name
initPopupMenus, Excellent method name
IsTypeCharacter, Excellent method name
sectionEnded, Good method name, Add a verb to the method name
MeasureLength, Excellent method name
reconstructExpression, Excellent method name
lookingAtHereDocDelim, Good method name, Add a verb to the method name
allOk, Good method name, Add a verb to the method name
RegisterImage, Excellent method name
Ellipse, Good method name, Add a verb to the method name
LineEndTypesSupported, Good method name, Add a verb to the method name
getResultType, Excellent method name
ColouriseDelimiter, Excellent method name
RegisterServer, Excellent method name
endsWith, Good method name, Check the grammatical structure of the method name; the name starts or ends with preposition
scintilla_send_message, Good method name, Method name should not start with `scintilla`
FindNextNonEmptyLineState, Excellent method name
isHidden, Excellent method name
use, Excellent method name
sizeTo, Fair method name, Check the grammatical structure of the method name; the name starts or ends with preposition/Add a verb to the method name
describe, Excellent method name
GetHighlightDelimiters, Excellent method name
FoldEclDoc, Fair method name, Use correct dictionary words
convert, Excellent method name
Merge, Excellent method name
IsTwoCharOperator, Excellent method name
shouldLaunchInAdmMode, Poor method name, Use correct dictionary words/Add a verb to the method name/Method name should not start with `should`
PropertySet, Good method name, Add a verb to the method name
Retrieve, Excellent method name
GetTextAtOffset, Excellent method name
IsEOLSkip, Excellent method name
peekAhead, Excellent method name
ChromeHighlight, Good method name, Add a verb to the method name
setTabInfo, Excellent method name
GetTypesep, Excellent method name
PrivateCall, Good method name, Add a verb to the method name
DebugPrintf, Excellent method name
getThemeSwitcher, Excellent method name
setCommentLineSymbol, Excellent method name
moveToParent, Good method name, Add a verb to the method name
runProc, Fair method name, Use correct dictionary words
is_object, Excellent method name
isMETAPOSTnumber, Excellent method name
Representation, Good method name, Add a verb to the method name
UTF16Length, Good method name, Add a verb to the method name
relayNppMessages, Fair method name, Use correct dictionary words
IsValid, Excellent method name
getMovingRect, Excellent method name
FlipBitmap, Excellent method name
AtEOL, Fair method name, Check the grammatical structure of the method name; the name starts or ends with preposition/Add a verb to the method name
MoveForInsertDelete, Good method name, Add a verb to the method name
WideCharFromMultiByte, Good method name, Add a verb to the method name
FoldGui4Cli, Good method name, Name should not contain `4` as it is single letter
FoldLoutDoc, Excellent method name
searchFromCurrentSel, Fair method name, Use correct dictionary words/Add a verb to the method name
activateWindowAt, Good method name, Check the grammatical structure of the method name; the name starts or ends with preposition
NotificationCompletion, Good method name, Add a verb to the method name
GetNthVisibleColumn, Excellent method name
LexerFactoryVerilog, Excellent method name
isFoldIndentationBased, Excellent method name
BinarySearchListBox, Good method name, Add a verb to the method name
IsAWordChar, Good method name, Name should not contain `A` as it is single letter
get_token, Excellent method name
from_json, Fair method name, Check the grammatical structure of the method name; the name starts or ends with preposition/Add a verb to the method name
canFind, Good method name, Method name should not start with `can`
getName, Excellent method name
is_string, Excellent method name
SetIdentifiers, Excellent method name
DrawTextNoClip, Excellent method name
getApiFileName, Excellent method name
Width, Good method name, Add a verb to the method name
SubLineFromPosition, Excellent method name
Compile, Excellent method name
showGlobalOverrideCtrls, Excellent method name
digestString, Excellent method name
array, Excellent method name
run_textEditProc, Fair method name, Follow a naming style/Use correct dictionary words
loadFileData, Excellent method name
find, Excellent method name
MainAnchor, Excellent method name
FoldMSSQLDoc, Fair method name, Follow a naming style/Use correct dictionary words
getCurrentStyler, Excellent method name
SetBidiR2L, Fair method name, Use correct dictionary words/Name should not contain `R` as it is single letter
isFilterValid, Excellent method name
convertInto, Good method name, Check the grammatical structure of the method name; the name starts or ends with preposition
isTALwordchar, Fair method name, Follow a naming style/Use correct dictionary words
DeleteRange, Excellent method name
setKeywords2List, Good method name, Name should not contain `2` as it is single letter
MoveTo, Good method name, Check the grammatical structure of the method name; the name starts or ends with preposition
wrap, Excellent method name
inputMethodEvent, Excellent method name
writeToDebugConsole, Good method name, Add a verb to the method name
SetEmptySelection, Excellent method name
HasPrevLineContent, Excellent method name
Close, Excellent method name
HandlePar, Excellent method name
reSizeTo, Fair method name, Check the grammatical structure of the method name; the name starts or ends with preposition/Add a verb to the method name
getKeyStrFromVal, Fair method name, Use correct dictionary words
ProcessNotification, Excellent method name
ControlWndProc, Fair method name, Use correct dictionary words
skipWhiteSpaces, Excellent method name
DescribeProperty, Excellent method name
ReconfigureScrollBars, Excellent method name
GetConfidence, Excellent method name
PropertyNames, Good method name, Add a verb to the method name
RightButtonDownWithModifiers, Excellent method name
IsOneCharOperator, Excellent method name
removeAllItems, Excellent method name
FreeSubStyles, Excellent method name
init, Excellent method name
iterator_wrapper, Good method name, Add a verb to the method name
enableCommand, Excellent method name
NotifyHotSpotReleaseClick, Excellent method name
classifyWordNsis, Fair method name, Use correct dictionary words
KeyCommand, Good method name, Add a verb to the method name
StartIdleStyling, Excellent method name
SetList, Excellent method name
SetSavePoint, Excellent method name
testGroupStarting, Excellent method name
optional, Good method name, Add a verb to the method name
Allocate, Excellent method name
enableMarkFunc, Excellent method name
scintilla_object_accessible_widget_unset, Good method name, Method name should not start with `scintilla`
DistanceToSecondaryStyles, Good method name, Add a verb to the method name
setTabSettings, Excellent method name
Copy, Excellent method name
PenColour, Excellent method name
GetRelativePositionUTF16, Good method name, Add a verb to the method name
braceMatch, Excellent method name
Release, Excellent method name
Terminate, Excellent method name
StoreOnClipboard, Good method name, Add a verb to the method name
testRunStarting, Excellent method name
DescribeWordListSets, Excellent method name
IsNextNonWhitespace, Excellent method name
IsFuncName, Excellent method name
scintilla_object_accessible_finalize, Good method name, Method name should not start with `scintilla`
getRoots, Excellent method name
numstrcmp, Fair method name, Follow a naming style/Use correct dictionary words
setTitle, Excellent method name
activateNextDoc, Excellent method name
activateDoc, Excellent method name
isFile, Excellent method name
CalcRectToScreen, Excellent method name
compareEqual, Excellent method name
CReadChangesServer, Fair method name, Add a verb to the method name/Name should not contain `C` as it is single letter
searchLeafRecusivelyAndBuildTree, Excellent method name
Version, Good method name, Add a verb to the method name
DoubleValue, Excellent method name
SetSelection, Excellent method name
which, Fair method name, Use correct dictionary words/Add a verb to the method name
addPluginModifiedIndex, Excellent method name
DeleteAll, Excellent method name
DeviceHeightFont, Good method name, Add a verb to the method name
WordListSet, Excellent method name
WordPartRight, Excellent method name
doSortToTabs, Excellent method name
isLispwordstart, Excellent method name
addFilter, Excellent method name
MoveRect, Excellent method name
is_number_integer, Excellent method name
collapseFoldIndentationBased, Good method name, Add a verb to the method name
SetAnnotationHeights, Excellent method name
LineWidth, Excellent method name
initPopupMenu, Excellent method name
getBodyClosePos, Excellent method name
addIndentAndSuffix, Excellent method name
u_iswalpha, Poor method name, Use correct dictionary words/Add a verb to the method name/Name should not contain `u` as it is single letter
IsInactive, Excellent method name
FoldVHDLDoc, Fair method name, Follow a naming style/Use correct dictionary words
ExposeCT, Fair method name, Follow a naming style/Use correct dictionary words
ReleaseAllExtendedStyles, Excellent method name
GetCharSetName, Excellent method name
getBufferIndexByID, Excellent method name
LoadFile, Excellent method name
EnsureCaretVisible, Excellent method name
stopMonitoring, Excellent method name
FoldAvsDoc, Excellent method name
Clone, Excellent method name
SciMessageFromEM, Fair method name, Follow a naming style/Use correct dictionary words
changeToolBarIcons, Excellent method name
MatchIgnoreCase2, Good method name, Name should not contain `2` as it is single letter
IsAlphabetic, Excellent method name
Fold, Excellent method name
IntoCreateViewStatement, Fair method name, Check the grammatical structure of the method name; the name starts or ends with preposition/Add a verb to the method name
postItToggle, Excellent method name
IsSpaceOrTab, Excellent method name
getMenuHandler, Excellent method name
DropGraphics, Excellent method name
CompareDevCap, Excellent method name
latexFoldSaveToInt, Good method name, Add a verb to the method name
Descent, Excellent method name
SubstituteMarkerIfEmpty, Excellent method name
scintilla_init, Good method name, Method name should not start with `scintilla`
LineCharacterIndex, Excellent method name
isInFontList, Good method name, Add a verb to the method name
AddMark, Excellent method name
ColouriseComment, Excellent method name
classifyAttribHTML, Fair method name, Use correct dictionary words
ColouriseAPDLDoc, Fair method name, Follow a naming style/Use correct dictionary words
TrimOtherSelections, Excellent method name
isCOBOLwordchar, Fair method name, Follow a naming style/Use correct dictionary words
FoldStataDoc, Fair method name, Use correct dictionary words
UpdateCursor, Excellent method name
beginOrEndSelect, Excellent method name
FoldTALDoc, Fair method name, Follow a naming style/Use correct dictionary words
NotifyParent, Excellent method name
showInvisibles, Excellent method name
redo_char, Excellent method name
launchProjectPanel, Excellent method name
Text, Good method name, Add a verb to the method name
SetStyles, Excellent method name
floatFromPangoUnits, Fair method name, Use correct dictionary words/Add a verb to the method name
isInList, Good method name, Add a verb to the method name
Open, Excellent method name
GetCompositionString, Excellent method name
ColourTo, Good method name, Check the grammatical structure of the method name; the name starts or ends with preposition
NotifyURIDropped, Good method name, Add a verb to the method name
wordInArray, Good method name, Add a verb to the method name
nbScintillas, Good method name, Add a verb to the method name
InsertPaste, Excellent method name
showQuoteFromIndex, Excellent method name
configData, Excellent method name
failedString, Excellent method name
CurrentPosition, Good method name, Add a verb to the method name
getLParamFromIndex, Fair method name, Follow a naming style/Use correct dictionary words
Parse, Excellent method name
DrawText, Excellent method name
DrawTextTransparent, Excellent method name
currentView, Good method name, Add a verb to the method name
NotifyDoubleClick, Excellent method name
IdleWork, Excellent method name
RangeText, Excellent method name
BidirectionalEnabled, Good method name, Add a verb to the method name
GoToLine, Good method name, Add a verb to the method name
FoldOScriptDoc, Good method name, Name should not contain `O` as it is single letter
PropertyType, Good method name, Add a verb to the method name
LineFromPosition, Good method name, Add a verb to the method name
handleExceptionMatchExpr, Excellent method name
IsEntryStart, Excellent method name
moveToThis, Fair method name, Check the grammatical structure of the method name; the name starts or ends with preposition/Add a verb to the method name
set_end, Excellent method name
Print, Excellent method name
thread, Excellent method name
logicError, Good method name, Add a verb to the method name
isMatch, Excellent method name
FoldAsyDoc, Fair method name, Use correct dictionary words
IsPyStringTypeChar, Fair method name, Use correct dictionary words
CheckBlitzFoldPoint, Excellent method name
MarginStyledText, Good method name, Add a verb to the method name
setDefaultImageList, Excellent method name
is_read_only, Excellent method name
Count, Excellent method name
getRange, Excellent method name
removeFromFolderName, Good method name, Add a verb to the method name
fileSaveAs, Excellent method name
StandardASCII, Good method name, Add a verb to the method name
runProcTab, Fair method name, Use correct dictionary words
setDocument, Excellent method name
haveTargetMatch, Excellent method name
isFileSession, Excellent method name
ContractionStateCreate, Good method name, Add a verb to the method name
TagsOfStyle, Good method name, Add a verb to the method name
InvalidateIcon, Excellent method name
prepareStringForClipboard, Excellent method name
fileSaveSession, Excellent method name
GetClientExtent, Excellent method name
value, Good method name, Add a verb to the method name
SetMain, Excellent method name
DeinitTheming, Excellent method name
checkUpdates, Excellent method name
Finalise, Excellent method name
NotifyChar, Excellent method name
DrawTextCommon, Excellent method name
wndProc, Fair method name, Use correct dictionary words
restorePosSize, Excellent method name
getMiscStylerArray, Excellent method name
InputSymbolScan, Excellent method name
strstart, Fair method name, Follow a naming style/Use correct dictionary words
StreamOut, Excellent method name
match, Excellent method name
runtimeError, Excellent method name
to_json, Fair method name, Check the grammatical structure of the method name; the name starts or ends with preposition/Add a verb to the method name
set_current_indicator, Excellent method name
FoldDMAPDoc, Poor method name, Follow a naming style/Use correct dictionary words/Add a verb to the method name
QueueIdleWork, Excellent method name
HandleData, Excellent method name
Destroy, Excellent method name
IsADigit, Good method name, Name should not contain `A` as it is single letter
SetDBCSMode, Fair method name, Follow a naming style/Use correct dictionary words
setUnicodeMode, Excellent method name
benchmarkStarting, Excellent method name
getChildElementByAttribut, Fair method name, Use correct dictionary words
GetState, Excellent method name
FindLongestLine, Excellent method name
NextPosition, Good method name, Add a verb to the method name
InsertBeforeChild, Good method name, Add a verb to the method name
doOpen, Excellent method name
removeFromListIndex, Good method name, Add a verb to the method name
isUpperLetter, Excellent method name
GetNextWord, Excellent method name
parse_integral, Excellent method name
InsertCharacter, Excellent method name
getElapsedNanoseconds, Excellent method name
FoldObjCDoc, Fair method name, Follow a naming style/Use correct dictionary words
addFileHitCount, Excellent method name
addIcon, Excellent method name
IntoSelectStatementOrAssignment, Fair method name, Check the grammatical structure of the method name; the name starts or ends with preposition/Add a verb to the method name
FirstChildElement, Good method name, Add a verb to the method name
DescriptionOfStyle, Good method name, Add a verb to the method name
SetDocPointer, Excellent method name
CodePageFamily, Excellent method name
SetDelegate, Excellent method name