identifier_type,identfier_name,identifier_context
bool,setImageList(),FUNCTION
bool,IsAWordStart(),FUNCTION
void,Invalidate(),FUNCTION
bool,isInListA(),FUNCTION
bool,nextSectionIsSubSection(),FUNCTION
void,syncFoldStateWith(),FUNCTION
void,setItemIconStatus(),FUNCTION
"""",getInstance(),FUNCTION
void,ClearAllTabstops(),FUNCTION
"""",AddTextColorAttribute(),FUNCTION
bool,IsStreamCommentStyle(),FUNCTION
bool,IsASpace(),FUNCTION
void,enableFontStyle(),FUNCTION
void,moveNext(),FUNCTION
bool,IsHexDigit(),FUNCTION
void,dragEnterEvent(),FUNCTION
void,FineTickerCancel(),FUNCTION
ATOM,RegisterGridClass(),FUNCTION
void,writeSourceInfo(),FUNCTION
bool,IsSpace(),FUNCTION
void,reload(),FUNCTION
void,SetVisibleRows(),FUNCTION
"""",CountCharacterWidthsUTF8(),FUNCTION
"""",wndTabProc(),FUNCTION
bool,IsIdentifierChar(),FUNCTION
auto,getResult(),FUNCTION
bool,ReleaseLineCharacterIndex(),FUNCTION
"""",Create(),FUNCTION
void,FoldForthDoc(),FUNCTION
void,doDialog(),FUNCTION
bool,equalityComparisonImpl(),FUNCTION
"""",SelectionEnd(),FUNCTION
string,bothOrAll(),FUNCTION
void,WeakNotifyThis(),FUNCTION
bool,IsWhiteSpaceCondensed(),FUNCTION
int,main(),FUNCTION
int,GetRowOfMouse(),FUNCTION
void,setActiveTab(),FUNCTION
void,ChangeLexerState(),FUNCTION
"""",run_dlgProc(),FUNCTION
bool,IsMatlabCommentChar(),FUNCTION
void,ColouriseErrorListDoc(),FUNCTION
void,initPopupMenus(),FUNCTION
bool,IsTypeCharacter(),FUNCTION
void,sectionEnded(),FUNCTION
size_t,MeasureLength(),FUNCTION
string,reconstructExpression(),FUNCTION
bool,lookingAtHereDocDelim(),FUNCTION
bool,allOk(),FUNCTION
void,RegisterImage(),FUNCTION
void,Ellipse(),FUNCTION
int,LineEndTypesSupported(),FUNCTION
"""",getResultType(),FUNCTION
void,ColouriseDelimiter(),FUNCTION
bool,RegisterServer(),FUNCTION
bool,endsWith(),FUNCTION
"""",scintilla_send_message(),FUNCTION
int,FindNextNonEmptyLineState(),FUNCTION
bool,isHidden(),FUNCTION
void,use(),FUNCTION
void,sizeTo(),FUNCTION
string,describe(),FUNCTION
void,GetHighlightDelimiters(),FUNCTION
void,FoldEclDoc(),FUNCTION
string,convert(),FUNCTION
bool,Merge(),FUNCTION
bool,IsTwoCharOperator(),FUNCTION
bool,shouldLaunchInAdmMode(),FUNCTION
"""",PropertySet(),FUNCTION
bool,Retrieve(),FUNCTION
"""",GetTextAtOffset(),FUNCTION
bool,IsEOLSkip(),FUNCTION
char,peekAhead(),FUNCTION
"""",ChromeHighlight(),FUNCTION
void,setTabInfo(),FUNCTION
char,GetTypesep(),FUNCTION
void,PrivateCall(),FUNCTION
void,DebugPrintf(),FUNCTION
"""",getThemeSwitcher(),FUNCTION
void,setCommentLineSymbol(),FUNCTION
void,moveToParent(),FUNCTION
"""",runProc(),FUNCTION
bool,is_object(),FUNCTION
bool,isMETAPOSTnumber(),FUNCTION
string,Representation(),FUNCTION
"""",UTF16Length(),FUNCTION
void,relayNppMessages(),FUNCTION
bool,IsValid(),FUNCTION
void,getMovingRect(),FUNCTION
void,FlipBitmap(),FUNCTION
bool,AtEOL(),FUNCTION
void,MoveForInsertDelete(),FUNCTION
int,WideCharFromMultiByte(),FUNCTION
void,FoldGui4Cli(),FUNCTION
void,FoldLoutDoc(),FUNCTION
long,searchFromCurrentSel(),FUNCTION
void,activateWindowAt(),FUNCTION
void,NotificationCompletion(),FUNCTION
int,GetNthVisibleColumn(),FUNCTION
"""",LexerFactoryVerilog(),FUNCTION
bool,isFoldIndentationBased(),FUNCTION
string,BinarySearchListBox(),FUNCTION
bool,IsAWordChar(),FUNCTION
string,get_token(),FUNCTION
void,from_json(),FUNCTION
vbool,canFind(),FUNCTION
TCHAR,getName(),FUNCTION
bool,is_string(),FUNCTION
void,SetIdentifiers(),FUNCTION
void,DrawTextNoClip(),FUNCTION
TCHAR,getApiFileName(),FUNCTION
"""",Width(),FUNCTION
int,SubLineFromPosition(),FUNCTION
char,Compile(),FUNCTION
void,showGlobalOverrideCtrls(),FUNCTION
char,digestString(),FUNCTION
"""",array(),FUNCTION
"""",run_textEditProc(),FUNCTION
bool,loadFileData(),FUNCTION
"""",find(),FUNCTION
"""",MainAnchor(),FUNCTION
void,FoldMSSQLDoc(),FUNCTION
"""",getCurrentStyler(),FUNCTION
void,SetBidiR2L(),FUNCTION
bool,isFilterValid(),FUNCTION
auto,convertInto(),FUNCTION
bool,isTALwordchar(),FUNCTION
void,DeleteRange(),FUNCTION
void,setKeywords2List(),FUNCTION
void,MoveTo(),FUNCTION
void,wrap(),FUNCTION
void,inputMethodEvent(),FUNCTION
void,writeToDebugConsole(),FUNCTION
void,SetEmptySelection(),FUNCTION
bool,HasPrevLineContent(),FUNCTION
bool,Close(),FUNCTION
bool,HandlePar(),FUNCTION
void,reSizeTo(),FUNCTION
void,getKeyStrFromVal(),FUNCTION
void,ProcessNotification(),FUNCTION
"""",ControlWndProc(),FUNCTION
bool,skipWhiteSpaces(),FUNCTION
char,DescribeProperty(),FUNCTION
void,ReconfigureScrollBars(),FUNCTION
float,GetConfidence(),FUNCTION
char,PropertyNames(),FUNCTION
void,RightButtonDownWithModifiers(),FUNCTION
bool,IsOneCharOperator(),FUNCTION
void,removeAllItems(),FUNCTION
void,FreeSubStyles(),FUNCTION
void,init(),FUNCTION
"""",iterator_wrapper(),FUNCTION
void,enableCommand(),FUNCTION
void,NotifyHotSpotReleaseClick(),FUNCTION
int,classifyWordNsis(),FUNCTION
int,KeyCommand(),FUNCTION
void,StartIdleStyling(),FUNCTION
void,SetList(),FUNCTION
void,SetSavePoint(),FUNCTION
void,testGroupStarting(),FUNCTION
auto,optional(),FUNCTION
"""",Allocate(),FUNCTION
void,enableMarkFunc(),FUNCTION
void,scintilla_object_accessible_widget_unset(),FUNCTION
int,DistanceToSecondaryStyles(),FUNCTION
void,setTabSettings(),FUNCTION
void,Copy(),FUNCTION
void,PenColour(),FUNCTION
"""",GetRelativePositionUTF16(),FUNCTION
bool,braceMatch(),FUNCTION
void,Release(),FUNCTION
void,Terminate(),FUNCTION
void,StoreOnClipboard(),FUNCTION
void,testRunStarting(),FUNCTION
char,DescribeWordListSets(),FUNCTION
bool,IsNextNonWhitespace(),FUNCTION
bool,IsFuncName(),FUNCTION
void,scintilla_object_accessible_finalize(),FUNCTION
string,getRoots(),FUNCTION
int,numstrcmp(),FUNCTION
void,setTitle(),FUNCTION
void,activateNextDoc(),FUNCTION
void,activateDoc(),FUNCTION
bool,isFile(),FUNCTION
void,CalcRectToScreen(),FUNCTION
auto,compareEqual(),FUNCTION
"""",CReadChangesServer(),FUNCTION
bool,searchLeafRecusivelyAndBuildTree(),FUNCTION
int,Version(),FUNCTION
double,DoubleValue(),FUNCTION
void,SetSelection(),FUNCTION
arch,which(),FUNCTION
void,addPluginModifiedIndex(),FUNCTION
void,DeleteAll(),FUNCTION
int,DeviceHeightFont(),FUNCTION
"""",WordListSet(),FUNCTION
"""",WordPartRight(),FUNCTION
void,doSortToTabs(),FUNCTION
bool,isLispwordstart(),FUNCTION
void,addFilter(),FUNCTION
void,MoveRect(),FUNCTION
bool,is_number_integer(),FUNCTION
void,collapseFoldIndentationBased(),FUNCTION
void,SetAnnotationHeights(),FUNCTION
"""",LineWidth(),FUNCTION
void,initPopupMenu(),FUNCTION
size_t,getBodyClosePos(),FUNCTION
auto,addIndentAndSuffix(),FUNCTION
int,u_iswalpha(),FUNCTION
bool,IsInactive(),FUNCTION
void,FoldVHDLDoc(),FUNCTION
"""",ExposeCT(),FUNCTION
void,ReleaseAllExtendedStyles(),FUNCTION
char,GetCharSetName(),FUNCTION
char,getBufferIndexByID(),FUNCTION
bool,LoadFile(),FUNCTION
void,EnsureCaretVisible(),FUNCTION
void,stopMonitoring(),FUNCTION
void,FoldAvsDoc(),FUNCTION
"""",Clone(),FUNCTION
int,SciMessageFromEM(),FUNCTION
void,changeToolBarIcons(),FUNCTION
bool,MatchIgnoreCase2(),FUNCTION
bool,IsAlphabetic(),FUNCTION
void,Fold(),FUNCTION
"""",IntoCreateViewStatement(),FUNCTION
void,postItToggle(),FUNCTION
bool,IsSpaceOrTab(),FUNCTION
"""",getMenuHandler(),FUNCTION
void,DropGraphics(),FUNCTION
bool,CompareDevCap(),FUNCTION
int,latexFoldSaveToInt(),FUNCTION
"""",Descent(),FUNCTION
int,SubstituteMarkerIfEmpty(),FUNCTION
void,scintilla_init(),FUNCTION
int,LineCharacterIndex(),FUNCTION
bool,isInFontList(),FUNCTION
int,AddMark(),FUNCTION
void,ColouriseComment(),FUNCTION
void,classifyAttribHTML(),FUNCTION
void,ColouriseAPDLDoc(),FUNCTION
void,TrimOtherSelections(),FUNCTION
bool,isCOBOLwordchar(),FUNCTION
void,FoldStataDoc(),FUNCTION
void,UpdateCursor(),FUNCTION
void,beginOrEndSelect(),FUNCTION
void,FoldTALDoc(),FUNCTION
void,NotifyParent(),FUNCTION
bool,showInvisibles(),FUNCTION
void,redo_char(),FUNCTION
void,launchProjectPanel(),FUNCTION
char,Text(),FUNCTION
bool,SetStyles(),FUNCTION
float,floatFromPangoUnits(),FUNCTION
bool,isInList(),FUNCTION
void,Open(),FUNCTION
string,GetCompositionString(),FUNCTION
void,ColourTo(),FUNCTION
void,NotifyURIDropped(),FUNCTION
bool,wordInArray(),FUNCTION
size_t,nbScintillas(),FUNCTION
void,InsertPaste(),FUNCTION
void,showQuoteFromIndex(),FUNCTION
"""",configData(),FUNCTION
char,failedString(),FUNCTION
"""",CurrentPosition(),FUNCTION
"""",getLParamFromIndex(),FUNCTION
char,Parse(),FUNCTION
gboolean,DrawText(),FUNCTION
void,DrawTextTransparent(),FUNCTION
int,currentView(),FUNCTION
void,NotifyDoubleClick(),FUNCTION
void,IdleWork(),FUNCTION
string,RangeText(),FUNCTION
bool,BidirectionalEnabled(),FUNCTION
void,GoToLine(),FUNCTION
void,FoldOScriptDoc(),FUNCTION
int,PropertyType(),FUNCTION
"""",LineFromPosition(),FUNCTION
void,handleExceptionMatchExpr(),FUNCTION
vbool,IsEntryStart(),FUNCTION
void,moveToThis(),FUNCTION
void,set_end(),FUNCTION
void,Print(),FUNCTION
int,thread(),FUNCTION
auto,logicError(),FUNCTION
bool,isMatch(),FUNCTION
void,FoldAsyDoc(),FUNCTION
bool,IsPyStringTypeChar(),FUNCTION
int,CheckBlitzFoldPoint(),FUNCTION
"""",MarginStyledText(),FUNCTION
void,setDefaultImageList(),FUNCTION
bool,is_read_only(),FUNCTION
size_t,Count(),FUNCTION
void,getRange(),FUNCTION
bool,removeFromFolderName(),FUNCTION
bool,fileSaveAs(),FUNCTION
void,StandardASCII(),FUNCTION
"""",runProcTab(),FUNCTION
void,setDocument(),FUNCTION
bool,haveTargetMatch(),FUNCTION
bool,isFileSession(),FUNCTION
"""",ContractionStateCreate(),FUNCTION
char,TagsOfStyle(),FUNCTION
void,InvalidateIcon(),FUNCTION
"""",prepareStringForClipboard(),FUNCTION
TCHAR,fileSaveSession(),FUNCTION
"""",GetClientExtent(),FUNCTION
bool,value(),FUNCTION
void,SetMain(),FUNCTION
bool,DeinitTheming(),FUNCTION
bool,checkUpdates(),FUNCTION
void,Finalise(),FUNCTION
void,NotifyChar(),FUNCTION
void,DrawTextCommon(),FUNCTION
"""",wndProc(),FUNCTION
void,restorePosSize(),FUNCTION
"""",getMiscStylerArray(),FUNCTION
int,InputSymbolScan(),FUNCTION
bool,strstart(),FUNCTION
void,StreamOut(),FUNCTION
bool,match(),FUNCTION
auto,runtimeError(),FUNCTION
void,to_json(),FUNCTION
void,set_current_indicator(),FUNCTION
void,FoldDMAPDoc(),FUNCTION
void,QueueIdleWork(),FUNCTION
"""",HandleData(),FUNCTION
void,Destroy(),FUNCTION
bool,IsADigit(),FUNCTION
void,SetDBCSMode(),FUNCTION
void,setUnicodeMode(),FUNCTION
void,benchmarkStarting(),FUNCTION
"""",getChildElementByAttribut(),FUNCTION
"""",GetState(),FUNCTION
int,FindLongestLine(),FUNCTION
"""",NextPosition(),FUNCTION
"""",InsertBeforeChild(),FUNCTION
"""",doOpen(),FUNCTION
bool,removeFromListIndex(),FUNCTION
bool,isUpperLetter(),FUNCTION
string,GetNextWord(),FUNCTION
long,parse_integral(),FUNCTION
void,InsertCharacter(),FUNCTION
auto,getElapsedNanoseconds(),FUNCTION
void,FoldObjCDoc(),FUNCTION
void,addFileHitCount(),FUNCTION
void,addIcon(),FUNCTION
"""",IntoSelectStatementOrAssignment(),FUNCTION
"""",FirstChildElement(),FUNCTION
char,DescriptionOfStyle(),FUNCTION
void,SetDocPointer(),FUNCTION
"""",CodePageFamily(),FUNCTION
void,SetDelegate(),FUNCTION