Phrase,Score,Comments
setImageList, 10 out of 10,
IsAWordStart, 9 out of 10, Name should not contain `A` as it is single letter
Invalidate, 10 out of 10,
isInListA, 7 out of 10, add verb in the name/Name should not contain `A` as it is single letter
nextSectionIsSubSection, 10 out of 10,
syncFoldStateWith, 10 out of 10,
setItemIconStatus, 10 out of 10,
getInstance, 10 out of 10,
ClearAllTabstops, 10 out of 10,
AddTextColorAttribute, 10 out of 10,
IsStreamCommentStyle, 10 out of 10,
IsASpace, 5 out of 10, Use a correct dictionary word/add verb in the name
enableFontStyle, 10 out of 10,
moveNext, 10 out of 10,
IsHexDigit, 10 out of 10,
dragEnterEvent, 10 out of 10,
FineTickerCancel, 10 out of 10,
RegisterGridClass, 10 out of 10,
writeSourceInfo, 10 out of 10,
IsSpace, 10 out of 10,
reload, 6 out of 10, Follow a naming style/Use a correct dictionary word
SetVisibleRows, 10 out of 10,
CountCharacterWidthsUTF8, 8 out of 10, add verb in the name
wndTabProc, 7 out of 10, Use a correct dictionary word
IsIdentifierChar, 10 out of 10,
getResult, 10 out of 10,
ReleaseLineCharacterIndex, 10 out of 10,
Create, 10 out of 10,
FoldForthDoc, 10 out of 10,
doDialog, 10 out of 10,
equalityComparisonImpl, 5 out of 10, Use a correct dictionary word/add verb in the name
SelectionEnd, 8 out of 10, add verb in the name
bothOrAll, 8 out of 10, add verb in the name
WeakNotifyThis, 8 out of 10, add verb in the name
IsWhiteSpaceCondensed, 10 out of 10,
main, 6 out of 10, Follow a naming style/Use a correct dictionary word
GetRowOfMouse, 10 out of 10,
setActiveTab, 10 out of 10,
ChangeLexerState, 10 out of 10,
run_dlgProc, 6 out of 10, Follow a naming style/Use a correct dictionary word
IsMatlabCommentChar, 10 out of 10,
ColouriseErrorListDoc, 10 out of 10,
initPopupMenus, 10 out of 10,
IsTypeCharacter, 10 out of 10,
sectionEnded, 8 out of 10, add verb in the name
MeasureLength, 10 out of 10,
reconstructExpression, 10 out of 10,
lookingAtHereDocDelim, 8 out of 10, add verb in the name
allOk, 8 out of 10, add verb in the name
RegisterImage, 10 out of 10,
Ellipse, 8 out of 10, add verb in the name
LineEndTypesSupported, 8 out of 10, add verb in the name
getResultType, 10 out of 10,
ColouriseDelimiter, 10 out of 10,
RegisterServer, 10 out of 10,
endsWith, 10 out of 10,
scintilla_send_message, 9 out of 10, phrase should not start with prefix `scintilla`
FindNextNonEmptyLineState, 10 out of 10,
isHidden, 10 out of 10,
use, 6 out of 10, Follow a naming style/Use a correct dictionary word
sizeTo, 8 out of 10, add verb in the name
describe, 6 out of 10, Follow a naming style/Use a correct dictionary word
GetHighlightDelimiters, 10 out of 10,
FoldEclDoc, 7 out of 10, Use a correct dictionary word
convert, 6 out of 10, Follow a naming style/Use a correct dictionary word
Merge, 10 out of 10,
IsTwoCharOperator, 10 out of 10,
shouldLaunchInAdmMode, 4 out of 10, Use a correct dictionary word/add verb in the name/phrase should not start with prefix `should`
PropertySet, 8 out of 10, add verb in the name
Retrieve, 10 out of 10,
GetTextAtOffset, 10 out of 10,
IsEOLSkip, 10 out of 10,
peekAhead, 10 out of 10,
ChromeHighlight, 8 out of 10, add verb in the name
setTabInfo, 10 out of 10,
GetTypesep, 10 out of 10,
PrivateCall, 8 out of 10, add verb in the name
DebugPrintf, 10 out of 10,
getThemeSwitcher, 10 out of 10,
setCommentLineSymbol, 10 out of 10,
moveToParent, 8 out of 10, add verb in the name
runProc, 7 out of 10, Use a correct dictionary word
is_object, 10 out of 10,
isMETAPOSTnumber, 10 out of 10,
Representation, 8 out of 10, add verb in the name
UTF16Length, 8 out of 10, add verb in the name
relayNppMessages, 7 out of 10, Use a correct dictionary word
IsValid, 10 out of 10,
getMovingRect, 10 out of 10,
FlipBitmap, 10 out of 10,
AtEOL, 8 out of 10, add verb in the name
MoveForInsertDelete, 8 out of 10, add verb in the name
WideCharFromMultiByte, 8 out of 10, add verb in the name
FoldGui4Cli, 9 out of 10, Name should not contain `4` as it is single letter
FoldLoutDoc, 10 out of 10,
searchFromCurrentSel, 5 out of 10, Use a correct dictionary word/add verb in the name
activateWindowAt, 10 out of 10,
NotificationCompletion, 8 out of 10, add verb in the name
GetNthVisibleColumn, 10 out of 10,
LexerFactoryVerilog, 10 out of 10,
isFoldIndentationBased, 10 out of 10,
BinarySearchListBox, 8 out of 10, add verb in the name
IsAWordChar, 9 out of 10, Name should not contain `A` as it is single letter
get_token, 10 out of 10,
from_json, 8 out of 10, add verb in the name
canFind, 9 out of 10, phrase should not start with prefix `can`
getName, 10 out of 10,
is_string, 10 out of 10,
SetIdentifiers, 10 out of 10,
DrawTextNoClip, 10 out of 10,
getApiFileName, 10 out of 10,
Width, 8 out of 10, add verb in the name
SubLineFromPosition, 10 out of 10,
Compile, 10 out of 10,
showGlobalOverrideCtrls, 10 out of 10,
digestString, 10 out of 10,
array, 6 out of 10, Follow a naming style/Use a correct dictionary word
run_textEditProc, 6 out of 10, Follow a naming style/Use a correct dictionary word
loadFileData, 10 out of 10,
find, 6 out of 10, Follow a naming style/Use a correct dictionary word
MainAnchor, 10 out of 10,
FoldMSSQLDoc, 6 out of 10, Follow a naming style/Use a correct dictionary word
getCurrentStyler, 10 out of 10,
SetBidiR2L, 6 out of 10, Use a correct dictionary word/Name should not contain `R` as it is single letter
isFilterValid, 10 out of 10,
convertInto, 10 out of 10,
isTALwordchar, 6 out of 10, Follow a naming style/Use a correct dictionary word
DeleteRange, 10 out of 10,
setKeywords2List, 9 out of 10, Name should not contain `2` as it is single letter
MoveTo, 10 out of 10,
wrap, 6 out of 10, Follow a naming style/Use a correct dictionary word
inputMethodEvent, 10 out of 10,
writeToDebugConsole, 8 out of 10, add verb in the name
SetEmptySelection, 10 out of 10,
HasPrevLineContent, 10 out of 10,
Close, 10 out of 10,
HandlePar, 10 out of 10,
reSizeTo, 8 out of 10, add verb in the name
getKeyStrFromVal, 7 out of 10, Use a correct dictionary word
ProcessNotification, 10 out of 10,
ControlWndProc, 7 out of 10, Use a correct dictionary word
skipWhiteSpaces, 10 out of 10,
DescribeProperty, 10 out of 10,
ReconfigureScrollBars, 10 out of 10,
GetConfidence, 10 out of 10,
PropertyNames, 8 out of 10, add verb in the name
RightButtonDownWithModifiers, 10 out of 10,
IsOneCharOperator, 10 out of 10,
removeAllItems, 10 out of 10,
FreeSubStyles, 10 out of 10,
init, 6 out of 10, Follow a naming style/Use a correct dictionary word
iterator_wrapper, 8 out of 10, add verb in the name
enableCommand, 10 out of 10,
NotifyHotSpotReleaseClick, 10 out of 10,
classifyWordNsis, 7 out of 10, Use a correct dictionary word
KeyCommand, 8 out of 10, add verb in the name
StartIdleStyling, 10 out of 10,
SetList, 10 out of 10,
SetSavePoint, 10 out of 10,
testGroupStarting, 10 out of 10,
optional, 4 out of 10, Follow a naming style/Use a correct dictionary word/add verb in the name
Allocate, 10 out of 10,
enableMarkFunc, 10 out of 10,
scintilla_object_accessible_widget_unset, 9 out of 10, phrase should not start with prefix `scintilla`
DistanceToSecondaryStyles, 8 out of 10, add verb in the name
setTabSettings, 10 out of 10,
Copy, 10 out of 10,
PenColour, 10 out of 10,
GetRelativePositionUTF16, 8 out of 10, add verb in the name
braceMatch, 10 out of 10,
Release, 10 out of 10,
Terminate, 10 out of 10,
StoreOnClipboard, 8 out of 10, add verb in the name
testRunStarting, 10 out of 10,
DescribeWordListSets, 10 out of 10,
IsNextNonWhitespace, 10 out of 10,
IsFuncName, 10 out of 10,
scintilla_object_accessible_finalize, 9 out of 10, phrase should not start with prefix `scintilla`
getRoots, 10 out of 10,
numstrcmp, 6 out of 10, Follow a naming style/Use a correct dictionary word
setTitle, 10 out of 10,
activateNextDoc, 10 out of 10,
activateDoc, 10 out of 10,
isFile, 10 out of 10,
CalcRectToScreen, 10 out of 10,
compareEqual, 10 out of 10,
CReadChangesServer, 7 out of 10, add verb in the name/Name should not contain `C` as it is single letter
searchLeafRecusivelyAndBuildTree, 10 out of 10,
Version, 8 out of 10, add verb in the name
DoubleValue, 10 out of 10,
SetSelection, 10 out of 10,
which, 4 out of 10, Follow a naming style/Use a correct dictionary word/add verb in the name
addPluginModifiedIndex, 10 out of 10,
DeleteAll, 10 out of 10,
DeviceHeightFont, 8 out of 10, add verb in the name
WordListSet, 10 out of 10,
WordPartRight, 10 out of 10,
doSortToTabs, 10 out of 10,
isLispwordstart, 10 out of 10,
addFilter, 10 out of 10,
MoveRect, 10 out of 10,
is_number_integer, 10 out of 10,
collapseFoldIndentationBased, 8 out of 10, add verb in the name
SetAnnotationHeights, 10 out of 10,
LineWidth, 10 out of 10,
initPopupMenu, 10 out of 10,
getBodyClosePos, 10 out of 10,
addIndentAndSuffix, 10 out of 10,
u_iswalpha, 4 out of 10, Use a correct dictionary word/add verb in the name/Name should not contain `u` as it is single letter
IsInactive, 10 out of 10,
FoldVHDLDoc, 6 out of 10, Follow a naming style/Use a correct dictionary word
ExposeCT, 6 out of 10, Follow a naming style/Use a correct dictionary word
ReleaseAllExtendedStyles, 10 out of 10,
GetCharSetName, 10 out of 10,
getBufferIndexByID, 10 out of 10,
LoadFile, 10 out of 10,
EnsureCaretVisible, 10 out of 10,
stopMonitoring, 10 out of 10,
FoldAvsDoc, 10 out of 10,
Clone, 10 out of 10,
SciMessageFromEM, 6 out of 10, Follow a naming style/Use a correct dictionary word
changeToolBarIcons, 10 out of 10,
MatchIgnoreCase2, 9 out of 10, Name should not contain `2` as it is single letter
IsAlphabetic, 10 out of 10,
Fold, 10 out of 10,
IntoCreateViewStatement, 8 out of 10, add verb in the name
postItToggle, 10 out of 10,
IsSpaceOrTab, 10 out of 10,
getMenuHandler, 10 out of 10,
DropGraphics, 10 out of 10,
CompareDevCap, 10 out of 10,
latexFoldSaveToInt, 8 out of 10, add verb in the name
Descent, 10 out of 10,
SubstituteMarkerIfEmpty, 10 out of 10,
scintilla_init, 9 out of 10, phrase should not start with prefix `scintilla`
LineCharacterIndex, 10 out of 10,
isInFontList, 8 out of 10, add verb in the name
AddMark, 10 out of 10,
ColouriseComment, 10 out of 10,
classifyAttribHTML, 7 out of 10, Use a correct dictionary word
ColouriseAPDLDoc, 6 out of 10, Follow a naming style/Use a correct dictionary word
TrimOtherSelections, 10 out of 10,
isCOBOLwordchar, 6 out of 10, Follow a naming style/Use a correct dictionary word
FoldStataDoc, 7 out of 10, Use a correct dictionary word
UpdateCursor, 10 out of 10,
beginOrEndSelect, 10 out of 10,
FoldTALDoc, 6 out of 10, Follow a naming style/Use a correct dictionary word
NotifyParent, 10 out of 10,
showInvisibles, 10 out of 10,
redo_char, 10 out of 10,
launchProjectPanel, 10 out of 10,
Text, 8 out of 10, add verb in the name
SetStyles, 10 out of 10,
floatFromPangoUnits, 5 out of 10, Use a correct dictionary word/add verb in the name
isInList, 8 out of 10, add verb in the name
Open, 10 out of 10,
GetCompositionString, 10 out of 10,
ColourTo, 10 out of 10,
NotifyURIDropped, 8 out of 10, add verb in the name
wordInArray, 8 out of 10, add verb in the name
nbScintillas, 8 out of 10, add verb in the name
InsertPaste, 10 out of 10,
showQuoteFromIndex, 10 out of 10,
configData, 10 out of 10,
failedString, 10 out of 10,
CurrentPosition, 8 out of 10, add verb in the name
getLParamFromIndex, 6 out of 10, Follow a naming style/Use a correct dictionary word
Parse, 10 out of 10,
DrawText, 10 out of 10,
DrawTextTransparent, 10 out of 10,
currentView, 8 out of 10, add verb in the name
NotifyDoubleClick, 10 out of 10,
IdleWork, 10 out of 10,
RangeText, 10 out of 10,
BidirectionalEnabled, 8 out of 10, add verb in the name
GoToLine, 8 out of 10, add verb in the name
FoldOScriptDoc, 9 out of 10, Name should not contain `O` as it is single letter
PropertyType, 8 out of 10, add verb in the name
LineFromPosition, 8 out of 10, add verb in the name
handleExceptionMatchExpr, 10 out of 10,
IsEntryStart, 10 out of 10,
moveToThis, 8 out of 10, add verb in the name
set_end, 10 out of 10,
Print, 10 out of 10,
thread, 6 out of 10, Follow a naming style/Use a correct dictionary word
logicError, 8 out of 10, add verb in the name
isMatch, 10 out of 10,
FoldAsyDoc, 7 out of 10, Use a correct dictionary word
IsPyStringTypeChar, 7 out of 10, Use a correct dictionary word
CheckBlitzFoldPoint, 10 out of 10,
MarginStyledText, 8 out of 10, add verb in the name
setDefaultImageList, 10 out of 10,
is_read_only, 10 out of 10,
Count, 10 out of 10,
getRange, 10 out of 10,
removeFromFolderName, 8 out of 10, add verb in the name
fileSaveAs, 10 out of 10,
StandardASCII, 8 out of 10, add verb in the name
runProcTab, 7 out of 10, Use a correct dictionary word
setDocument, 10 out of 10,
haveTargetMatch, 10 out of 10,
isFileSession, 10 out of 10,
ContractionStateCreate, 8 out of 10, add verb in the name
TagsOfStyle, 8 out of 10, add verb in the name
InvalidateIcon, 10 out of 10,
prepareStringForClipboard, 10 out of 10,
fileSaveSession, 10 out of 10,
GetClientExtent, 10 out of 10,
value, 4 out of 10, Follow a naming style/Use a correct dictionary word/add verb in the name
SetMain, 10 out of 10,
DeinitTheming, 10 out of 10,
checkUpdates, 10 out of 10,
Finalise, 10 out of 10,
NotifyChar, 10 out of 10,
DrawTextCommon, 10 out of 10,
wndProc, 7 out of 10, Use a correct dictionary word
restorePosSize, 10 out of 10,
getMiscStylerArray, 10 out of 10,
InputSymbolScan, 10 out of 10,
strstart, 6 out of 10, Follow a naming style/Use a correct dictionary word
StreamOut, 10 out of 10,
match, 6 out of 10, Follow a naming style/Use a correct dictionary word
runtimeError, 10 out of 10,
to_json, 8 out of 10, add verb in the name
set_current_indicator, 10 out of 10,
FoldDMAPDoc, 4 out of 10, Follow a naming style/Use a correct dictionary word/add verb in the name
QueueIdleWork, 10 out of 10,
HandleData, 10 out of 10,
Destroy, 10 out of 10,
IsADigit, 9 out of 10, Name should not contain `A` as it is single letter
SetDBCSMode, 6 out of 10, Follow a naming style/Use a correct dictionary word
setUnicodeMode, 10 out of 10,
benchmarkStarting, 10 out of 10,
getChildElementByAttribut, 7 out of 10, Use a correct dictionary word
GetState, 10 out of 10,
FindLongestLine, 10 out of 10,
NextPosition, 8 out of 10, add verb in the name
InsertBeforeChild, 8 out of 10, add verb in the name
doOpen, 10 out of 10,
removeFromListIndex, 8 out of 10, add verb in the name
isUpperLetter, 10 out of 10,
GetNextWord, 10 out of 10,
parse_integral, 10 out of 10,
InsertCharacter, 10 out of 10,
getElapsedNanoseconds, 10 out of 10,
FoldObjCDoc, 6 out of 10, Use a correct dictionary word/Name should not contain `C` as it is single letter
addFileHitCount, 10 out of 10,
addIcon, 10 out of 10,
IntoSelectStatementOrAssignment, 8 out of 10, add verb in the name
FirstChildElement, 8 out of 10, add verb in the name
DescriptionOfStyle, 8 out of 10, add verb in the name
SetDocPointer, 10 out of 10,
CodePageFamily, 10 out of 10,
SetDelegate, 10 out of 10,