Phrase,Score,Comments
setImageList, 10 out of 10
IsAWordStart, 9 out of 10, Name should not contain `A` as it is single letter
Invalidate, 10 out of 10
isInListA, 8 out of 10, Add a verb to the method name/Name should not contain `A` as it is single letter
nextSectionIsSubSection, 10 out of 10
syncFoldStateWith, 9 out of 10, Check the grammatical structure of the method name; the name starts or ends with preposition
setItemIconStatus, 10 out of 10
getInstance, 10 out of 10
ClearAllTabstops, 10 out of 10
AddTextColorAttribute, 10 out of 10
IsStreamCommentStyle, 10 out of 10
IsASpace, 6 out of 10, Use correct dictionary words/Add a verb to the method name
enableFontStyle, 10 out of 10
moveNext, 10 out of 10
IsHexDigit, 10 out of 10
dragEnterEvent, 10 out of 10
FineTickerCancel, 10 out of 10
RegisterGridClass, 10 out of 10
writeSourceInfo, 10 out of 10
IsSpace, 10 out of 10
reload, 10 out of 10
SetVisibleRows, 10 out of 10
CountCharacterWidthsUTF8, 9 out of 10, Add a verb to the method name
wndTabProc, 7 out of 10, Use correct dictionary words
IsIdentifierChar, 10 out of 10
getResult, 10 out of 10
ReleaseLineCharacterIndex, 10 out of 10
Create, 10 out of 10
FoldForthDoc, 10 out of 10
doDialog, 10 out of 10
equalityComparisonImpl, 6 out of 10, Use correct dictionary words/Add a verb to the method name
SelectionEnd, 9 out of 10, Add a verb to the method name
bothOrAll, 9 out of 10, Add a verb to the method name
WeakNotifyThis, 8 out of 10, Check the grammatical structure of the method name; the name starts or ends with preposition/Add a verb to the method name
IsWhiteSpaceCondensed, 10 out of 10
main, 10 out of 10
GetRowOfMouse, 10 out of 10
setActiveTab, 10 out of 10
ChangeLexerState, 10 out of 10
run_dlgProc, 6 out of 10, Follow a naming style/Use correct dictionary words
IsMatlabCommentChar, 10 out of 10
ColouriseErrorListDoc, 10 out of 10
initPopupMenus, 10 out of 10
IsTypeCharacter, 10 out of 10
sectionEnded, 9 out of 10, Add a verb to the method name
MeasureLength, 10 out of 10
reconstructExpression, 10 out of 10
lookingAtHereDocDelim, 9 out of 10, Add a verb to the method name
allOk, 9 out of 10, Add a verb to the method name
RegisterImage, 10 out of 10
Ellipse, 9 out of 10, Add a verb to the method name
LineEndTypesSupported, 9 out of 10, Add a verb to the method name
getResultType, 10 out of 10
ColouriseDelimiter, 10 out of 10
RegisterServer, 10 out of 10
endsWith, 9 out of 10, Check the grammatical structure of the method name; the name starts or ends with preposition
scintilla_send_message, 9 out of 10, Method name should not start with `scintilla`
FindNextNonEmptyLineState, 10 out of 10
isHidden, 10 out of 10
use, 10 out of 10
sizeTo, 8 out of 10, Check the grammatical structure of the method name; the name starts or ends with preposition/Add a verb to the method name
describe, 10 out of 10
GetHighlightDelimiters, 10 out of 10
FoldEclDoc, 7 out of 10, Use correct dictionary words
convert, 10 out of 10
Merge, 10 out of 10
IsTwoCharOperator, 10 out of 10
shouldLaunchInAdmMode, 5 out of 10, Use correct dictionary words/Add a verb to the method name/Method name should not start with `should`
PropertySet, 9 out of 10, Add a verb to the method name
Retrieve, 10 out of 10
GetTextAtOffset, 10 out of 10
IsEOLSkip, 10 out of 10
peekAhead, 10 out of 10
ChromeHighlight, 9 out of 10, Add a verb to the method name
setTabInfo, 10 out of 10
GetTypesep, 10 out of 10
PrivateCall, 9 out of 10, Add a verb to the method name
DebugPrintf, 10 out of 10
getThemeSwitcher, 10 out of 10
setCommentLineSymbol, 10 out of 10
moveToParent, 9 out of 10, Add a verb to the method name
runProc, 7 out of 10, Use correct dictionary words
is_object, 10 out of 10
isMETAPOSTnumber, 10 out of 10
Representation, 9 out of 10, Add a verb to the method name
UTF16Length, 9 out of 10, Add a verb to the method name
relayNppMessages, 7 out of 10, Use correct dictionary words
IsValid, 10 out of 10
getMovingRect, 10 out of 10
FlipBitmap, 10 out of 10
AtEOL, 8 out of 10, Check the grammatical structure of the method name; the name starts or ends with preposition/Add a verb to the method name
MoveForInsertDelete, 9 out of 10, Add a verb to the method name
WideCharFromMultiByte, 9 out of 10, Add a verb to the method name
FoldGui4Cli, 9 out of 10, Name should not contain `4` as it is single letter
FoldLoutDoc, 10 out of 10
searchFromCurrentSel, 6 out of 10, Use correct dictionary words/Add a verb to the method name
activateWindowAt, 9 out of 10, Check the grammatical structure of the method name; the name starts or ends with preposition
NotificationCompletion, 9 out of 10, Add a verb to the method name
GetNthVisibleColumn, 10 out of 10
LexerFactoryVerilog, 10 out of 10
isFoldIndentationBased, 10 out of 10
BinarySearchListBox, 9 out of 10, Add a verb to the method name
IsAWordChar, 9 out of 10, Name should not contain `A` as it is single letter
get_token, 10 out of 10
from_json, 8 out of 10, Check the grammatical structure of the method name; the name starts or ends with preposition/Add a verb to the method name
canFind, 9 out of 10, Method name should not start with `can`
getName, 10 out of 10
is_string, 10 out of 10
SetIdentifiers, 10 out of 10
DrawTextNoClip, 10 out of 10
getApiFileName, 10 out of 10
Width, 9 out of 10, Add a verb to the method name
SubLineFromPosition, 10 out of 10
Compile, 10 out of 10
showGlobalOverrideCtrls, 10 out of 10
digestString, 10 out of 10
array, 10 out of 10
run_textEditProc, 6 out of 10, Follow a naming style/Use correct dictionary words
loadFileData, 10 out of 10
find, 10 out of 10
MainAnchor, 10 out of 10
FoldMSSQLDoc, 6 out of 10, Follow a naming style/Use correct dictionary words
getCurrentStyler, 10 out of 10
SetBidiR2L, 6 out of 10, Use correct dictionary words/Name should not contain `R` as it is single letter
isFilterValid, 10 out of 10
convertInto, 9 out of 10, Check the grammatical structure of the method name; the name starts or ends with preposition
isTALwordchar, 6 out of 10, Follow a naming style/Use correct dictionary words
DeleteRange, 10 out of 10
setKeywords2List, 9 out of 10, Name should not contain `2` as it is single letter
MoveTo, 9 out of 10, Check the grammatical structure of the method name; the name starts or ends with preposition
wrap, 10 out of 10
inputMethodEvent, 10 out of 10
writeToDebugConsole, 9 out of 10, Add a verb to the method name
SetEmptySelection, 10 out of 10
HasPrevLineContent, 10 out of 10
Close, 10 out of 10
HandlePar, 10 out of 10
reSizeTo, 8 out of 10, Check the grammatical structure of the method name; the name starts or ends with preposition/Add a verb to the method name
getKeyStrFromVal, 7 out of 10, Use correct dictionary words
ProcessNotification, 10 out of 10
ControlWndProc, 7 out of 10, Use correct dictionary words
skipWhiteSpaces, 10 out of 10
DescribeProperty, 10 out of 10
ReconfigureScrollBars, 10 out of 10
GetConfidence, 10 out of 10
PropertyNames, 9 out of 10, Add a verb to the method name
RightButtonDownWithModifiers, 10 out of 10
IsOneCharOperator, 10 out of 10
removeAllItems, 10 out of 10
FreeSubStyles, 10 out of 10
init, 10 out of 10
iterator_wrapper, 9 out of 10, Add a verb to the method name
enableCommand, 10 out of 10
NotifyHotSpotReleaseClick, 10 out of 10
classifyWordNsis, 7 out of 10, Use correct dictionary words
KeyCommand, 9 out of 10, Add a verb to the method name
StartIdleStyling, 10 out of 10
SetList, 10 out of 10
SetSavePoint, 10 out of 10
testGroupStarting, 10 out of 10
optional, 9 out of 10, Add a verb to the method name
Allocate, 10 out of 10
enableMarkFunc, 10 out of 10
scintilla_object_accessible_widget_unset, 9 out of 10, Method name should not start with `scintilla`
DistanceToSecondaryStyles, 9 out of 10, Add a verb to the method name
setTabSettings, 10 out of 10
Copy, 10 out of 10
PenColour, 10 out of 10
GetRelativePositionUTF16, 9 out of 10, Add a verb to the method name
braceMatch, 10 out of 10
Release, 10 out of 10
Terminate, 10 out of 10
StoreOnClipboard, 9 out of 10, Add a verb to the method name
testRunStarting, 10 out of 10
DescribeWordListSets, 10 out of 10
IsNextNonWhitespace, 10 out of 10
IsFuncName, 10 out of 10
scintilla_object_accessible_finalize, 9 out of 10, Method name should not start with `scintilla`
getRoots, 10 out of 10
numstrcmp, 6 out of 10, Follow a naming style/Use correct dictionary words
setTitle, 10 out of 10
activateNextDoc, 10 out of 10
activateDoc, 10 out of 10
isFile, 10 out of 10
CalcRectToScreen, 10 out of 10
compareEqual, 10 out of 10
CReadChangesServer, 8 out of 10, Add a verb to the method name/Name should not contain `C` as it is single letter
searchLeafRecusivelyAndBuildTree, 10 out of 10
Version, 9 out of 10, Add a verb to the method name
DoubleValue, 10 out of 10
SetSelection, 10 out of 10
which, 6 out of 10, Use correct dictionary words/Add a verb to the method name
addPluginModifiedIndex, 10 out of 10
DeleteAll, 10 out of 10
DeviceHeightFont, 9 out of 10, Add a verb to the method name
WordListSet, 10 out of 10
WordPartRight, 10 out of 10
doSortToTabs, 10 out of 10
isLispwordstart, 10 out of 10
addFilter, 10 out of 10
MoveRect, 10 out of 10
is_number_integer, 10 out of 10
collapseFoldIndentationBased, 9 out of 10, Add a verb to the method name
SetAnnotationHeights, 10 out of 10
LineWidth, 10 out of 10
initPopupMenu, 10 out of 10
getBodyClosePos, 10 out of 10
addIndentAndSuffix, 10 out of 10
u_iswalpha, 5 out of 10, Use correct dictionary words/Add a verb to the method name/Name should not contain `u` as it is single letter
IsInactive, 10 out of 10
FoldVHDLDoc, 6 out of 10, Follow a naming style/Use correct dictionary words
ExposeCT, 6 out of 10, Follow a naming style/Use correct dictionary words
ReleaseAllExtendedStyles, 10 out of 10
GetCharSetName, 10 out of 10
getBufferIndexByID, 10 out of 10
LoadFile, 10 out of 10
EnsureCaretVisible, 10 out of 10
stopMonitoring, 10 out of 10
FoldAvsDoc, 10 out of 10
Clone, 10 out of 10
SciMessageFromEM, 6 out of 10, Follow a naming style/Use correct dictionary words
changeToolBarIcons, 10 out of 10
MatchIgnoreCase2, 9 out of 10, Name should not contain `2` as it is single letter
IsAlphabetic, 10 out of 10
Fold, 10 out of 10
IntoCreateViewStatement, 8 out of 10, Check the grammatical structure of the method name; the name starts or ends with preposition/Add a verb to the method name
postItToggle, 10 out of 10
IsSpaceOrTab, 10 out of 10
getMenuHandler, 10 out of 10
DropGraphics, 10 out of 10
CompareDevCap, 10 out of 10
latexFoldSaveToInt, 9 out of 10, Add a verb to the method name
Descent, 10 out of 10
SubstituteMarkerIfEmpty, 10 out of 10
scintilla_init, 9 out of 10, Method name should not start with `scintilla`
LineCharacterIndex, 10 out of 10
isInFontList, 9 out of 10, Add a verb to the method name
AddMark, 10 out of 10
ColouriseComment, 10 out of 10
classifyAttribHTML, 7 out of 10, Use correct dictionary words
ColouriseAPDLDoc, 6 out of 10, Follow a naming style/Use correct dictionary words
TrimOtherSelections, 10 out of 10
isCOBOLwordchar, 6 out of 10, Follow a naming style/Use correct dictionary words
FoldStataDoc, 7 out of 10, Use correct dictionary words
UpdateCursor, 10 out of 10
beginOrEndSelect, 10 out of 10
FoldTALDoc, 6 out of 10, Follow a naming style/Use correct dictionary words
NotifyParent, 10 out of 10
showInvisibles, 10 out of 10
redo_char, 10 out of 10
launchProjectPanel, 10 out of 10
Text, 9 out of 10, Add a verb to the method name
SetStyles, 10 out of 10
floatFromPangoUnits, 6 out of 10, Use correct dictionary words/Add a verb to the method name
isInList, 9 out of 10, Add a verb to the method name
Open, 10 out of 10
GetCompositionString, 10 out of 10
ColourTo, 9 out of 10, Check the grammatical structure of the method name; the name starts or ends with preposition
NotifyURIDropped, 9 out of 10, Add a verb to the method name
wordInArray, 9 out of 10, Add a verb to the method name
nbScintillas, 9 out of 10, Add a verb to the method name
InsertPaste, 10 out of 10
showQuoteFromIndex, 10 out of 10
configData, 10 out of 10
failedString, 10 out of 10
CurrentPosition, 9 out of 10, Add a verb to the method name
getLParamFromIndex, 6 out of 10, Follow a naming style/Use correct dictionary words
Parse, 10 out of 10
DrawText, 10 out of 10
DrawTextTransparent, 10 out of 10
currentView, 9 out of 10, Add a verb to the method name
NotifyDoubleClick, 10 out of 10
IdleWork, 10 out of 10
RangeText, 10 out of 10
BidirectionalEnabled, 9 out of 10, Add a verb to the method name
GoToLine, 9 out of 10, Add a verb to the method name
FoldOScriptDoc, 9 out of 10, Name should not contain `O` as it is single letter
PropertyType, 9 out of 10, Add a verb to the method name
LineFromPosition, 9 out of 10, Add a verb to the method name
handleExceptionMatchExpr, 10 out of 10
IsEntryStart, 10 out of 10
moveToThis, 8 out of 10, Check the grammatical structure of the method name; the name starts or ends with preposition/Add a verb to the method name
set_end, 10 out of 10
Print, 10 out of 10
thread, 10 out of 10
logicError, 9 out of 10, Add a verb to the method name
isMatch, 10 out of 10
FoldAsyDoc, 7 out of 10, Use correct dictionary words
IsPyStringTypeChar, 7 out of 10, Use correct dictionary words
CheckBlitzFoldPoint, 10 out of 10
MarginStyledText, 9 out of 10, Add a verb to the method name
setDefaultImageList, 10 out of 10
is_read_only, 10 out of 10
Count, 10 out of 10
getRange, 10 out of 10
removeFromFolderName, 9 out of 10, Add a verb to the method name
fileSaveAs, 10 out of 10
StandardASCII, 9 out of 10, Add a verb to the method name
runProcTab, 7 out of 10, Use correct dictionary words
setDocument, 10 out of 10
haveTargetMatch, 10 out of 10
isFileSession, 10 out of 10
ContractionStateCreate, 9 out of 10, Add a verb to the method name
TagsOfStyle, 9 out of 10, Add a verb to the method name
InvalidateIcon, 10 out of 10
prepareStringForClipboard, 10 out of 10
fileSaveSession, 10 out of 10
GetClientExtent, 10 out of 10
value, 9 out of 10, Add a verb to the method name
SetMain, 10 out of 10
DeinitTheming, 10 out of 10
checkUpdates, 10 out of 10
Finalise, 10 out of 10
NotifyChar, 10 out of 10
DrawTextCommon, 10 out of 10
wndProc, 7 out of 10, Use correct dictionary words
restorePosSize, 10 out of 10
getMiscStylerArray, 10 out of 10
InputSymbolScan, 10 out of 10
strstart, 6 out of 10, Follow a naming style/Use correct dictionary words
StreamOut, 10 out of 10
match, 10 out of 10
runtimeError, 10 out of 10
to_json, 8 out of 10, Check the grammatical structure of the method name; the name starts or ends with preposition/Add a verb to the method name
set_current_indicator, 10 out of 10
FoldDMAPDoc, 5 out of 10, Follow a naming style/Use correct dictionary words/Add a verb to the method name
QueueIdleWork, 10 out of 10
HandleData, 10 out of 10
Destroy, 10 out of 10
IsADigit, 9 out of 10, Name should not contain `A` as it is single letter
SetDBCSMode, 6 out of 10, Follow a naming style/Use correct dictionary words
setUnicodeMode, 10 out of 10
benchmarkStarting, 10 out of 10
getChildElementByAttribut, 7 out of 10, Use correct dictionary words
GetState, 10 out of 10
FindLongestLine, 10 out of 10
NextPosition, 9 out of 10, Add a verb to the method name
InsertBeforeChild, 9 out of 10, Add a verb to the method name
doOpen, 10 out of 10
removeFromListIndex, 9 out of 10, Add a verb to the method name
isUpperLetter, 10 out of 10
GetNextWord, 10 out of 10
parse_integral, 10 out of 10
InsertCharacter, 10 out of 10
getElapsedNanoseconds, 10 out of 10
FoldObjCDoc, 6 out of 10, Follow a naming style/Use correct dictionary words
addFileHitCount, 10 out of 10
addIcon, 10 out of 10
IntoSelectStatementOrAssignment, 8 out of 10, Check the grammatical structure of the method name; the name starts or ends with preposition/Add a verb to the method name
FirstChildElement, 9 out of 10, Add a verb to the method name
DescriptionOfStyle, 9 out of 10, Add a verb to the method name
SetDocPointer, 10 out of 10
CodePageFamily, 10 out of 10
SetDelegate, 10 out of 10