identifier_type,identifier_name,identifier_context
,compute_cardinal_spline_tangents,FUNCTION
,transpose,FUNCTION
,is_numeric_value,FUNCTION
,evaluate_pdf,FUNCTION
,remove_unused_entities,FUNCTION
,cm_solve,FUNCTION
,coeffs,FUNCTION
,sampled_non_physical_light,FUNCTION
,stbtt__fill_active_edges,FUNCTION
,make_eps,FUNCTION
,get_model,FUNCTION
,log_allocation_to_file,FUNCTION
,push_vertex_opacity,FUNCTION
,get_texels_2x2,FUNCTION
,compute_dispersion,FUNCTION
,remainder,FUNCTION
,uncharted_tone_map,FUNCTION
,set_time,FUNCTION
,get_source_code,FUNCTION
,slot_save_project_as,FUNCTION
,rows,FUNCTION
,on_frame_begin,FUNCTION
,mis_cutoff,FUNCTION
,make_manifest,FUNCTION
,exp,FUNCTION
,trace_non_physical_light_photon,FUNCTION
,set_wrap_mode,FUNCTION
,allows_edition,FUNCTION
,create_mesh_prim,FUNCTION
,print,FUNCTION
,covariance_image,FUNCTION
,get_memory_size,FUNCTION
,default_on_progressive_frame_update_ptr,FUNCTION
,intersect,FUNCTION
,align,FUNCTION
,apply_addressing_mode,FUNCTION
,transform_CIELUV_to_CIELCh_uv,FUNCTION
,umfpack_report_info,FUNCTION
,substr,FUNCTION
,tokenize_wrapper,FUNCTION
,segment_plane_intersection,FUNCTION
,pshiftleft,FUNCTION
,save_denoiser_checkpoint,FUNCTION
,S2,FUNCTION
,set_environment_var,FUNCTION
,zipWriteInFileInZip,FUNCTION
,naive_query,FUNCTION
,average_value,FUNCTION
,register_closures,FUNCTION
,create_curve1_parameters,FUNCTION
,create_primitive_mesh,FUNCTION
,get_mesh_object_filename,FUNCTION
,map_to_shutter_curve_impl_linear,FUNCTION
,stbtt_PackFontRanges,FUNCTION
,scan_cases,FUNCTION
,slot_material_dropped,FUNCTION
,open,FUNCTION
,create_photon_type_settings,FUNCTION
,faster_log2,FUNCTION
,get_curve_basis_name,FUNCTION
,interpolate_value,FUNCTION
,iparm,FUNCTION
,trace_photons,FUNCTION
,transform_RGB_to_HSV,FUNCTION
,get_max_contribution_scalar,FUNCTION
,halton_payload,FUNCTION
,update_passes_path,FUNCTION
,read_and_check_signature,FUNCTION
,get_cpu_features_string,FUNCTION
,count_non_base_configurations,FUNCTION
,get_case_count,FUNCTION
,format,FUNCTION
,get_face_vertex,FUNCTION
,trace_simple,FUNCTION
,set_library_features,FUNCTION
,generate_tile_ordering,FUNCTION
,set_message,FUNCTION
,metadata_param_to_dict,FUNCTION
,integral,FUNCTION
,create_enumeration_input_widgets,FUNCTION
,read_material_slots,FUNCTION
,sample_lightset,FUNCTION
,_set,FUNCTION
,begin,FUNCTION
,src_layer,FUNCTION
,edf_from_closure_id,FUNCTION
,abs,FUNCTION
,stbtt_Rasterize,FUNCTION
,slot_apply_false_colors_settings_changes,FUNCTION
,compute_non_hierarchical_local_bbox,FUNCTION
,faster_rcp_sqrt,FUNCTION
,mandelbrot_interior_coloring,FUNCTION
,slot_set_line_edit_value,FUNCTION
,slot_start_interactive_rendering,FUNCTION
,allocateAll,FUNCTION
,save_current_configuration,FUNCTION
,evaluate_inputs,FUNCTION
,draw_point,FUNCTION
,fmod,FUNCTION
,sum_image,FUNCTION
,remove_unused_entities_from_assembly,FUNCTION
,ttSHORT,FUNCTION
,do_delete,FUNCTION
,outside_place3d_volume,FUNCTION
,delete_multiple,FUNCTION
,slot_assign_material,FUNCTION
,slot_show_test_window,FUNCTION
,read_mesh_objects,FUNCTION
,sum_luminance,FUNCTION
,get_entity_type_name,FUNCTION
,f,FUNCTION
,ndc_to_camera,FUNCTION
,permuted_radical_inverse,FUNCTION
,set_image_channels,FUNCTION
,create_pt_advanced_nee_ibl_settings,FUNCTION
,pceil,FUNCTION
,reserve_triangles,FUNCTION
,convert_tile_ciexyz_to_linear_rgb,FUNCTION
,create_pt_advanced_nee_max_ray_intensity_settings,FUNCTION
,create_pixel_renderer_factory,FUNCTION
,fix_index,FUNCTION
,create_texture_instance,FUNCTION
,insert_entities,FUNCTION
,reset_format,FUNCTION
,invalidate,FUNCTION
,wait_until_completion,FUNCTION
,vreinterpretq_f64_u64,FUNCTION
,factory_create_texture,FUNCTION
,hsl_to_linear_rgb,FUNCTION
,convert_from_bpy_dict,FUNCTION
,sample_triangle_uniform_heitz,FUNCTION
,compute_world_space_partial_derivatives,FUNCTION
,slot_save_frame_and_aovs,FUNCTION
,log_complex,FUNCTION
,weak_white_furnace_test,FUNCTION
,get_vertex_opacity,FUNCTION
,write_main_and_aov_images,FUNCTION
,create_int_param,FUNCTION
,slot_update_area,FUNCTION
,get_error_count,FUNCTION
,reset_zoom,FUNCTION
,transform_CIEXYZ_to_CIExyY,FUNCTION
,maya_contrast,FUNCTION
,open_and_render_project,FUNCTION
,pacos,FUNCTION
,cameras,FUNCTION
,generateDownscaledAverageImages,FUNCTION
,write_texture_coordinates,FUNCTION
,get_side_name,FUNCTION
,initialize_shutter_curve_linear,FUNCTION
,idxof,FUNCTION
,slot_execute_all,FUNCTION
,slot_abort_rendering,FUNCTION
,eat_blanks,FUNCTION
,slot_on_test_item_check_state_changed,FUNCTION
,multiply_scale_factor,FUNCTION
,slot_rendering_end,FUNCTION
,equals,FUNCTION
,expression_to_qcolor,FUNCTION
,getmessage,FUNCTION
,isnan_impl,FUNCTION
,get_filter_sampling_table,FUNCTION
,compute_geometry_term,FUNCTION
,scaleAndAddTo,FUNCTION
,parse_int_array,FUNCTION
,slot_camera_change_end,FUNCTION
,compute_rval,FUNCTION
,bind_shader_compiler,FUNCTION
,register_factory_plugin,FUNCTION
,slot_fullscreen,FUNCTION
,complete_project,FUNCTION
,zipOpen2_64,FUNCTION
,set_text_color,FUNCTION
,bind_scene_entities_inputs,FUNCTION
,load_GL_VERSION_1_4,FUNCTION
,average_albedo,FUNCTION
,compute_smooth_vertex_normals_base_pose,FUNCTION
,blendmode_screen,FUNCTION
,is_linear_image_file_format,FUNCTION
,get_l1_data_cache_size,FUNCTION
,compute_smooth_vertex_tangents_pose,FUNCTION
,project_file_reader_read_with_opts,FUNCTION
,find_incoming_point,FUNCTION
,destroy,FUNCTION
,assignDiagonalCoeff,FUNCTION
,create_path_from_hit_emitter,FUNCTION
,collect_texture_instances,FUNCTION
,extract_parameters,FUNCTION
,draw_arrow,FUNCTION
,downscale,FUNCTION
,bind_project,FUNCTION
,applyTranspositionOnTheRight,FUNCTION
,unbind_materials,FUNCTION
,slot_pack_project_as,FUNCTION
,stbtt__buf_range,FUNCTION
,get_uncached_max_contribution,FUNCTION
,stbtt_CompareUTF8toUTF16_bigendian,FUNCTION
,is_tilt_line,FUNCTION
,set_frame,FUNCTION
,create_obj_instance_with_back_mat,FUNCTION
,get_format,FUNCTION
,setThreshold,FUNCTION
,TestSet,FUNCTION
,develop_to_frame,FUNCTION
,check_object,FUNCTION
,execute_emission,FUNCTION
,get_suite_count,FUNCTION
,do_create_material,FUNCTION
,as_luminance_D60,FUNCTION
,end_curve_object,FUNCTION
,fast_rcp,FUNCTION
,zip64local_putValue,FUNCTION
,floor,FUNCTION
,slot_set_shading_override,FUNCTION
,create_mesh_obj,FUNCTION
,prepare,FUNCTION
,shrink_to_fit,FUNCTION
,set_transform,FUNCTION
,constrain_to_canvas,FUNCTION
,eat_line,FUNCTION
,get_params,FUNCTION
,is_compatible_with_host,FUNCTION
,plset,FUNCTION
,float2half,FUNCTION
,ask_frame_save_file_path,FUNCTION
,show_project_file_loading_failed_message_box,FUNCTION
,child_node_probabilites,FUNCTION
,RcpFourPi,FUNCTION
,get_user_settings_path,FUNCTION
,set_vertical_range,FUNCTION
,next_combination,FUNCTION
,sample_cdf_linear_search,FUNCTION
,compute_average_luminance,FUNCTION
,emit_sample,FUNCTION
,add_default_options,FUNCTION
,cube,FUNCTION
,create_material,FUNCTION
,set_is_malloc_allowed,FUNCTION
,has_emission,FUNCTION
,normalize,FUNCTION
,preconditioner,FUNCTION
,blend_color_burn,FUNCTION
,DenseStorage,FUNCTION
,fast_cos,FUNCTION
,TestList,FUNCTION
,attenuation,FUNCTION
,compute_x_coefficients,FUNCTION
,stbtt__buf_skip,FUNCTION
,filter_output_item,FUNCTION
,bind_typed_matrix4_extra,FUNCTION
,pblend,FUNCTION
,resume_rendering,FUNCTION
,insertBackByOuterInner,FUNCTION
,set_slider_center,FUNCTION
,transform_colorspace_to_workingspace,FUNCTION
,compute_outgoing_radiance_combined_sampling_low_variance,FUNCTION
,clear_material,FUNCTION
,get_cache_info_deterministic,FUNCTION
,fmtflt,FUNCTION
,has_color_data,FUNCTION
,startFill,FUNCTION
,get_project_files_filter,FUNCTION
,get_lib_cpu_features,FUNCTION
,copy_bool,FUNCTION
,pgather,FUNCTION
,bind_appleseed_python_classes,FUNCTION
,set_exr_image_attributes,FUNCTION
,fast_sqrt,FUNCTION
,check_iesna91_required_keywords,FUNCTION
,printUmfpackControl,FUNCTION