Phrase, Lable, Comments
compute_cardinal_spline_tangents, Excellent method name
transpose, Excellent method name
is_numeric_value, Excellent method name
evaluate_pdf, Fair method name, Use correct dictionary words
remove_unused_entities, Excellent method name
cm_solve, Good method name, Add a verb to the method name
coeffs, Fair method name, Use correct dictionary words
sampled_non_physical_light, Excellent method name
stbtt__fill_active_edges, Fair method name, Follow a naming style/Use correct dictionary words
make_eps, Fair method name, Use correct dictionary words
get_model, Excellent method name
log_allocation_to_file, Excellent method name
push_vertex_opacity, Excellent method name
get_texels_2x2, Fair method name, Use correct dictionary words
compute_dispersion, Excellent method name
remainder, Good method name, Add a verb to the method name
uncharted_tone_map, Excellent method name
set_time, Excellent method name
get_source_code, Excellent method name
slot_save_project_as, Excellent method name
rows, Excellent method name
on_frame_begin, Fair method name, Check the grammatical structure of the method name; the name starts or ends with preposition/Add a verb to the method name
mis_cutoff, Excellent method name
make_manifest, Excellent method name
exp, Fair method name, Use correct dictionary words
trace_non_physical_light_photon, Excellent method name
set_wrap_mode, Excellent method name
allows_edition, Excellent method name
create_mesh_prim, Excellent method name
print, Excellent method name
covariance_image, Good method name, Add a verb to the method name
get_memory_size, Excellent method name
default_on_progressive_frame_update_ptr, Fair method name, Use correct dictionary words/Add a verb to the method name
intersect, Excellent method name
align, Excellent method name
apply_addressing_mode, Excellent method name
transform_CIELUV_to_CIELCh_uv, Fair method name, Follow a naming style/Use correct dictionary words
umfpack_report_info, Fair method name, Use correct dictionary words
substr, Fair method name, Follow a naming style/Use correct dictionary words
tokenize_wrapper, Fair method name, Use correct dictionary words
segment_plane_intersection, Excellent method name
pshiftleft, Fair method name, Use correct dictionary words
save_denoiser_checkpoint, Fair method name, Use correct dictionary words
S2, Fair method name, Add a verb to the method name/Name should not contain `S` as it is single letter
set_environment_var, Excellent method name
zipWriteInFileInZip, Excellent method name
naive_query, Good method name, Add a verb to the method name
average_value, Excellent method name
register_closures, Excellent method name
create_curve1_parameters, Fair method name, Use correct dictionary words
create_primitive_mesh, Excellent method name
get_mesh_object_filename, Excellent method name
map_to_shutter_curve_impl_linear, Fair method name, Use correct dictionary words/Add a verb to the method name
stbtt_PackFontRanges, Fair method name, Follow a naming style/Use correct dictionary words
scan_cases, Excellent method name
slot_material_dropped, Good method name, Add a verb to the method name
open, Excellent method name
create_photon_type_settings, Excellent method name
faster_log2, Fair method name, Use correct dictionary words/Add a verb to the method name
get_curve_basis_name, Excellent method name
interpolate_value, Excellent method name
iparm, Poor method name, Follow a naming style/Use correct dictionary words/Add a verb to the method name
trace_photons, Excellent method name
transform_RGB_to_HSV, Fair method name, Follow a naming style/Use correct dictionary words
get_max_contribution_scalar, Excellent method name
halton_payload, Fair method name, Use correct dictionary words/Add a verb to the method name
update_passes_path, Excellent method name
read_and_check_signature, Excellent method name
get_cpu_features_string, Excellent method name
count_non_base_configurations, Excellent method name
get_case_count, Excellent method name
format, Excellent method name
get_face_vertex, Excellent method name
trace_simple, Excellent method name
set_library_features, Excellent method name
generate_tile_ordering, Excellent method name
set_message, Excellent method name
metadata_param_to_dict, Fair method name, Use correct dictionary words/Add a verb to the method name
integral, Good method name, Add a verb to the method name
create_enumeration_input_widgets, Excellent method name
read_material_slots, Excellent method name
sample_lightset, Fair method name, Use correct dictionary words
_set, Excellent method name
begin, Excellent method name
src_layer, Fair method name, Use correct dictionary words
edf_from_closure_id, Fair method name, Use correct dictionary words/Add a verb to the method name
abs, Excellent method name
stbtt_Rasterize, Fair method name, Follow a naming style/Use correct dictionary words
slot_apply_false_colors_settings_changes, Excellent method name
compute_non_hierarchical_local_bbox, Fair method name, Use correct dictionary words
faster_rcp_sqrt, Fair method name, Use correct dictionary words/Add a verb to the method name
mandelbrot_interior_coloring, Excellent method name
slot_set_line_edit_value, Good method name, Add a verb to the method name
slot_start_interactive_rendering, Excellent method name
allocateAll, Excellent method name
save_current_configuration, Excellent method name
evaluate_inputs, Excellent method name
draw_point, Excellent method name
fmod, Poor method name, Follow a naming style/Use correct dictionary words/Add a verb to the method name
sum_image, Excellent method name
remove_unused_entities_from_assembly, Excellent method name
ttSHORT, Poor method name, Follow a naming style/Use correct dictionary words/Add a verb to the method name
do_delete, Excellent method name
outside_place3d_volume, Poor method name, Use correct dictionary words/Check the grammatical structure of the method name; the name starts or ends with preposition/Add a verb to the method name
delete_multiple, Excellent method name
slot_assign_material, Excellent method name
slot_show_test_window, Excellent method name
read_mesh_objects, Excellent method name
sum_luminance, Excellent method name
get_entity_type_name, Excellent method name
f, Good method name, Name should not contain `f` as it is single letter
ndc_to_camera, Fair method name, Use correct dictionary words/Add a verb to the method name
permuted_radical_inverse, Excellent method name
set_image_channels, Excellent method name
create_pt_advanced_nee_ibl_settings, Fair method name, Use correct dictionary words
pceil, Poor method name, Follow a naming style/Use correct dictionary words/Add a verb to the method name
reserve_triangles, Excellent method name
convert_tile_ciexyz_to_linear_rgb, Fair method name, Use correct dictionary words
create_pt_advanced_nee_max_ray_intensity_settings, Good method name, Number of words must be less than 7
create_pixel_renderer_factory, Fair method name, Use correct dictionary words
fix_index, Excellent method name
create_texture_instance, Excellent method name
insert_entities, Excellent method name
reset_format, Excellent method name
invalidate, Excellent method name
wait_until_completion, Fair method name, Use correct dictionary words/Add a verb to the method name
vreinterpretq_f64_u64, Fair method name, Use correct dictionary words/Add a verb to the method name
factory_create_texture, Excellent method name
hsl_to_linear_rgb, Fair method name, Use correct dictionary words/Add a verb to the method name
convert_from_bpy_dict, Fair method name, Use correct dictionary words/Add a verb to the method name
sample_triangle_uniform_heitz, Fair method name, Use correct dictionary words
compute_world_space_partial_derivatives, Excellent method name
slot_save_frame_and_aovs, Fair method name, Use correct dictionary words
log_complex, Excellent method name
weak_white_furnace_test, Good method name, Add a verb to the method name
get_vertex_opacity, Excellent method name
write_main_and_aov_images, Fair method name, Use correct dictionary words
create_int_param, Excellent method name
slot_update_area, Excellent method name
get_error_count, Excellent method name
reset_zoom, Excellent method name
transform_CIEXYZ_to_CIExyY, Fair method name, Follow a naming style/Use correct dictionary words
maya_contrast, Excellent method name
open_and_render_project, Excellent method name
pacos, Fair method name, Use correct dictionary words
cameras, Good method name, Add a verb to the method name
generateDownscaledAverageImages, Excellent method name
write_texture_coordinates, Excellent method name
get_side_name, Excellent method name
initialize_shutter_curve_linear, Excellent method name
idxof, Poor method name, Follow a naming style/Use correct dictionary words/Check the grammatical structure of the method name; the name starts or ends with preposition/Add a verb to the method name
slot_execute_all, Excellent method name
slot_abort_rendering, Excellent method name
eat_blanks, Excellent method name
slot_on_test_item_check_state_changed, Fair method name, Add a verb to the method name/Number of words must be less than 7
multiply_scale_factor, Excellent method name
slot_rendering_end, Good method name, Add a verb to the method name
equals, Excellent method name
expression_to_qcolor, Fair method name, Use correct dictionary words/Add a verb to the method name
getmessage, Fair method name, Follow a naming style/Use correct dictionary words
isnan_impl, Fair method name, Use correct dictionary words
get_filter_sampling_table, Excellent method name
compute_geometry_term, Excellent method name
scaleAndAddTo, Good method name, Check the grammatical structure of the method name; the name starts or ends with preposition
parse_int_array, Excellent method name
slot_camera_change_end, Good method name, Add a verb to the method name
compute_rval, Fair method name, Use correct dictionary words
bind_shader_compiler, Fair method name, Use correct dictionary words
register_factory_plugin, Excellent method name
slot_fullscreen, Fair method name, Use correct dictionary words/Add a verb to the method name
complete_project, Excellent method name
zipOpen2_64, Fair method name, Follow a naming style/Use correct dictionary words
set_text_color, Excellent method name
bind_scene_entities_inputs, Excellent method name
load_GL_VERSION_1_4, Fair method name, Follow a naming style/Use correct dictionary words
average_albedo, Excellent method name
compute_smooth_vertex_normals_base_pose, Excellent method name
blendmode_screen, Fair method name, Use correct dictionary words
is_linear_image_file_format, Excellent method name
get_l1_data_cache_size, Fair method name, Use correct dictionary words
compute_smooth_vertex_tangents_pose, Excellent method name
project_file_reader_read_with_opts, Excellent method name
find_incoming_point, Excellent method name
destroy, Excellent method name
assignDiagonalCoeff, Fair method name, Use correct dictionary words
create_path_from_hit_emitter, Excellent method name
collect_texture_instances, Excellent method name
extract_parameters, Excellent method name
draw_arrow, Excellent method name
downscale, Excellent method name
bind_project, Excellent method name
applyTranspositionOnTheRight, Fair method name, Use correct dictionary words
unbind_materials, Excellent method name
slot_pack_project_as, Good method name, Add a verb to the method name
stbtt__buf_range, Fair method name, Follow a naming style/Use correct dictionary words
get_uncached_max_contribution, Fair method name, Use correct dictionary words
stbtt_CompareUTF8toUTF16_bigendian, Poor method name, Use correct dictionary words/Add a verb to the method name/Number of words must be less than 7
is_tilt_line, Excellent method name
set_frame, Excellent method name
create_obj_instance_with_back_mat, Fair method name, Use correct dictionary words
get_format, Excellent method name
setThreshold, Excellent method name
TestSet, Excellent method name
develop_to_frame, Good method name, Add a verb to the method name
check_object, Excellent method name
execute_emission, Excellent method name
get_suite_count, Excellent method name
do_create_material, Excellent method name
as_luminance_D60, Poor method name, Follow a naming style/Use correct dictionary words/Add a verb to the method name
end_curve_object, Excellent method name
fast_rcp, Fair method name, Use correct dictionary words
zip64local_putValue, Fair method name, Follow a naming style/Use correct dictionary words
floor, Good method name, Add a verb to the method name
slot_set_shading_override, Good method name, Add a verb to the method name
create_mesh_obj, Fair method name, Use correct dictionary words
prepare, Excellent method name
shrink_to_fit, Good method name, Add a verb to the method name
set_transform, Excellent method name
constrain_to_canvas, Good method name, Add a verb to the method name
eat_line, Excellent method name
get_params, Fair method name, Use correct dictionary words
is_compatible_with_host, Excellent method name
plset, Poor method name, Follow a naming style/Use correct dictionary words/Add a verb to the method name
float2half, Fair method name, Follow a naming style/Use correct dictionary words
ask_frame_save_file_path, Excellent method name
show_project_file_loading_failed_message_box, Good method name, Number of words must be less than 7
child_node_probabilites, Fair method name, Use correct dictionary words/Add a verb to the method name
RcpFourPi, Fair method name, Use correct dictionary words
get_user_settings_path, Excellent method name
set_vertical_range, Excellent method name
next_combination, Good method name, Add a verb to the method name
sample_cdf_linear_search, Fair method name, Use correct dictionary words
compute_average_luminance, Excellent method name
emit_sample, Excellent method name
add_default_options, Excellent method name
cube, Excellent method name
create_material, Excellent method name
set_is_malloc_allowed, Fair method name, Use correct dictionary words
has_emission, Excellent method name
normalize, Excellent method name
preconditioner, Fair method name, Use correct dictionary words/Add a verb to the method name
blend_color_burn, Excellent method name
DenseStorage, Good method name, Add a verb to the method name
fast_cos, Excellent method name
TestList, Excellent method name
attenuation, Good method name, Add a verb to the method name
compute_x_coefficients, Good method name, Name should not contain `x` as it is single letter
stbtt__buf_skip, Fair method name, Follow a naming style/Use correct dictionary words
filter_output_item, Excellent method name
bind_typed_matrix4_extra, Fair method name, Use correct dictionary words
pblend, Poor method name, Follow a naming style/Use correct dictionary words/Add a verb to the method name
resume_rendering, Excellent method name
insertBackByOuterInner, Excellent method name
set_slider_center, Excellent method name
transform_colorspace_to_workingspace, Fair method name, Use correct dictionary words
compute_outgoing_radiance_combined_sampling_low_variance, Good method name, Number of words must be less than 7
clear_material, Excellent method name
get_cache_info_deterministic, Excellent method name
fmtflt, Fair method name, Follow a naming style/Use correct dictionary words
has_color_data, Excellent method name
startFill, Excellent method name
get_project_files_filter, Excellent method name
get_lib_cpu_features, Fair method name, Use correct dictionary words
copy_bool, Fair method name, Use correct dictionary words
pgather, Poor method name, Follow a naming style/Use correct dictionary words/Add a verb to the method name
bind_appleseed_python_classes, Fair method name, Use correct dictionary words
set_exr_image_attributes, Fair method name, Use correct dictionary words
fast_sqrt, Fair method name, Use correct dictionary words
check_iesna91_required_keywords, Fair method name, Use correct dictionary words
printUmfpackControl, Fair method name, Use correct dictionary words