Phrase,Score,Comments
compute_cardinal_spline_tangents, 10 out of 10
transpose, 10 out of 10
is_numeric_value, 10 out of 10
evaluate_pdf, 7 out of 10, Use correct dictionary words
remove_unused_entities, 10 out of 10
cm_solve, 9 out of 10, Add a verb to the method name
coeffs, 7 out of 10, Use correct dictionary words
sampled_non_physical_light, 10 out of 10
stbtt__fill_active_edges, 6 out of 10, Follow a naming style/Use correct dictionary words
make_eps, 7 out of 10, Use correct dictionary words
get_model, 10 out of 10
log_allocation_to_file, 10 out of 10
push_vertex_opacity, 10 out of 10
get_texels_2x2, 7 out of 10, Use correct dictionary words
compute_dispersion, 10 out of 10
remainder, 9 out of 10, Add a verb to the method name
uncharted_tone_map, 10 out of 10
set_time, 10 out of 10
get_source_code, 10 out of 10
slot_save_project_as, 10 out of 10
rows, 10 out of 10
on_frame_begin, 8 out of 10, Check the grammatical structure of the method name; the name starts or ends with preposition/Add a verb to the method name
mis_cutoff, 10 out of 10
make_manifest, 10 out of 10
exp, 7 out of 10, Use correct dictionary words
trace_non_physical_light_photon, 10 out of 10
set_wrap_mode, 10 out of 10
allows_edition, 10 out of 10
create_mesh_prim, 10 out of 10
print, 10 out of 10
covariance_image, 9 out of 10, Add a verb to the method name
get_memory_size, 10 out of 10
default_on_progressive_frame_update_ptr, 6 out of 10, Use correct dictionary words/Add a verb to the method name
intersect, 10 out of 10
align, 10 out of 10
apply_addressing_mode, 10 out of 10
transform_CIELUV_to_CIELCh_uv, 6 out of 10, Follow a naming style/Use correct dictionary words
umfpack_report_info, 7 out of 10, Use correct dictionary words
substr, 6 out of 10, Follow a naming style/Use correct dictionary words
tokenize_wrapper, 7 out of 10, Use correct dictionary words
segment_plane_intersection, 10 out of 10
pshiftleft, 7 out of 10, Use correct dictionary words
save_denoiser_checkpoint, 7 out of 10, Use correct dictionary words
S2, 8 out of 10, Add a verb to the method name/Name should not contain `S` as it is single letter
set_environment_var, 10 out of 10
zipWriteInFileInZip, 10 out of 10
naive_query, 9 out of 10, Add a verb to the method name
average_value, 10 out of 10
register_closures, 10 out of 10
create_curve1_parameters, 7 out of 10, Use correct dictionary words
create_primitive_mesh, 10 out of 10
get_mesh_object_filename, 10 out of 10
map_to_shutter_curve_impl_linear, 6 out of 10, Use correct dictionary words/Add a verb to the method name
stbtt_PackFontRanges, 6 out of 10, Follow a naming style/Use correct dictionary words
scan_cases, 10 out of 10
slot_material_dropped, 9 out of 10, Add a verb to the method name
open, 10 out of 10
create_photon_type_settings, 10 out of 10
faster_log2, 6 out of 10, Use correct dictionary words/Add a verb to the method name
get_curve_basis_name, 10 out of 10
interpolate_value, 10 out of 10
iparm, 5 out of 10, Follow a naming style/Use correct dictionary words/Add a verb to the method name
trace_photons, 10 out of 10
transform_RGB_to_HSV, 6 out of 10, Follow a naming style/Use correct dictionary words
get_max_contribution_scalar, 10 out of 10
halton_payload, 6 out of 10, Use correct dictionary words/Add a verb to the method name
update_passes_path, 10 out of 10
read_and_check_signature, 10 out of 10
get_cpu_features_string, 10 out of 10
count_non_base_configurations, 10 out of 10
get_case_count, 10 out of 10
format, 10 out of 10
get_face_vertex, 10 out of 10
trace_simple, 10 out of 10
set_library_features, 10 out of 10
generate_tile_ordering, 10 out of 10
set_message, 10 out of 10
metadata_param_to_dict, 6 out of 10, Use correct dictionary words/Add a verb to the method name
integral, 9 out of 10, Add a verb to the method name
create_enumeration_input_widgets, 10 out of 10
read_material_slots, 10 out of 10
sample_lightset, 7 out of 10, Use correct dictionary words
_set, 10 out of 10
begin, 10 out of 10
src_layer, 7 out of 10, Use correct dictionary words
edf_from_closure_id, 6 out of 10, Use correct dictionary words/Add a verb to the method name
abs, 10 out of 10
stbtt_Rasterize, 6 out of 10, Follow a naming style/Use correct dictionary words
slot_apply_false_colors_settings_changes, 10 out of 10
compute_non_hierarchical_local_bbox, 7 out of 10, Use correct dictionary words
faster_rcp_sqrt, 6 out of 10, Use correct dictionary words/Add a verb to the method name
mandelbrot_interior_coloring, 10 out of 10
slot_set_line_edit_value, 9 out of 10, Add a verb to the method name
slot_start_interactive_rendering, 10 out of 10
allocateAll, 10 out of 10
save_current_configuration, 10 out of 10
evaluate_inputs, 10 out of 10
draw_point, 10 out of 10
fmod, 5 out of 10, Follow a naming style/Use correct dictionary words/Add a verb to the method name
sum_image, 10 out of 10
remove_unused_entities_from_assembly, 10 out of 10
ttSHORT, 5 out of 10, Follow a naming style/Use correct dictionary words/Add a verb to the method name
do_delete, 10 out of 10
outside_place3d_volume, 5 out of 10, Use correct dictionary words/Check the grammatical structure of the method name; the name starts or ends with preposition/Add a verb to the method name
delete_multiple, 10 out of 10
slot_assign_material, 10 out of 10
slot_show_test_window, 10 out of 10
read_mesh_objects, 10 out of 10
sum_luminance, 10 out of 10
get_entity_type_name, 10 out of 10
f, 9 out of 10, Name should not contain `f` as it is single letter
ndc_to_camera, 6 out of 10, Use correct dictionary words/Add a verb to the method name
permuted_radical_inverse, 10 out of 10
set_image_channels, 10 out of 10
create_pt_advanced_nee_ibl_settings, 7 out of 10, Use correct dictionary words
pceil, 5 out of 10, Follow a naming style/Use correct dictionary words/Add a verb to the method name
reserve_triangles, 10 out of 10
convert_tile_ciexyz_to_linear_rgb, 7 out of 10, Use correct dictionary words
create_pt_advanced_nee_max_ray_intensity_settings, 9 out of 10, Number of words must be less than 7
create_pixel_renderer_factory, 7 out of 10, Use correct dictionary words
fix_index, 10 out of 10
create_texture_instance, 10 out of 10
insert_entities, 10 out of 10
reset_format, 10 out of 10
invalidate, 10 out of 10
wait_until_completion, 6 out of 10, Use correct dictionary words/Add a verb to the method name
vreinterpretq_f64_u64, 6 out of 10, Use correct dictionary words/Add a verb to the method name
factory_create_texture, 10 out of 10
hsl_to_linear_rgb, 6 out of 10, Use correct dictionary words/Add a verb to the method name
convert_from_bpy_dict, 6 out of 10, Use correct dictionary words/Add a verb to the method name
sample_triangle_uniform_heitz, 7 out of 10, Use correct dictionary words
compute_world_space_partial_derivatives, 10 out of 10
slot_save_frame_and_aovs, 7 out of 10, Use correct dictionary words
log_complex, 10 out of 10
weak_white_furnace_test, 9 out of 10, Add a verb to the method name
get_vertex_opacity, 10 out of 10
write_main_and_aov_images, 7 out of 10, Use correct dictionary words
create_int_param, 10 out of 10
slot_update_area, 10 out of 10
get_error_count, 10 out of 10
reset_zoom, 10 out of 10
transform_CIEXYZ_to_CIExyY, 6 out of 10, Follow a naming style/Use correct dictionary words
maya_contrast, 10 out of 10
open_and_render_project, 10 out of 10
pacos, 7 out of 10, Use correct dictionary words
cameras, 9 out of 10, Add a verb to the method name
generateDownscaledAverageImages, 10 out of 10
write_texture_coordinates, 10 out of 10
get_side_name, 10 out of 10
initialize_shutter_curve_linear, 10 out of 10
idxof, 4 out of 10, Follow a naming style/Use correct dictionary words/Check the grammatical structure of the method name; the name starts or ends with preposition/Add a verb to the method name
slot_execute_all, 10 out of 10
slot_abort_rendering, 10 out of 10
eat_blanks, 10 out of 10
slot_on_test_item_check_state_changed, 8 out of 10, Add a verb to the method name/Number of words must be less than 7
multiply_scale_factor, 10 out of 10
slot_rendering_end, 9 out of 10, Add a verb to the method name
equals, 10 out of 10
expression_to_qcolor, 6 out of 10, Use correct dictionary words/Add a verb to the method name
getmessage, 6 out of 10, Follow a naming style/Use correct dictionary words
isnan_impl, 7 out of 10, Use correct dictionary words
get_filter_sampling_table, 10 out of 10
compute_geometry_term, 10 out of 10
scaleAndAddTo, 9 out of 10, Check the grammatical structure of the method name; the name starts or ends with preposition
parse_int_array, 10 out of 10
slot_camera_change_end, 9 out of 10, Add a verb to the method name
compute_rval, 7 out of 10, Use correct dictionary words
bind_shader_compiler, 7 out of 10, Use correct dictionary words
register_factory_plugin, 10 out of 10
slot_fullscreen, 6 out of 10, Use correct dictionary words/Add a verb to the method name
complete_project, 10 out of 10
zipOpen2_64, 6 out of 10, Follow a naming style/Use correct dictionary words
set_text_color, 10 out of 10
bind_scene_entities_inputs, 10 out of 10
load_GL_VERSION_1_4, 6 out of 10, Follow a naming style/Use correct dictionary words
average_albedo, 10 out of 10
compute_smooth_vertex_normals_base_pose, 10 out of 10
blendmode_screen, 7 out of 10, Use correct dictionary words
is_linear_image_file_format, 10 out of 10
get_l1_data_cache_size, 7 out of 10, Use correct dictionary words
compute_smooth_vertex_tangents_pose, 10 out of 10
project_file_reader_read_with_opts, 10 out of 10
find_incoming_point, 10 out of 10
destroy, 10 out of 10
assignDiagonalCoeff, 7 out of 10, Use correct dictionary words
create_path_from_hit_emitter, 10 out of 10
collect_texture_instances, 10 out of 10
extract_parameters, 10 out of 10
draw_arrow, 10 out of 10
downscale, 10 out of 10
bind_project, 10 out of 10
applyTranspositionOnTheRight, 7 out of 10, Use correct dictionary words
unbind_materials, 10 out of 10
slot_pack_project_as, 9 out of 10, Add a verb to the method name
stbtt__buf_range, 6 out of 10, Follow a naming style/Use correct dictionary words
get_uncached_max_contribution, 7 out of 10, Use correct dictionary words
stbtt_CompareUTF8toUTF16_bigendian, 5 out of 10, Use correct dictionary words/Add a verb to the method name/Number of words must be less than 7
is_tilt_line, 10 out of 10
set_frame, 10 out of 10
create_obj_instance_with_back_mat, 7 out of 10, Use correct dictionary words
get_format, 10 out of 10
setThreshold, 10 out of 10
TestSet, 10 out of 10
develop_to_frame, 9 out of 10, Add a verb to the method name
check_object, 10 out of 10
execute_emission, 10 out of 10
get_suite_count, 10 out of 10
do_create_material, 10 out of 10
as_luminance_D60, 5 out of 10, Follow a naming style/Use correct dictionary words/Add a verb to the method name
end_curve_object, 10 out of 10
fast_rcp, 7 out of 10, Use correct dictionary words
zip64local_putValue, 6 out of 10, Follow a naming style/Use correct dictionary words
floor, 9 out of 10, Add a verb to the method name
slot_set_shading_override, 9 out of 10, Add a verb to the method name
create_mesh_obj, 7 out of 10, Use correct dictionary words
prepare, 10 out of 10
shrink_to_fit, 9 out of 10, Add a verb to the method name
set_transform, 10 out of 10
constrain_to_canvas, 9 out of 10, Add a verb to the method name
eat_line, 10 out of 10
get_params, 7 out of 10, Use correct dictionary words
is_compatible_with_host, 10 out of 10
plset, 5 out of 10, Follow a naming style/Use correct dictionary words/Add a verb to the method name
float2half, 6 out of 10, Follow a naming style/Use correct dictionary words
ask_frame_save_file_path, 10 out of 10
show_project_file_loading_failed_message_box, 9 out of 10, Number of words must be less than 7
child_node_probabilites, 6 out of 10, Use correct dictionary words/Add a verb to the method name
RcpFourPi, 7 out of 10, Use correct dictionary words
get_user_settings_path, 10 out of 10
set_vertical_range, 10 out of 10
next_combination, 9 out of 10, Add a verb to the method name
sample_cdf_linear_search, 7 out of 10, Use correct dictionary words
compute_average_luminance, 10 out of 10
emit_sample, 10 out of 10
add_default_options, 10 out of 10
cube, 10 out of 10
create_material, 10 out of 10
set_is_malloc_allowed, 7 out of 10, Use correct dictionary words
has_emission, 10 out of 10
normalize, 10 out of 10
preconditioner, 6 out of 10, Use correct dictionary words/Add a verb to the method name
blend_color_burn, 10 out of 10
DenseStorage, 9 out of 10, Add a verb to the method name
fast_cos, 10 out of 10
TestList, 10 out of 10
attenuation, 9 out of 10, Add a verb to the method name
compute_x_coefficients, 9 out of 10, Name should not contain `x` as it is single letter
stbtt__buf_skip, 6 out of 10, Follow a naming style/Use correct dictionary words
filter_output_item, 10 out of 10
bind_typed_matrix4_extra, 7 out of 10, Use correct dictionary words
pblend, 5 out of 10, Follow a naming style/Use correct dictionary words/Add a verb to the method name
resume_rendering, 10 out of 10
insertBackByOuterInner, 10 out of 10
set_slider_center, 10 out of 10
transform_colorspace_to_workingspace, 7 out of 10, Use correct dictionary words
compute_outgoing_radiance_combined_sampling_low_variance, 9 out of 10, Number of words must be less than 7
clear_material, 10 out of 10
get_cache_info_deterministic, 10 out of 10
fmtflt, 6 out of 10, Follow a naming style/Use correct dictionary words
has_color_data, 10 out of 10
startFill, 10 out of 10
get_project_files_filter, 10 out of 10
get_lib_cpu_features, 7 out of 10, Use correct dictionary words
copy_bool, 7 out of 10, Use correct dictionary words
pgather, 5 out of 10, Follow a naming style/Use correct dictionary words/Add a verb to the method name
bind_appleseed_python_classes, 7 out of 10, Use correct dictionary words
set_exr_image_attributes, 7 out of 10, Use correct dictionary words
fast_sqrt, 7 out of 10, Use correct dictionary words
check_iesna91_required_keywords, 7 out of 10, Use correct dictionary words
printUmfpackControl, 7 out of 10, Use correct dictionary words