Phrase, Lable, Comments
setImageList, Excellent
IsAWordStart, fair, add verb to the name/name should not contain `A` as it is single letter
Invalidate, Excellent
isInListA, fair, add verb to the name/name should not contain `A` as it is single letter
nextSectionIsSubSection, fair, add verb to the name
syncFoldStateWith, fair, add verb to the name
setItemIconStatus, Excellent
getInstance, fair, add verb to the name
ClearAllTabstops, Excellent
AddTextColorAttribute, fair, add verb to the name
IsStreamCommentStyle, fair, add verb to the name
IsASpace, poor, correct the words as per wordnet dictionary/add verb to the name
enableFontStyle, Excellent
moveNext, Excellent
IsHexDigit, fair, add verb to the name
dragEnterEvent, Excellent
FineTickerCancel, fair, add verb to the name
RegisterGridClass, Excellent
writeSourceInfo, Excellent
IsSpace, fair, add verb to the name
reload, poor, Follow a naming style/correct the words as per wordnet dictionary/add verb to the name
SetVisibleRows, Excellent
CountCharacterWidthsUTF8, fair, add verb to the name/contains unwanted word `Character`
wndTabProc, fair, add verb to the name
IsIdentifierChar, fair, add verb to the name
getResult, fair, add verb to the name
ReleaseLineCharacterIndex, fair, add verb to the name/contains unwanted word `Character`
Create, Excellent
FoldForthDoc, Excellent
doDialog, fair, add verb to the name
equalityComparisonImpl, fair, add verb to the name
SelectionEnd, fair, add verb to the name
bothOrAll, fair, add verb to the name
WeakNotifyThis, fair, add verb to the name
IsWhiteSpaceCondensed, Excellent
main, poor, Follow a naming style/correct the words as per wordnet dictionary/add verb to the name
GetRowOfMouse, fair, add verb to the name
setActiveTab, Excellent
ChangeLexerState, fair, add verb to the name
run_dlgProc, poor, Follow a naming style/correct the words as per wordnet dictionary/add verb to the name
IsMatlabCommentChar, fair, add verb to the name
ColouriseErrorListDoc, fair, add verb to the name
initPopupMenus, Excellent
IsTypeCharacter, fair, add verb to the name/contains unwanted word `Character`
sectionEnded, Excellent
ChangeLexerState, fair, add verb to the name
MeasureLength, fair, add verb to the name
reconstructExpression, fair, add verb to the name
lookingAtHereDocDelim, Excellent
allOk, fair, add verb to the name
RegisterImage, Excellent
Ellipse, Excellent
LineEndTypesSupported, Excellent
getResultType, fair, add verb to the name
ColouriseDelimiter, fair, add verb to the name
RegisterServer, Excellent
endsWith, Excellent
scintilla_send_message, Excellent
FindNextNonEmptyLineState, Excellent
isHidden, Excellent
use, poor, Follow a naming style/correct the words as per wordnet dictionary/add verb to the name
sizeTo, fair, add verb to the name
describe, fair, Follow a naming style/correct the words as per wordnet dictionary
GetHighlightDelimiters, fair, add verb to the name
FoldEclDoc, Excellent
convert, poor, Follow a naming style/correct the words as per wordnet dictionary/add verb to the name
Merge, Excellent
IsTwoCharOperator, fair, add verb to the name
shouldLaunchInAdmMode, Excellent
PropertySet, fair, add verb to the name
Retrieve, Excellent
GetTextAtOffset, fair, add verb to the name
IsEOLSkip, fair, add verb to the name
peekAhead, fair, add verb to the name
ChromeHighlight, fair, add verb to the name
setTabInfo, fair, add verb to the name
GetTypesep, fair, add verb to the name
PrivateCall, fair, add verb to the name
DebugPrintf, fair, add verb to the name
getThemeSwitcher, fair, add verb to the name
setCommentLineSymbol, Excellent
moveToParent, Excellent
runProc, Excellent
is_object, fair, add verb to the name
isMETAPOSTnumber, poor, Follow a naming style/correct the words as per wordnet dictionary/add verb to the name
Representation, fair, add verb to the name
PropertySet, fair, add verb to the name
UTF16Length, fair, add verb to the name
relayNppMessages, fair, add verb to the name
PropertySet, fair, add verb to the name
IsValid, fair, add verb to the name
getMovingRect, Excellent
FlipBitmap, fair, add verb to the name
AtEOL, fair, add verb to the name
MoveForInsertDelete, Excellent
WideCharFromMultiByte, fair, add verb to the name
FoldGui4Cli, good, name should not contain `4` as it is single letter
FoldLoutDoc, Excellent
doDialog, fair, add verb to the name
searchFromCurrentSel, fair, correct the words as per wordnet dictionary
activateWindowAt, Excellent
NotificationCompletion, fair, add verb to the name
GetNthVisibleColumn, fair, add verb to the name
LexerFactoryVerilog, fair, add verb to the name
isFoldIndentationBased, Excellent
BinarySearchListBox, fair, add verb to the name
IsAWordChar, fair, add verb to the name/name should not contain `A` as it is single letter
get_token, fair, add verb to the name
from_json, fair, add verb to the name
canFind, Excellent
getName, fair, add verb to the name
is_string, good, contains unwanted word `string`
SetIdentifiers, fair, add verb to the name
DrawTextNoClip, fair, add verb to the name
getApiFileName, poor, correct the words as per wordnet dictionary/add verb to the name
Width, fair, add verb to the name
SubLineFromPosition, fair, add verb to the name
Compile, fair, add verb to the name
showGlobalOverrideCtrls, Excellent
doDialog, fair, add verb to the name
digestString, fair, add verb to the name/contains unwanted word `String`
array, poor, Follow a naming style/correct the words as per wordnet dictionary/add verb to the name
run_textEditProc, poor, Follow a naming style/correct the words as per wordnet dictionary/add verb to the name
loadFileData, fair, add verb to the name
find, fair, Follow a naming style/correct the words as per wordnet dictionary
MainAnchor, fair, add verb to the name
FoldMSSQLDoc, fair, correct the words as per wordnet dictionary
run_dlgProc, poor, Follow a naming style/correct the words as per wordnet dictionary/add verb to the name
getCurrentStyler, fair, add verb to the name
IsAWordChar, fair, add verb to the name/name should not contain `A` as it is single letter
SetBidiR2L, good, name should not contain `R` as it is single letter
isFilterValid, fair, add verb to the name
convertInto, poor, correct the words as per wordnet dictionary/add verb to the name
isTALwordchar, poor, correct the words as per wordnet dictionary/add verb to the name
DeleteRange, fair, add verb to the name
setKeywords2List, good, name should not contain `2` as it is single letter
MoveTo, Excellent
wrap, poor, Follow a naming style/correct the words as per wordnet dictionary/add verb to the name
inputMethodEvent, fair, add verb to the name
writeToDebugConsole, Excellent
SetEmptySelection, Excellent
HasPrevLineContent, fair, add verb to the name
runProc, Excellent
Close, fair, add verb to the name
HandlePar, Excellent
reSizeTo, fair, add verb to the name
getKeyStrFromVal, poor, correct the words as per wordnet dictionary/add verb to the name/contains unwanted word `string`
ProcessNotification, fair, add verb to the name
ControlWndProc, fair, add verb to the name
skipWhiteSpaces, Excellent
DescribeProperty, Excellent
ReconfigureScrollBars, fair, add verb to the name
GetConfidence, fair, add verb to the name
PropertyNames, fair, add verb to the name
RightButtonDownWithModifiers, fair, add verb to the name
IsOneCharOperator, fair, add verb to the name
IsAWordStart, fair, add verb to the name/name should not contain `A` as it is single letter
removeAllItems, Excellent
FreeSubStyles, fair, add verb to the name
init, fair, Follow a naming style/correct the words as per wordnet dictionary
iterator_wrapper, fair, add verb to the name
enableCommand, Excellent
NotifyHotSpotReleaseClick, Excellent
classifyWordNsis, fair, correct the words as per wordnet dictionary
KeyCommand, fair, add verb to the name
StartIdleStyling, Excellent
SetList, fair, add verb to the name
SetSavePoint, fair, add verb to the name
testGroupStarting, Excellent
init, fair, Follow a naming style/correct the words as per wordnet dictionary
optional, poor, Follow a naming style/correct the words as per wordnet dictionary/add verb to the name
Allocate, Excellent
enableMarkFunc, Excellent
scintilla_object_accessible_widget_unset, poor, correct the words as per wordnet dictionary/add verb to the name
DistanceToSecondaryStyles, fair, add verb to the name
setTabSettings, Excellent
Copy, fair, add verb to the name
PenColour, fair, add verb to the name
GetRelativePositionUTF16, fair, add verb to the name
braceMatch, fair, add verb to the name
Release, fair, add verb to the name
Terminate, fair, add verb to the name
StoreOnClipboard, fair, add verb to the name
testRunStarting, Excellent
DescribeWordListSets, fair, add verb to the name
IsNextNonWhitespace, poor, correct the words as per wordnet dictionary/add verb to the name
IsFuncName, fair, add verb to the name
scintilla_object_accessible_finalize, fair, add verb to the name
init, fair, Follow a naming style/correct the words as per wordnet dictionary
getRoots, fair, add verb to the name
numstrcmp, poor, Follow a naming style/correct the words as per wordnet dictionary/add verb to the name
setTitle, fair, add verb to the name
activateNextDoc, Excellent
activateDoc, fair, add verb to the name
isFile, fair, add verb to the name
CalcRectToScreen, Excellent
compareEqual, Excellent
CReadChangesServer, good, name should not contain `C` as it is single letter
searchLeafRecusivelyAndBuildTree, fair, correct the words as per wordnet dictionary
Version, fair, add verb to the name
DoubleValue, fair, add verb to the name
SetSelection, fair, add verb to the name
which, poor, Follow a naming style/correct the words as per wordnet dictionary/add verb to the name
addPluginModifiedIndex, fair, correct the words as per wordnet dictionary
DeleteAll, Excellent
DeviceHeightFont, fair, add verb to the name
WordListSet, fair, add verb to the name
runProc, Excellent
WordPartRight, fair, add verb to the name
doSortToTabs, fair, add verb to the name
isLispwordstart, fair, add verb to the name
addFilter, Excellent
runProc, Excellent
MoveRect, Excellent
is_number_integer, fair, add verb to the name/contains unwanted word `integer`
collapseFoldIndentationBased, Excellent
SetAnnotationHeights, Excellent
LineWidth, fair, add verb to the name
initPopupMenu, Excellent
getBodyClosePos, fair, add verb to the name
addIndentAndSuffix, fair, correct the words as per wordnet dictionary
main, poor, Follow a naming style/correct the words as per wordnet dictionary/add verb to the name
u_iswalpha, poor, correct the words as per wordnet dictionary/add verb to the name/name should not contain `u` as it is single letter
IsInactive, fair, add verb to the name
FoldVHDLDoc, Excellent
ExposeCT, Excellent
ReleaseAllExtendedStyles, Excellent
GetCharSetName, Excellent
getBufferIndexByID, fair, add verb to the name
LoadFile, fair, add verb to the name
EnsureCaretVisible, Excellent
DeleteRange, fair, add verb to the name
stopMonitoring, Excellent
FoldAvsDoc, Excellent
Clone, fair, add verb to the name
SciMessageFromEM, poor, Follow a naming style/correct the words as per wordnet dictionary/add verb to the name
changeToolBarIcons, Excellent
MatchIgnoreCase2, fair, add verb to the name/name should not contain `2` as it is single letter
IsAlphabetic, fair, add verb to the name
Fold, Excellent
convert, poor, Follow a naming style/correct the words as per wordnet dictionary/add verb to the name
IntoCreateViewStatement, poor, correct the words as per wordnet dictionary/add verb to the name
postItToggle, Excellent
IsSpaceOrTab, fair, add verb to the name
getMenuHandler, fair, add verb to the name
DropGraphics, fair, add verb to the name
CompareDevCap, Excellent
latexFoldSaveToInt, fair, correct the words as per wordnet dictionary/contains unwanted word `Int`
Descent, fair, add verb to the name
SubstituteMarkerIfEmpty, fair, add verb to the name
Descent, fair, add verb to the name
scintilla_init, Excellent
LineCharacterIndex, fair, add verb to the name/contains unwanted word `Character`
IsAWordChar, fair, add verb to the name/name should not contain `A` as it is single letter
isInFontList, fair, add verb to the name
AddMark, Excellent
ColouriseComment, fair, add verb to the name
classifyAttribHTML, fair, correct the words as per wordnet dictionary
ColouriseAPDLDoc, poor, correct the words as per wordnet dictionary/add verb to the name
TrimOtherSelections, Excellent
isCOBOLwordchar, poor, Follow a naming style/correct the words as per wordnet dictionary/add verb to the name
FoldStataDoc, fair, correct the words as per wordnet dictionary
UpdateCursor, fair, add verb to the name
beginOrEndSelect, Excellent
FoldTALDoc, Excellent
NotifyParent, Excellent
showInvisibles, Excellent
redo_char, fair, add verb to the name
launchProjectPanel, fair, add verb to the name
Text, fair, add verb to the name
SetStyles, fair, add verb to the name
floatFromPangoUnits, fair, correct the words as per wordnet dictionary
isInList, fair, add verb to the name
Open, Excellent
GetCompositionString, fair, add verb to the name/contains unwanted word `String`
ColourTo, fair, add verb to the name
NotifyURIDropped, fair, correct the words as per wordnet dictionary
wordInArray, fair, add verb to the name
nbScintillas, fair, add verb to the name
InsertPaste, fair, add verb to the name
showQuoteFromIndex, Excellent
configData, fair, add verb to the name
failedString, good, contains unwanted word `String`
CurrentPosition, fair, add verb to the name
getLParamFromIndex, poor, Follow a naming style/correct the words as per wordnet dictionary/add verb to the name
Parse, fair, add verb to the name
DrawText, fair, add verb to the name
DrawTextTransparent, Excellent
from_json, fair, add verb to the name
currentView, fair, add verb to the name
PropertySet, fair, add verb to the name
NotifyDoubleClick, Excellent
IdleWork, fair, add verb to the name
RangeText, fair, add verb to the name
benchmarkStarting, Excellent
BidirectionalEnabled, fair, add verb to the name
GoToLine, Excellent
FoldOScriptDoc, poor, Follow a naming style/correct the words as per wordnet dictionary/add verb to the name
PropertyType, fair, add verb to the name
LineFromPosition, fair, add verb to the name
handleExceptionMatchExpr, Excellent
IsEntryStart, fair, add verb to the name
moveToThis, Excellent
WordListSet, fair, add verb to the name
set_end, fair, add verb to the name
Print, fair, add verb to the name
thread, poor, Follow a naming style/correct the words as per wordnet dictionary/add verb to the name
logicError, fair, add verb to the name
isMatch, fair, add verb to the name
FoldAsyDoc, Excellent
IsPyStringTypeChar, fair, add verb to the name/contains unwanted word `String`
CheckBlitzFoldPoint, Excellent
MarginStyledText, Excellent
setDefaultImageList, Excellent
is_read_only, Excellent
Count, fair, add verb to the name
IsAWordStart, fair, add verb to the name/name should not contain `A` as it is single letter
getRange, fair, add verb to the name
removeFromFolderName, Excellent
fileSaveAs, Excellent
StandardASCII, fair, add verb to the name
IsStreamCommentStyle, fair, add verb to the name
runProcTab, Excellent
setDocument, Excellent
haveTargetMatch, fair, add verb to the name
isFileSession, fair, add verb to the name
ContractionStateCreate, fair, add verb to the name
TagsOfStyle, fair, add verb to the name
InvalidateIcon, fair, add verb to the name
prepareStringForClipboard, good, contains unwanted word `String`
Parse, fair, add verb to the name
fileSaveSession, fair, add verb to the name
GetClientExtent, fair, add verb to the name
value, poor, Follow a naming style/correct the words as per wordnet dictionary/add verb to the name
SetMain, fair, add verb to the name
DeinitTheming, Excellent
checkUpdates, Excellent
Finalise, fair, add verb to the name
sectionEnded, Excellent
NotifyChar, Excellent
DrawTextCommon, Excellent
wndProc, fair, add verb to the name
Release, fair, add verb to the name
restorePosSize, Excellent
getMiscStylerArray, fair, add verb to the name
InputSymbolScan, fair, add verb to the name
strstart, poor, Follow a naming style/correct the words as per wordnet dictionary/add verb to the name
StreamOut, Excellent
match, poor, Follow a naming style/correct the words as per wordnet dictionary/add verb to the name
runtimeError, fair, add verb to the name
to_json, fair, add verb to the name
sectionEnded, Excellent
GetCharSetName, Excellent
set_current_indicator, Excellent
FoldDMAPDoc, good, name should not contain `D` as it is single letter
QueueIdleWork, fair, add verb to the name
IsAWordChar, fair, add verb to the name/name should not contain `A` as it is single letter
HandleData, fair, add verb to the name
Destroy, Excellent
IsADigit, fair, add verb to the name/name should not contain `A` as it is single letter
SetDBCSMode, fair, add verb to the name
setUnicodeMode, fair, add verb to the name
benchmarkStarting, Excellent
getChildElementByAttribut, poor, correct the words as per wordnet dictionary/add verb to the name