Phrase,Score,Comments
setImageList, 10 out of 10
IsAWordStart, 6 out of 10, add verb to the name/name should not contain `A` as it is single letter
Invalidate, 10 out of 10
isInListA, 6 out of 10, add verb to the name/name should not contain `A` as it is single letter
nextSectionIsSubSection, 7 out of 10, add verb to the name
syncFoldStateWith, 7 out of 10, add verb to the name
setItemIconStatus, 10 out of 10
getInstance, 7 out of 10, add verb to the name
ClearAllTabstops, 10 out of 10
AddTextColorAttribute, 7 out of 10, add verb to the name
IsStreamCommentStyle, 7 out of 10, add verb to the name
IsASpace, 4 out of 10, correct the words as per wordnet dictionary/add verb to the name
enableFontStyle, 10 out of 10
moveNext, 10 out of 10
IsHexDigit, 7 out of 10, add verb to the name
dragEnterEvent, 10 out of 10
FineTickerCancel, 7 out of 10, add verb to the name
RegisterGridClass, 10 out of 10
writeSourceInfo, 10 out of 10
IsSpace, 7 out of 10, add verb to the name
reload, 3 out of 10, Follow a naming style/correct the words as per wordnet dictionary/add verb to the name
SetVisibleRows, 10 out of 10
CountCharacterWidthsUTF8, 6 out of 10, add verb to the name/contains unwanted word `Character`
wndTabProc, 7 out of 10, add verb to the name
IsIdentifierChar, 7 out of 10, add verb to the name
getResult, 7 out of 10, add verb to the name
ReleaseLineCharacterIndex, 6 out of 10, add verb to the name/contains unwanted word `Character`
Create, 10 out of 10
FoldForthDoc, 10 out of 10
doDialog, 7 out of 10, add verb to the name
equalityComparisonImpl, 7 out of 10, add verb to the name
SelectionEnd, 7 out of 10, add verb to the name
bothOrAll, 7 out of 10, add verb to the name
WeakNotifyThis, 7 out of 10, add verb to the name
IsWhiteSpaceCondensed, 10 out of 10
main, 3 out of 10, Follow a naming style/correct the words as per wordnet dictionary/add verb to the name
GetRowOfMouse, 7 out of 10, add verb to the name
setActiveTab, 10 out of 10
ChangeLexerState, 7 out of 10, add verb to the name
run_dlgProc, 3 out of 10, Follow a naming style/correct the words as per wordnet dictionary/add verb to the name
IsMatlabCommentChar, 7 out of 10, add verb to the name
ColouriseErrorListDoc, 7 out of 10, add verb to the name
initPopupMenus, 10 out of 10
IsTypeCharacter, 6 out of 10, add verb to the name/contains unwanted word `Character`
sectionEnded, 10 out of 10
ChangeLexerState, 7 out of 10, add verb to the name
MeasureLength, 7 out of 10, add verb to the name
reconstructExpression, 7 out of 10, add verb to the name
lookingAtHereDocDelim, 10 out of 10
allOk, 7 out of 10, add verb to the name
RegisterImage, 10 out of 10
Ellipse, 10 out of 10
LineEndTypesSupported, 10 out of 10
getResultType, 7 out of 10, add verb to the name
ColouriseDelimiter, 7 out of 10, add verb to the name
RegisterServer, 10 out of 10
endsWith, 10 out of 10
scintilla_send_message, 10 out of 10
FindNextNonEmptyLineState, 10 out of 10
isHidden, 10 out of 10
use, 3 out of 10, Follow a naming style/correct the words as per wordnet dictionary/add verb to the name
sizeTo, 7 out of 10, add verb to the name
describe, 6 out of 10, Follow a naming style/correct the words as per wordnet dictionary
GetHighlightDelimiters, 7 out of 10, add verb to the name
FoldEclDoc, 10 out of 10
convert, 3 out of 10, Follow a naming style/correct the words as per wordnet dictionary/add verb to the name
Merge, 10 out of 10
IsTwoCharOperator, 7 out of 10, add verb to the name
shouldLaunchInAdmMode, 10 out of 10
PropertySet, 7 out of 10, add verb to the name
Retrieve, 10 out of 10
GetTextAtOffset, 7 out of 10, add verb to the name
IsEOLSkip, 7 out of 10, add verb to the name
peekAhead, 7 out of 10, add verb to the name
ChromeHighlight, 7 out of 10, add verb to the name
setTabInfo, 7 out of 10, add verb to the name
GetTypesep, 7 out of 10, add verb to the name
PrivateCall, 7 out of 10, add verb to the name
DebugPrintf, 7 out of 10, add verb to the name
getThemeSwitcher, 7 out of 10, add verb to the name
setCommentLineSymbol, 10 out of 10
moveToParent, 10 out of 10
runProc, 10 out of 10
is_object, 7 out of 10, add verb to the name
isMETAPOSTnumber, 3 out of 10, Follow a naming style/correct the words as per wordnet dictionary/add verb to the name
Representation, 7 out of 10, add verb to the name
PropertySet, 7 out of 10, add verb to the name
UTF16Length, 7 out of 10, add verb to the name
relayNppMessages, 7 out of 10, add verb to the name
PropertySet, 7 out of 10, add verb to the name
IsValid, 7 out of 10, add verb to the name
getMovingRect, 10 out of 10
FlipBitmap, 7 out of 10, add verb to the name
AtEOL, 7 out of 10, add verb to the name
MoveForInsertDelete, 10 out of 10
WideCharFromMultiByte, 7 out of 10, add verb to the name
FoldGui4Cli, 9 out of 10, name should not contain `4` as it is single letter
FoldLoutDoc, 10 out of 10
doDialog, 7 out of 10, add verb to the name
searchFromCurrentSel, 7 out of 10, correct the words as per wordnet dictionary
activateWindowAt, 10 out of 10
NotificationCompletion, 7 out of 10, add verb to the name
GetNthVisibleColumn, 7 out of 10, add verb to the name
LexerFactoryVerilog, 7 out of 10, add verb to the name
isFoldIndentationBased, 10 out of 10
BinarySearchListBox, 7 out of 10, add verb to the name
IsAWordChar, 6 out of 10, add verb to the name/name should not contain `A` as it is single letter
get_token, 7 out of 10, add verb to the name
from_json, 7 out of 10, add verb to the name
canFind, 10 out of 10
getName, 7 out of 10, add verb to the name
is_string, 9 out of 10, contains unwanted word `string`
SetIdentifiers, 7 out of 10, add verb to the name
DrawTextNoClip, 7 out of 10, add verb to the name
getApiFileName, 4 out of 10, correct the words as per wordnet dictionary/add verb to the name
Width, 7 out of 10, add verb to the name
SubLineFromPosition, 7 out of 10, add verb to the name
Compile, 7 out of 10, add verb to the name
showGlobalOverrideCtrls, 10 out of 10
doDialog, 7 out of 10, add verb to the name
digestString, 6 out of 10, add verb to the name/contains unwanted word `String`
array, 3 out of 10, Follow a naming style/correct the words as per wordnet dictionary/add verb to the name
run_textEditProc, 3 out of 10, Follow a naming style/correct the words as per wordnet dictionary/add verb to the name
loadFileData, 7 out of 10, add verb to the name
find, 6 out of 10, Follow a naming style/correct the words as per wordnet dictionary
MainAnchor, 7 out of 10, add verb to the name
FoldMSSQLDoc, 7 out of 10, correct the words as per wordnet dictionary
run_dlgProc, 3 out of 10, Follow a naming style/correct the words as per wordnet dictionary/add verb to the name
getCurrentStyler, 7 out of 10, add verb to the name
IsAWordChar, 6 out of 10, add verb to the name/name should not contain `A` as it is single letter
SetBidiR2L, 9 out of 10, name should not contain `R` as it is single letter
isFilterValid, 7 out of 10, add verb to the name
convertInto, 4 out of 10, correct the words as per wordnet dictionary/add verb to the name
isTALwordchar, 4 out of 10, correct the words as per wordnet dictionary/add verb to the name
DeleteRange, 7 out of 10, add verb to the name
setKeywords2List, 9 out of 10, name should not contain `2` as it is single letter
MoveTo, 10 out of 10
wrap, 3 out of 10, Follow a naming style/correct the words as per wordnet dictionary/add verb to the name
inputMethodEvent, 7 out of 10, add verb to the name
writeToDebugConsole, 10 out of 10
SetEmptySelection, 10 out of 10
HasPrevLineContent, 7 out of 10, add verb to the name
runProc, 10 out of 10
Close, 7 out of 10, add verb to the name
HandlePar, 10 out of 10
reSizeTo, 7 out of 10, add verb to the name
getKeyStrFromVal, 3 out of 10, correct the words as per wordnet dictionary/add verb to the name/contains unwanted word `string`
ProcessNotification, 7 out of 10, add verb to the name
ControlWndProc, 7 out of 10, add verb to the name
skipWhiteSpaces, 10 out of 10
DescribeProperty, 10 out of 10
ReconfigureScrollBars, 7 out of 10, add verb to the name
GetConfidence, 7 out of 10, add verb to the name
PropertyNames, 7 out of 10, add verb to the name
RightButtonDownWithModifiers, 7 out of 10, add verb to the name
IsOneCharOperator, 7 out of 10, add verb to the name
IsAWordStart, 6 out of 10, add verb to the name/name should not contain `A` as it is single letter
removeAllItems, 10 out of 10
FreeSubStyles, 7 out of 10, add verb to the name
init, 6 out of 10, Follow a naming style/correct the words as per wordnet dictionary
iterator_wrapper, 7 out of 10, add verb to the name
enableCommand, 10 out of 10
NotifyHotSpotReleaseClick, 10 out of 10
classifyWordNsis, 7 out of 10, correct the words as per wordnet dictionary
KeyCommand, 7 out of 10, add verb to the name
StartIdleStyling, 10 out of 10
SetList, 7 out of 10, add verb to the name
SetSavePoint, 7 out of 10, add verb to the name
testGroupStarting, 10 out of 10
init, 6 out of 10, Follow a naming style/correct the words as per wordnet dictionary
optional, 3 out of 10, Follow a naming style/correct the words as per wordnet dictionary/add verb to the name
Allocate, 10 out of 10
enableMarkFunc, 10 out of 10
scintilla_object_accessible_widget_unset, 4 out of 10, correct the words as per wordnet dictionary/add verb to the name
DistanceToSecondaryStyles, 7 out of 10, add verb to the name
setTabSettings, 10 out of 10
Copy, 7 out of 10, add verb to the name
PenColour, 7 out of 10, add verb to the name
GetRelativePositionUTF16, 7 out of 10, add verb to the name
braceMatch, 7 out of 10, add verb to the name
Release, 7 out of 10, add verb to the name
Terminate, 7 out of 10, add verb to the name
StoreOnClipboard, 7 out of 10, add verb to the name
testRunStarting, 10 out of 10
DescribeWordListSets, 7 out of 10, add verb to the name
IsNextNonWhitespace, 4 out of 10, correct the words as per wordnet dictionary/add verb to the name
IsFuncName, 7 out of 10, add verb to the name
scintilla_object_accessible_finalize, 7 out of 10, add verb to the name
init, 6 out of 10, Follow a naming style/correct the words as per wordnet dictionary
getRoots, 7 out of 10, add verb to the name
numstrcmp, 3 out of 10, Follow a naming style/correct the words as per wordnet dictionary/add verb to the name
setTitle, 7 out of 10, add verb to the name
activateNextDoc, 10 out of 10
activateDoc, 7 out of 10, add verb to the name
isFile, 7 out of 10, add verb to the name
CalcRectToScreen, 10 out of 10
compareEqual, 10 out of 10
CReadChangesServer, 9 out of 10, name should not contain `C` as it is single letter
searchLeafRecusivelyAndBuildTree, 7 out of 10, correct the words as per wordnet dictionary
Version, 7 out of 10, add verb to the name
DoubleValue, 7 out of 10, add verb to the name
SetSelection, 7 out of 10, add verb to the name
which, 3 out of 10, Follow a naming style/correct the words as per wordnet dictionary/add verb to the name
addPluginModifiedIndex, 7 out of 10, correct the words as per wordnet dictionary
DeleteAll, 10 out of 10
DeviceHeightFont, 7 out of 10, add verb to the name
WordListSet, 7 out of 10, add verb to the name
runProc, 10 out of 10
WordPartRight, 7 out of 10, add verb to the name
doSortToTabs, 7 out of 10, add verb to the name
isLispwordstart, 7 out of 10, add verb to the name
addFilter, 10 out of 10
runProc, 10 out of 10
MoveRect, 10 out of 10
is_number_integer, 6 out of 10, add verb to the name/contains unwanted word `integer`
collapseFoldIndentationBased, 10 out of 10
SetAnnotationHeights, 10 out of 10
LineWidth, 7 out of 10, add verb to the name
initPopupMenu, 10 out of 10
getBodyClosePos, 7 out of 10, add verb to the name
addIndentAndSuffix, 7 out of 10, correct the words as per wordnet dictionary
main, 3 out of 10, Follow a naming style/correct the words as per wordnet dictionary/add verb to the name
u_iswalpha, 3 out of 10, correct the words as per wordnet dictionary/add verb to the name/name should not contain `u` as it is single letter
IsInactive, 7 out of 10, add verb to the name
FoldVHDLDoc, 10 out of 10
ExposeCT, 10 out of 10
ReleaseAllExtendedStyles, 10 out of 10
GetCharSetName, 10 out of 10
getBufferIndexByID, 7 out of 10, add verb to the name
LoadFile, 7 out of 10, add verb to the name
EnsureCaretVisible, 10 out of 10
DeleteRange, 7 out of 10, add verb to the name
stopMonitoring, 10 out of 10
FoldAvsDoc, 10 out of 10
Clone, 7 out of 10, add verb to the name
SciMessageFromEM, 3 out of 10, Follow a naming style/correct the words as per wordnet dictionary/add verb to the name
changeToolBarIcons, 10 out of 10
MatchIgnoreCase2, 6 out of 10, add verb to the name/name should not contain `2` as it is single letter
IsAlphabetic, 7 out of 10, add verb to the name
Fold, 10 out of 10
convert, 3 out of 10, Follow a naming style/correct the words as per wordnet dictionary/add verb to the name
IntoCreateViewStatement, 4 out of 10, correct the words as per wordnet dictionary/add verb to the name
postItToggle, 10 out of 10
IsSpaceOrTab, 7 out of 10, add verb to the name
getMenuHandler, 7 out of 10, add verb to the name
DropGraphics, 7 out of 10, add verb to the name
CompareDevCap, 10 out of 10
latexFoldSaveToInt, 6 out of 10, correct the words as per wordnet dictionary/contains unwanted word `Int`
Descent, 7 out of 10, add verb to the name
SubstituteMarkerIfEmpty, 7 out of 10, add verb to the name
Descent, 7 out of 10, add verb to the name
scintilla_init, 10 out of 10
LineCharacterIndex, 6 out of 10, add verb to the name/contains unwanted word `Character`
IsAWordChar, 6 out of 10, add verb to the name/name should not contain `A` as it is single letter
isInFontList, 7 out of 10, add verb to the name
AddMark, 10 out of 10
ColouriseComment, 7 out of 10, add verb to the name
classifyAttribHTML, 7 out of 10, correct the words as per wordnet dictionary
ColouriseAPDLDoc, 4 out of 10, correct the words as per wordnet dictionary/add verb to the name
TrimOtherSelections, 10 out of 10
isCOBOLwordchar, 3 out of 10, Follow a naming style/correct the words as per wordnet dictionary/add verb to the name
FoldStataDoc, 7 out of 10, correct the words as per wordnet dictionary
UpdateCursor, 7 out of 10, add verb to the name
beginOrEndSelect, 10 out of 10
FoldTALDoc, 10 out of 10
NotifyParent, 10 out of 10
showInvisibles, 10 out of 10
redo_char, 7 out of 10, add verb to the name
launchProjectPanel, 7 out of 10, add verb to the name
Text, 7 out of 10, add verb to the name
SetStyles, 7 out of 10, add verb to the name
floatFromPangoUnits, 7 out of 10, correct the words as per wordnet dictionary
isInList, 7 out of 10, add verb to the name
Open, 10 out of 10
GetCompositionString, 6 out of 10, add verb to the name/contains unwanted word `String`
ColourTo, 7 out of 10, add verb to the name
NotifyURIDropped, 7 out of 10, correct the words as per wordnet dictionary
wordInArray, 7 out of 10, add verb to the name
nbScintillas, 7 out of 10, add verb to the name
InsertPaste, 7 out of 10, add verb to the name
showQuoteFromIndex, 10 out of 10
configData, 7 out of 10, add verb to the name
failedString, 9 out of 10, contains unwanted word `String`
CurrentPosition, 7 out of 10, add verb to the name
getLParamFromIndex, 3 out of 10, Follow a naming style/correct the words as per wordnet dictionary/add verb to the name
Parse, 7 out of 10, add verb to the name
DrawText, 7 out of 10, add verb to the name
DrawTextTransparent, 10 out of 10
from_json, 7 out of 10, add verb to the name
currentView, 7 out of 10, add verb to the name
PropertySet, 7 out of 10, add verb to the name
NotifyDoubleClick, 10 out of 10
IdleWork, 7 out of 10, add verb to the name
RangeText, 7 out of 10, add verb to the name
benchmarkStarting, 10 out of 10
BidirectionalEnabled, 7 out of 10, add verb to the name
GoToLine, 10 out of 10
FoldOScriptDoc, 3 out of 10, Follow a naming style/correct the words as per wordnet dictionary/add verb to the name
PropertyType, 7 out of 10, add verb to the name
LineFromPosition, 7 out of 10, add verb to the name
handleExceptionMatchExpr, 10 out of 10
IsEntryStart, 7 out of 10, add verb to the name
moveToThis, 10 out of 10
WordListSet, 7 out of 10, add verb to the name
set_end, 7 out of 10, add verb to the name
Print, 7 out of 10, add verb to the name
thread, 3 out of 10, Follow a naming style/correct the words as per wordnet dictionary/add verb to the name
logicError, 7 out of 10, add verb to the name
isMatch, 7 out of 10, add verb to the name
FoldAsyDoc, 10 out of 10
IsPyStringTypeChar, 6 out of 10, add verb to the name/contains unwanted word `String`
CheckBlitzFoldPoint, 10 out of 10
MarginStyledText, 10 out of 10
setDefaultImageList, 10 out of 10
is_read_only, 10 out of 10
Count, 7 out of 10, add verb to the name
IsAWordStart, 6 out of 10, add verb to the name/name should not contain `A` as it is single letter
getRange, 7 out of 10, add verb to the name
removeFromFolderName, 10 out of 10
fileSaveAs, 10 out of 10
StandardASCII, 7 out of 10, add verb to the name
IsStreamCommentStyle, 7 out of 10, add verb to the name
runProcTab, 10 out of 10
setDocument, 10 out of 10
haveTargetMatch, 7 out of 10, add verb to the name
isFileSession, 7 out of 10, add verb to the name
ContractionStateCreate, 7 out of 10, add verb to the name
TagsOfStyle, 7 out of 10, add verb to the name
InvalidateIcon, 7 out of 10, add verb to the name
prepareStringForClipboard, 9 out of 10, contains unwanted word `String`
Parse, 7 out of 10, add verb to the name
fileSaveSession, 7 out of 10, add verb to the name
GetClientExtent, 7 out of 10, add verb to the name
value, 3 out of 10, Follow a naming style/correct the words as per wordnet dictionary/add verb to the name
SetMain, 7 out of 10, add verb to the name
DeinitTheming, 10 out of 10
checkUpdates, 10 out of 10
Finalise, 7 out of 10, add verb to the name
sectionEnded, 10 out of 10
NotifyChar, 10 out of 10
DrawTextCommon, 10 out of 10
wndProc, 7 out of 10, add verb to the name
Release, 7 out of 10, add verb to the name
restorePosSize, 10 out of 10
getMiscStylerArray, 7 out of 10, add verb to the name
InputSymbolScan, 7 out of 10, add verb to the name
strstart, 3 out of 10, Follow a naming style/correct the words as per wordnet dictionary/add verb to the name
StreamOut, 10 out of 10
match, 3 out of 10, Follow a naming style/correct the words as per wordnet dictionary/add verb to the name
runtimeError, 7 out of 10, add verb to the name
to_json, 7 out of 10, add verb to the name
sectionEnded, 10 out of 10
GetCharSetName, 10 out of 10
set_current_indicator, 10 out of 10
FoldDMAPDoc, 9 out of 10, name should not contain `D` as it is single letter
QueueIdleWork, 7 out of 10, add verb to the name
IsAWordChar, 6 out of 10, add verb to the name/name should not contain `A` as it is single letter
HandleData, 7 out of 10, add verb to the name
Destroy, 10 out of 10
IsADigit, 6 out of 10, add verb to the name/name should not contain `A` as it is single letter
SetDBCSMode, 7 out of 10, add verb to the name
setUnicodeMode, 7 out of 10, add verb to the name
benchmarkStarting, 10 out of 10
getChildElementByAttribut, 4 out of 10, correct the words as per wordnet dictionary/add verb to the name