identifier_type,identifier_name,identifier_context
,CleanProject,FUNCTION
,ParentFormMdiChildActivate,FUNCTION
,collectSpriteActions,FUNCTION
,clearLastVariable,FUNCTION
,relationalExpressionNoIn,FUNCTION
,synpred73_AS3_ex,FUNCTION
,ScrollHereClick,FUNCTION
,OkButtonClick,FUNCTION
,SetMdiClientBounds,FUNCTION
,metadata,FUNCTION
,GetPageBounds,FUNCTION
,ContextualGenerator,FUNCTION
,DFA122_SpecialStateTransition,FUNCTION
,PositionIsInString,FUNCTION
,getOutputStatementStartPos,FUNCTION
,ascRunner_OutputError,FUNCTION
,flashInterface_TraceEvent,FUNCTION
,ContinueWith,FUNCTION
,getMetaTagsToKeepOnSameLineAsFunction,FUNCTION
,ProcessTopLevel,FUNCTION
,clearArray,FUNCTION
,SetBytesTested,FUNCTION
,flattenTree,FUNCTION
,ParseMethodParameters,FUNCTION
,SetPathDirty,FUNCTION
,GetPaneFromHandle,FUNCTION
,setAdvancedSpacesInsideParensInOtherPlaces,FUNCTION
,getIsDryRun,FUNCTION
,SetProject,FUNCTION
,NameNodeTextBox_EditorShowing,FUNCTION
,mCLASS,FUNCTION
,mREGULAR_EXPR_FLAG,FUNCTION
,LoadLanguage,FUNCTION
,setKeepingExcessDeclWhitespace,FUNCTION
,additiveExpression,FUNCTION
,GetSwfRect,FUNCTION
,OnMove,FUNCTION
,getIndentString,FUNCTION
,IsMyThread,FUNCTION
,IDField_Validating,FUNCTION
,formatPointerOrReference,FUNCTION
,OnActivated,FUNCTION
,HitTest,FUNCTION
,ClearAllItems,FUNCTION
,GetMenu,FUNCTION
,btnNo_Click,FUNCTION
,ChangeDecl,FUNCTION
,hasSideEffectsOtherThanGetters,FUNCTION
,GetInstalledSDKs,FUNCTION
,synpred255_AS3_ex_fragment,FUNCTION
,ShowEventList,FUNCTION
,SetInput,FUNCTION
,mDO,FUNCTION
,AddLastLineEnd,FUNCTION
,addLibraryButton_CheckedChanged,FUNCTION
,printShapeWithTabs,FUNCTION
,FileDeleted,FUNCTION
,SettingChanged,FUNCTION
,LimitTest,FUNCTION
,AddShortcut,FUNCTION
,CurrentDomainAssemblyResolve,FUNCTION
,synpred238_AS3_ex,FUNCTION
,FocusRow,FUNCTION
,ReplaceVars,FUNCTION
,GetNextDocumentMatch,FUNCTION
,okButton_Click,FUNCTION
,ShowGenerateMethod,FUNCTION
,mUNICODE_ESCAPE,FUNCTION
,UpdateMenuItemVisibility,FUNCTION
,getBraceStyleSetting,FUNCTION
,CursorInBlock,FUNCTION
,GetProcessedSize,FUNCTION
,ShouldPaneDiamondVisible,FUNCTION
,ListBox_SelectedValueChanged,FUNCTION
,mUSE,FUNCTION
,nbits,FUNCTION
,ResolveHGPath,FUNCTION
,endDrag,FUNCTION
,TreeAddAsset,FUNCTION
,AddSound,FUNCTION
,AddBaseOptions,FUNCTION
,HandleSaveProject,FUNCTION
,addChar,FUNCTION
,TreeIcons_Populate,FUNCTION
,isDoFormat,FUNCTION
,ReadDefineBitsTag,FUNCTION
,encodeGradRecord,FUNCTION
,GetWordRight,FUNCTION
,ReadProperty,FUNCTION
,setBlankLinesBeforeClass,FUNCTION
,GetHaxeComplete,FUNCTION
,setAdvancedWrappingEnforceMax,FUNCTION
,verify_existence,FUNCTION
,convertToURI,FUNCTION
,SetLabel,FUNCTION
,getFirstParmPos,FUNCTION
,OnScrollUpdate,FUNCTION
,synpred191_AS3_ex,FUNCTION
,MakeCustomObjectClass,FUNCTION
,InitializeSmartDialogs,FUNCTION
,locate,FUNCTION
,mXML_AT,FUNCTION
,mSL_COMMENT,FUNCTION
,BuildDistTree,FUNCTION
,WritePreBuildCommand,FUNCTION
,HandleImplementsCompletion,FUNCTION
,TCurrentLabel,FUNCTION
,synpred196_AS3_ex_fragment,FUNCTION
,CloseDocuments,FUNCTION
,setBreakOneLineBlocksMode,FUNCTION
,sortOnName,FUNCTION
,decodeClipActions,FUNCTION
,Cut,FUNCTION
,GetLineIndex,FUNCTION
,ExtractFilesFromArchive,FUNCTION
,DrawBackgroundVertical,FUNCTION
,CreateDynamicPersistDockablePanel,FUNCTION
,RegisterMenuItems,FUNCTION
,dumpTraceLine,FUNCTION
,OnIsVisibleValueNeeded,FUNCTION
,OpenCreator,FUNCTION
,SaveProperties,FUNCTION
,processFiles,FUNCTION
,getModifierIndent,FUNCTION
,isMLCommentCollapseLines,FUNCTION
,hasImage,FUNCTION
,SubMap,FUNCTION
,isRegexAttr,FUNCTION
,isHasComment,FUNCTION
,parseRGB,FUNCTION
,CloseStream,FUNCTION
,LayoutsListViewKeyDown,FUNCTION
,InstallFolderField_Validating,FUNCTION
,DecomposeTypes,FUNCTION
,isInSwitchStatement,FUNCTION
,GetEnumType,FUNCTION
,findNextNonWhitespaceToken,FUNCTION
,GetLanguages,FUNCTION
,IPhoneResolutionExcludeButton_Click,FUNCTION
,callFunction,FUNCTION
,synpred299_AS3_ex_fragment,FUNCTION
,GetBounds,FUNCTION
,peekNextLine,FUNCTION
,setTagsThatCannotBeFormatted,FUNCTION
,GetCurDir,FUNCTION
,FindAllItems,FUNCTION
,encodeStraightEdgeRecord,FUNCTION
,AddChanges,FUNCTION
,mk_tokenSet_1_,FUNCTION
,SetDefaultValue,FUNCTION
,TreeShowCommandPrompt,FUNCTION
,IsXml,FUNCTION
,standardQualifiedName,FUNCTION
,traverse,FUNCTION
,syncBits,FUNCTION
,findVirtualHiddenToken,FUNCTION
,ParseFile_PrivateClass,FUNCTION
,FindTextBoxEnter,FUNCTION
,generateIndent,FUNCTION
,GetAvailable,FUNCTION
,ExtensionIdField_Validating,FUNCTION
,isRemoveSwitchBraces,FUNCTION
,setElseIfState,FUNCTION
,DrawSortMark,FUNCTION
,DisabledLineButtonClick,FUNCTION
,DisplayList,FUNCTION
,copyToolStripMenuItem_Click,FUNCTION
,decodeButtonCondAction,FUNCTION
,ShowSetterList,FUNCTION
,synpred169_AS3_ex,FUNCTION
,ParametersString,FUNCTION
,Decompress,FUNCTION
,StartNewEntry,FUNCTION
,MakeAsShortRep,FUNCTION
,RefreshTip,FUNCTION
,getId,FUNCTION
,GetCurrentThemeIndex,FUNCTION
,LineIsInPreprocessor,FUNCTION
,get_Renamed,FUNCTION
,LoadSelectedExtension,FUNCTION
,supportsLaunch,FUNCTION
,TargetBuildSelector_KeyDown,FUNCTION
,FindExistingUpdate,FUNCTION
,IsBuildable,FUNCTION
,labelledStatement,FUNCTION
,determineMatchingGroupingCharType,FUNCTION
,createWatchHandler,FUNCTION
,mVALUE_int,FUNCTION
,mUNDERSCORE,FUNCTION
,OnExpanded,FUNCTION
,CustomFixes,FUNCTION
,RefreshMacroMenuItems,FUNCTION
,mATTRIBUTE,FUNCTION
,isWrapAllObjectItemsIfAny,FUNCTION
,ColorToHex,FUNCTION
,WatchFile,FUNCTION
,setBlankLinesToKeep,FUNCTION
,synpred167_AS3_ex,FUNCTION
,decodeFileAttributes,FUNCTION
,mCOMMENT,FUNCTION
,commentAndHeaderFollows,FUNCTION
,endOfSourceLine,FUNCTION
,formatClosingBracket,FUNCTION
,HandleVariableCompletion,FUNCTION
,MarginBackButtonClick,FUNCTION
,charToLong,FUNCTION
,ParseFile_StringWithEscapedChars,FUNCTION
,CreateLocalizedProperty,FUNCTION
,HandleNamespace,FUNCTION
,UpdatesLinkLabelLinkClicked,FUNCTION
,mEOL_HELPER,FUNCTION
,ExecutionImplementation,FUNCTION
,SetRegion,FUNCTION
,InstallButtonClick,FUNCTION
,DFA93_SpecialStateTransition,FUNCTION
,ReplaceOneMatch,FUNCTION
,Java_AStyleInterface_AStyleMain,FUNCTION
,QuickBuild,FUNCTION
,GetIconPath,FUNCTION
,UpdateEditorBounds,FUNCTION
,GetVars,FUNCTION
,ShowTab,FUNCTION
,tab_Select,FUNCTION
,ConfirmOverwrite,FUNCTION
,WholeWordCheckBoxCheckedChanged,FUNCTION
,printUintConstantPool,FUNCTION
,OnProjectOnClasspathChanged,FUNCTION
,FindPrevMatch,FUNCTION
,StartBackgroundThread,FUNCTION
,incrementPositions,FUNCTION
,setArrayInitWrapOptions,FUNCTION
,ReadPluginStorage,FUNCTION
,MBSafeCharPosition,FUNCTION
,getAdvancedSpacesAfterColonsInDeclarations,FUNCTION
,DrawArrowButton,FUNCTION
,GetResults,FUNCTION
,isKeepSpacesBeforeLineComments,FUNCTION
,GetColumnDividerAt,FUNCTION
,ProcessResponse,FUNCTION
,setIsFormattedOnly,FUNCTION
,sharepointTextBox_TextChanged,FUNCTION
,mIDENTIFIER,FUNCTION
,searchOpener,FUNCTION
,isNewlineBeforeBindableProperty,FUNCTION
,GetEntry,FUNCTION
,classBodyElement,FUNCTION
,MergeByLine,FUNCTION
,CloseButtonClick,FUNCTION
,decodeExportAssets,FUNCTION
,splitArgs,FUNCTION
,GetExpressionTypeSimpleTest,FUNCTION
,CloseTemporarilyOpenedDocuments,FUNCTION
,GetTabOutline,FUNCTION
,Common,FUNCTION
,synpred257_AS3_ex_fragment,FUNCTION
,UpdateDialogArguments,FUNCTION
,ReadDefineBitsJpeg2Tag,FUNCTION
,MenuOpening,FUNCTION
,setChangedText,FUNCTION
,MinSizeXField_Validating,FUNCTION
,GetSplitterOutlineBounds,FUNCTION
,collectClipActions,FUNCTION
,CompareSize,FUNCTION
,CopyExpbutton_Click,FUNCTION
,GetFormattedValue,FUNCTION
,openCDATA,FUNCTION
,mIMPLEMENTS,FUNCTION
,AddPageBorder,FUNCTION
,ifAction,FUNCTION
,RemoveItemsByPath,FUNCTION
,mapBackOnePreference,FUNCTION
,ClearItem,FUNCTION
,booleanLiteral,FUNCTION
,AutoSize,FUNCTION
,mNEQ,FUNCTION
,writeTo,FUNCTION
,Inflate,FUNCTION
,btnNewClasspath_Click,FUNCTION
,AddInterfaceDefJob,FUNCTION
,PeekEnd,FUNCTION
,OnFormLoad,FUNCTION
,_hadleTag_Size,FUNCTION
,getPlayerExe,FUNCTION
,ResolveTortoiseProcPath,FUNCTION
,ImageSetAdjust,FUNCTION
,print,FUNCTION
,messagesReceived,FUNCTION
,getMaxPosition,FUNCTION
,RemoveElement,FUNCTION
,BroadcastBuildFailed,FUNCTION
,setWrapType,FUNCTION
,ThemeControls,FUNCTION
,GetPathFromNode,FUNCTION
,DispatchEvent,FUNCTION
,ShouldBreak,FUNCTION
,CreateNodes,FUNCTION
,MultipleSearch,FUNCTION
,mSTART_TAG,FUNCTION
,CheckIsContainer,FUNCTION
,EntriesView_ColumnClick,FUNCTION
,CommonUpdateBreakpoints,FUNCTION
,SetShort,FUNCTION
,SmallUpClick,FUNCTION
,mDOT,FUNCTION
,HandleListInsert,FUNCTION
,AddImportsByName,FUNCTION
,GetProjectTemplate,FUNCTION
,LookupLixLibrary,FUNCTION
,ClassBrowser_Load,FUNCTION
,getChecksumOut,FUNCTION
,defineMorphShape2,FUNCTION
,explorer_OnExplorationDone,FUNCTION
,mSTRICT_EQUAL,FUNCTION
,getRangeInFormattedDoc,FUNCTION
,MoveSplitter,FUNCTION
,FindNodeByTag,FUNCTION
,RenameMember,FUNCTION
,ToDeclarationWithModifiersString,FUNCTION
,RunAutoRunMacros,FUNCTION
,WritePreloaders,FUNCTION
,ParseFile_FunctionTypesWithSubTypes,FUNCTION
,HandleDeclarationCompletion,FUNCTION
,CreateOutputTarArchive,FUNCTION
,BsW,FUNCTION
,getOrigSuffix,FUNCTION
,xmlPropertyIdentifier,FUNCTION
,OnMainFormClosed,FUNCTION
,BuildDocumentation,FUNCTION
,FdbRun,FUNCTION
,GetVersion,FUNCTION
,parExpression,FUNCTION
,isIndentToFirstParm,FUNCTION
,SetText,FUNCTION
,pushLazyFormat,FUNCTION
,UpperCaseFirst,FUNCTION
,OpenFile,FUNCTION
,GetAllProjectDirs,FUNCTION
,ToggleFullScreen,FUNCTION
,FadeIn,FUNCTION
,autoIDBox_CheckedChanged,FUNCTION
,isNeedConditionalBraces,FUNCTION
,_channelMixer_ADD,FUNCTION
,DefaultOutput,FUNCTION
,OnEnter,FUNCTION
,Sci_SelectionChanged,FUNCTION
,DecodeHuffman,FUNCTION
,SimpleSort,FUNCTION
,SwitchCallback,FUNCTION
,synpred188_AS3_ex_fragment,FUNCTION
,attach,FUNCTION
,isNextCharOpeningBracket,FUNCTION
,OverrideControl,FUNCTION
,ReadEntries,FUNCTION
,closeEvent,FUNCTION
,constantVarStatement,FUNCTION
,decodeStraightEdgeRecord,FUNCTION
,ReadActions,FUNCTION
,SetNoMatch,FUNCTION
,ExecuteScriptInternal,FUNCTION
,WriteLEUint,FUNCTION
,SetupLivePreview,FUNCTION
,Redraw,FUNCTION
,GG,FUNCTION
,ReadActionGetUrl,FUNCTION
,decodeCxform,FUNCTION
,FindItem,FUNCTION
,synpred315_AS3_ex_fragment,FUNCTION
,CopyItemTreeClick,FUNCTION
,peekNextChar,FUNCTION
,FlashVersion,FUNCTION
,unindentLine,FUNCTION
,OnShow,FUNCTION
,resolveToVariable,FUNCTION
,DisableVoidTypeDeclarationForFunctionsIssue2613,FUNCTION
,AddFolderItems,FUNCTION
,dgv_CellMouseUp,FUNCTION
,setPointerAlignment,FUNCTION