Phrase, Lable, Comments
CleanProject, Excellent method name
ParentFormMdiChildActivate, Excellent method name
collectSpriteActions, Excellent method name
clearLastVariable, Excellent method name
relationalExpressionNoIn, Fair method name, Check the grammatical structure of the method name; the name starts or ends with preposition/Add a verb to the method name
synpred73_AS3_ex, Fair method name, Follow a naming style/Use correct dictionary words
ScrollHereClick, Excellent method name
OkButtonClick, Good method name, Add a verb to the method name
SetMdiClientBounds, Excellent method name
metadata, Good method name, Add a verb to the method name
GetPageBounds, Excellent method name
ContextualGenerator, Good method name, Add a verb to the method name
DFA122_SpecialStateTransition, Fair method name, Follow a naming style/Use correct dictionary words
PositionIsInString, Excellent method name
getOutputStatementStartPos, Excellent method name
ascRunner_OutputError, Fair method name, Follow a naming style/Use correct dictionary words
flashInterface_TraceEvent, Fair method name, Follow a naming style/Use correct dictionary words
ContinueWith, Good method name, Check the grammatical structure of the method name; the name starts or ends with preposition
getMetaTagsToKeepOnSameLineAsFunction, Good method name, Number of words must be less than 7
ProcessTopLevel, Excellent method name
clearArray, Excellent method name
SetBytesTested, Excellent method name
flattenTree, Excellent method name
ParseMethodParameters, Excellent method name
SetPathDirty, Excellent method name
GetPaneFromHandle, Excellent method name
setAdvancedSpacesInsideParensInOtherPlaces, Fair method name, Use correct dictionary words/Number of words must be less than 7
getIsDryRun, Excellent method name
SetProject, Excellent method name
NameNodeTextBox_EditorShowing, Fair method name, Follow a naming style/Use correct dictionary words
mCLASS, Poor method name, Follow a naming style/Use correct dictionary words/Add a verb to the method name
mREGULAR_EXPR_FLAG, Poor method name, Follow a naming style/Use correct dictionary words/Add a verb to the method name
LoadLanguage, Excellent method name
setKeepingExcessDeclWhitespace, Fair method name, Use correct dictionary words
additiveExpression, Good method name, Add a verb to the method name
GetSwfRect, Fair method name, Use correct dictionary words
OnMove, Fair method name, Check the grammatical structure of the method name; the name starts or ends with preposition/Add a verb to the method name
getIndentString, Excellent method name
IsMyThread, Fair method name, Use correct dictionary words/Add a verb to the method name
IDField_Validating, Good method name, Add a verb to the method name
formatPointerOrReference, Excellent method name
OnActivated, Fair method name, Check the grammatical structure of the method name; the name starts or ends with preposition/Add a verb to the method name
HitTest, Excellent method name
ClearAllItems, Excellent method name
GetMenu, Excellent method name
btnNo_Click, Poor method name, Follow a naming style/Use correct dictionary words/Add a verb to the method name
ChangeDecl, Fair method name, Use correct dictionary words
hasSideEffectsOtherThanGetters, Fair method name, Use correct dictionary words
GetInstalledSDKs, Fair method name, Follow a naming style/Use correct dictionary words
synpred255_AS3_ex_fragment, Fair method name, Follow a naming style/Use correct dictionary words
ShowEventList, Excellent method name
SetInput, Excellent method name
mDO, Poor method name, Follow a naming style/Use correct dictionary words/Add a verb to the method name
AddLastLineEnd, Excellent method name
addLibraryButton_CheckedChanged, Fair method name, Follow a naming style/Use correct dictionary words
printShapeWithTabs, Excellent method name
FileDeleted, Good method name, Add a verb to the method name
SettingChanged, Good method name, Add a verb to the method name
LimitTest, Excellent method name
AddShortcut, Excellent method name
CurrentDomainAssemblyResolve, Good method name, Add a verb to the method name
synpred238_AS3_ex, Fair method name, Follow a naming style/Use correct dictionary words
FocusRow, Excellent method name
ReplaceVars, Excellent method name
GetNextDocumentMatch, Excellent method name
okButton_Click, Poor method name, Follow a naming style/Use correct dictionary words/Add a verb to the method name
ShowGenerateMethod, Excellent method name
mUNICODE_ESCAPE, Poor method name, Follow a naming style/Use correct dictionary words/Add a verb to the method name
UpdateMenuItemVisibility, Excellent method name
getBraceStyleSetting, Excellent method name
CursorInBlock, Good method name, Add a verb to the method name
GetProcessedSize, Excellent method name
ShouldPaneDiamondVisible, Good method name, Method name should not start with `Should`
ListBox_SelectedValueChanged, Poor method name, Follow a naming style/Use correct dictionary words/Add a verb to the method name
mUSE, Poor method name, Follow a naming style/Use correct dictionary words/Add a verb to the method name
nbits, Fair method name, Use correct dictionary words
ResolveHGPath, Fair method name, Follow a naming style/Use correct dictionary words
endDrag, Excellent method name
TreeAddAsset, Good method name, Add a verb to the method name
AddSound, Excellent method name
AddBaseOptions, Excellent method name
HandleSaveProject, Excellent method name
addChar, Excellent method name
TreeIcons_Populate, Poor method name, Follow a naming style/Use correct dictionary words/Add a verb to the method name
isDoFormat, Excellent method name
ReadDefineBitsTag, Excellent method name
encodeGradRecord, Excellent method name
GetWordRight, Excellent method name
ReadProperty, Excellent method name
setBlankLinesBeforeClass, Excellent method name
GetHaxeComplete, Fair method name, Use correct dictionary words
setAdvancedWrappingEnforceMax, Excellent method name
verify_existence, Excellent method name
convertToURI, Good method name, Add a verb to the method name
SetLabel, Excellent method name
getFirstParmPos, Fair method name, Add a verb to the method name/Name should not contain `P` as it is single letter
OnScrollUpdate, Fair method name, Check the grammatical structure of the method name; the name starts or ends with preposition/Add a verb to the method name
synpred191_AS3_ex, Fair method name, Follow a naming style/Use correct dictionary words
MakeCustomObjectClass, Excellent method name
InitializeSmartDialogs, Excellent method name
locate, Excellent method name
mXML_AT, Poor method name, Follow a naming style/Use correct dictionary words/Check the grammatical structure of the method name; the name starts or ends with preposition/Add a verb to the method name
mSL_COMMENT, Poor method name, Follow a naming style/Use correct dictionary words/Add a verb to the method name
BuildDistTree, Fair method name, Use correct dictionary words
WritePreBuildCommand, Fair method name, Use correct dictionary words
HandleImplementsCompletion, Excellent method name
TCurrentLabel, Fair method name, Add a verb to the method name/Name should not contain `T` as it is single letter
synpred196_AS3_ex_fragment, Fair method name, Follow a naming style/Use correct dictionary words
CloseDocuments, Excellent method name
setBreakOneLineBlocksMode, Excellent method name
sortOnName, Good method name, Add a verb to the method name
decodeClipActions, Excellent method name
Cut, Excellent method name
GetLineIndex, Excellent method name
ExtractFilesFromArchive, Excellent method name
DrawBackgroundVertical, Excellent method name
CreateDynamicPersistDockablePanel, Fair method name, Use correct dictionary words
RegisterMenuItems, Excellent method name
dumpTraceLine, Excellent method name
OnIsVisibleValueNeeded, Fair method name, Check the grammatical structure of the method name; the name starts or ends with preposition/Add a verb to the method name
OpenCreator, Excellent method name
SaveProperties, Excellent method name
processFiles, Excellent method name
getModifierIndent, Excellent method name
isMLCommentCollapseLines, Fair method name, Follow a naming style/Use correct dictionary words
hasImage, Excellent method name
SubMap, Excellent method name
isRegexAttr, Fair method name, Use correct dictionary words
isHasComment, Excellent method name
parseRGB, Fair method name, Follow a naming style/Use correct dictionary words
CloseStream, Excellent method name
LayoutsListViewKeyDown, Good method name, Check the grammatical structure of the method name; the name starts or ends with preposition
InstallFolderField_Validating, Poor method name, Follow a naming style/Use correct dictionary words/Add a verb to the method name
DecomposeTypes, Excellent method name
isInSwitchStatement, Good method name, Add a verb to the method name
GetEnumType, Fair method name, Use correct dictionary words
findNextNonWhitespaceToken, Excellent method name
GetLanguages, Excellent method name
IPhoneResolutionExcludeButton_Click, Poor method name, Follow a naming style/Use correct dictionary words/Add a verb to the method name
callFunction, Excellent method name
synpred299_AS3_ex_fragment, Fair method name, Follow a naming style/Use correct dictionary words
GetBounds, Excellent method name
peekNextLine, Excellent method name
setTagsThatCannotBeFormatted, Fair method name, Use correct dictionary words/Add a verb to the method name
GetCurDir, Fair method name, Use correct dictionary words
FindAllItems, Excellent method name
encodeStraightEdgeRecord, Excellent method name
AddChanges, Excellent method name
mk_tokenSet_1_, Poor method name, Follow a naming style/Use correct dictionary words/Add a verb to the method name
SetDefaultValue, Excellent method name
TreeShowCommandPrompt, Good method name, Add a verb to the method name
IsXml, Fair method name, Use correct dictionary words
standardQualifiedName, Good method name, Add a verb to the method name
traverse, Excellent method name
syncBits, Excellent method name
findVirtualHiddenToken, Excellent method name
ParseFile_PrivateClass, Fair method name, Follow a naming style/Use correct dictionary words
FindTextBoxEnter, Excellent method name
generateIndent, Excellent method name
GetAvailable, Excellent method name
ExtensionIdField_Validating, Poor method name, Follow a naming style/Use correct dictionary words/Add a verb to the method name
isRemoveSwitchBraces, Excellent method name
setElseIfState, Fair method name, Use correct dictionary words
DrawSortMark, Excellent method name
DisabledLineButtonClick, Excellent method name
DisplayList, Excellent method name
copyToolStripMenuItem_Click, Fair method name, Follow a naming style/Use correct dictionary words
decodeButtonCondAction, Fair method name, Use correct dictionary words
ShowSetterList, Excellent method name
synpred169_AS3_ex, Fair method name, Follow a naming style/Use correct dictionary words
ParametersString, Good method name, Add a verb to the method name
Decompress, Excellent method name
StartNewEntry, Excellent method name
MakeAsShortRep, Good method name, Add a verb to the method name
RefreshTip, Excellent method name
getId, Excellent method name
GetCurrentThemeIndex, Excellent method name
LineIsInPreprocessor, Fair method name, Use correct dictionary words
get_Renamed, Fair method name, Follow a naming style/Use correct dictionary words
LoadSelectedExtension, Excellent method name
supportsLaunch, Excellent method name
TargetBuildSelector_KeyDown, Poor method name, Follow a naming style/Use correct dictionary words/Check the grammatical structure of the method name; the name starts or ends with preposition
FindExistingUpdate, Excellent method name
IsBuildable, Fair method name, Use correct dictionary words
labelledStatement, Excellent method name
determineMatchingGroupingCharType, Excellent method name
createWatchHandler, Excellent method name
mVALUE_int, Poor method name, Follow a naming style/Use correct dictionary words/Add a verb to the method name
mUNDERSCORE, Poor method name, Follow a naming style/Use correct dictionary words/Add a verb to the method name
OnExpanded, Fair method name, Check the grammatical structure of the method name; the name starts or ends with preposition/Add a verb to the method name
CustomFixes, Good method name, Add a verb to the method name
RefreshMacroMenuItems, Excellent method name
mATTRIBUTE, Poor method name, Follow a naming style/Use correct dictionary words/Add a verb to the method name
isWrapAllObjectItemsIfAny, Good method name, Number of words must be less than 7
ColorToHex, Good method name, Add a verb to the method name
WatchFile, Excellent method name
setBlankLinesToKeep, Excellent method name
synpred167_AS3_ex, Fair method name, Follow a naming style/Use correct dictionary words
decodeFileAttributes, Excellent method name
mCOMMENT, Poor method name, Follow a naming style/Use correct dictionary words/Add a verb to the method name
commentAndHeaderFollows, Excellent method name
endOfSourceLine, Good method name, Add a verb to the method name
formatClosingBracket, Excellent method name
HandleVariableCompletion, Excellent method name
MarginBackButtonClick, Good method name, Add a verb to the method name
charToLong, Good method name, Add a verb to the method name
ParseFile_StringWithEscapedChars, Fair method name, Follow a naming style/Use correct dictionary words
CreateLocalizedProperty, Excellent method name
HandleNamespace, Fair method name, Use correct dictionary words
UpdatesLinkLabelLinkClicked, Excellent method name
mEOL_HELPER, Fair method name, Add a verb to the method name/Name should not contain `m` as it is single letter
ExecutionImplementation, Good method name, Add a verb to the method name
SetRegion, Excellent method name
InstallButtonClick, Excellent method name
DFA93_SpecialStateTransition, Fair method name, Follow a naming style/Use correct dictionary words
ReplaceOneMatch, Excellent method name
Java_AStyleInterface_AStyleMain, Fair method name, Follow a naming style/Use correct dictionary words
QuickBuild, Good method name, Add a verb to the method name
GetIconPath, Excellent method name
UpdateEditorBounds, Excellent method name
GetVars, Excellent method name
ShowTab, Excellent method name
tab_Select, Poor method name, Follow a naming style/Use correct dictionary words/Add a verb to the method name
ConfirmOverwrite, Excellent method name
WholeWordCheckBoxCheckedChanged, Good method name, Add a verb to the method name
printUintConstantPool, Good method name, Name should not contain `U` as it is single letter
OnProjectOnClasspathChanged, Poor method name, Use correct dictionary words/Check the grammatical structure of the method name; the name starts or ends with preposition/Add a verb to the method name
FindPrevMatch, Excellent method name
StartBackgroundThread, Excellent method name
incrementPositions, Excellent method name
setArrayInitWrapOptions, Excellent method name
ReadPluginStorage, Excellent method name
MBSafeCharPosition, Poor method name, Follow a naming style/Use correct dictionary words/Add a verb to the method name
getAdvancedSpacesAfterColonsInDeclarations, Good method name, Number of words must be less than 7
DrawArrowButton, Excellent method name
GetResults, Excellent method name
isKeepSpacesBeforeLineComments, Excellent method name
GetColumnDividerAt, Good method name, Check the grammatical structure of the method name; the name starts or ends with preposition
ProcessResponse, Excellent method name
setIsFormattedOnly, Excellent method name
sharepointTextBox_TextChanged, Poor method name, Follow a naming style/Use correct dictionary words/Add a verb to the method name
mIDENTIFIER, Fair method name, Add a verb to the method name/Name should not contain `m` as it is single letter
searchOpener, Excellent method name
isNewlineBeforeBindableProperty, Fair method name, Use correct dictionary words
GetEntry, Excellent method name
classBodyElement, Excellent method name
MergeByLine, Good method name, Add a verb to the method name
CloseButtonClick, Excellent method name
decodeExportAssets, Excellent method name
splitArgs, Fair method name, Use correct dictionary words
GetExpressionTypeSimpleTest, Excellent method name
CloseTemporarilyOpenedDocuments, Excellent method name
GetTabOutline, Excellent method name
Common, Good method name, Add a verb to the method name
synpred257_AS3_ex_fragment, Fair method name, Follow a naming style/Use correct dictionary words
UpdateDialogArguments, Excellent method name
ReadDefineBitsJpeg2Tag, Good method name, Name should not contain `2` as it is single letter
MenuOpening, Excellent method name
setChangedText, Excellent method name
MinSizeXField_Validating, Fair method name, Follow a naming style/Use correct dictionary words
GetSplitterOutlineBounds, Excellent method name
collectClipActions, Excellent method name
CompareSize, Excellent method name
CopyExpbutton_Click, Fair method name, Follow a naming style/Use correct dictionary words
GetFormattedValue, Excellent method name
openCDATA, Fair method name, Follow a naming style/Use correct dictionary words
mIMPLEMENTS, Poor method name, Follow a naming style/Use correct dictionary words/Add a verb to the method name
AddPageBorder, Excellent method name
ifAction, Excellent method name
RemoveItemsByPath, Excellent method name
mapBackOnePreference, Excellent method name
ClearItem, Excellent method name
booleanLiteral, Good method name, Add a verb to the method name
AutoSize, Good method name, Add a verb to the method name
mNEQ, Poor method name, Follow a naming style/Use correct dictionary words/Add a verb to the method name
writeTo, Good method name, Check the grammatical structure of the method name; the name starts or ends with preposition
Inflate, Excellent method name
btnNewClasspath_Click, Poor method name, Follow a naming style/Use correct dictionary words/Add a verb to the method name
AddInterfaceDefJob, Fair method name, Use correct dictionary words
PeekEnd, Excellent method name
OnFormLoad, Fair method name, Check the grammatical structure of the method name; the name starts or ends with preposition/Add a verb to the method name
_hadleTag_Size, Fair method name, Follow a naming style/Use correct dictionary words
getPlayerExe, Fair method name, Use correct dictionary words
ResolveTortoiseProcPath, Fair method name, Use correct dictionary words
ImageSetAdjust, Good method name, Add a verb to the method name
print, Excellent method name
messagesReceived, Good method name, Add a verb to the method name
getMaxPosition, Excellent method name
RemoveElement, Excellent method name
BroadcastBuildFailed, Good method name, Add a verb to the method name
setWrapType, Excellent method name
ThemeControls, Good method name, Add a verb to the method name
GetPathFromNode, Excellent method name
DispatchEvent, Excellent method name
ShouldBreak, Good method name, Method name should not start with `Should`
CreateNodes, Excellent method name
MultipleSearch, Good method name, Add a verb to the method name
mSTART_TAG, Poor method name, Follow a naming style/Use correct dictionary words/Add a verb to the method name
CheckIsContainer, Excellent method name
EntriesView_ColumnClick, Fair method name, Follow a naming style/Use correct dictionary words
CommonUpdateBreakpoints, Fair method name, Use correct dictionary words/Add a verb to the method name
SetShort, Excellent method name
SmallUpClick, Good method name, Add a verb to the method name
mDOT, Poor method name, Follow a naming style/Use correct dictionary words/Add a verb to the method name
HandleListInsert, Excellent method name
AddImportsByName, Excellent method name
GetProjectTemplate, Excellent method name
LookupLixLibrary, Fair method name, Use correct dictionary words
ClassBrowser_Load, Fair method name, Follow a naming style/Use correct dictionary words
getChecksumOut, Excellent method name
defineMorphShape2, Good method name, Name should not contain `2` as it is single letter
explorer_OnExplorationDone, Poor method name, Follow a naming style/Use correct dictionary words/Add a verb to the method name
mSTRICT_EQUAL, Poor method name, Follow a naming style/Use correct dictionary words/Add a verb to the method name
getRangeInFormattedDoc, Excellent method name
MoveSplitter, Excellent method name
FindNodeByTag, Excellent method name
RenameMember, Excellent method name
ToDeclarationWithModifiersString, Fair method name, Check the grammatical structure of the method name; the name starts or ends with preposition/Add a verb to the method name
RunAutoRunMacros, Excellent method name
WritePreloaders, Fair method name, Use correct dictionary words
ParseFile_FunctionTypesWithSubTypes, Fair method name, Follow a naming style/Use correct dictionary words
HandleDeclarationCompletion, Excellent method name
CreateOutputTarArchive, Excellent method name
BsW, Fair method name, Add a verb to the method name/Name should not contain `W` as it is single letter
getOrigSuffix, Fair method name, Use correct dictionary words
xmlPropertyIdentifier, Fair method name, Use correct dictionary words
OnMainFormClosed, Fair method name, Check the grammatical structure of the method name; the name starts or ends with preposition/Add a verb to the method name
BuildDocumentation, Excellent method name
FdbRun, Fair method name, Use correct dictionary words
GetVersion, Excellent method name
parExpression, Good method name, Add a verb to the method name
isIndentToFirstParm, Fair method name, Add a verb to the method name/Name should not contain `P` as it is single letter
SetText, Excellent method name
pushLazyFormat, Excellent method name
UpperCaseFirst, Good method name, Add a verb to the method name
OpenFile, Excellent method name
GetAllProjectDirs, Fair method name, Use correct dictionary words
ToggleFullScreen, Excellent method name
FadeIn, Good method name, Check the grammatical structure of the method name; the name starts or ends with preposition
autoIDBox_CheckedChanged, Good method name, Add a verb to the method name
isNeedConditionalBraces, Excellent method name
_channelMixer_ADD, Poor method name, Follow a naming style/Use correct dictionary words/Add a verb to the method name
DefaultOutput, Excellent method name
OnEnter, Fair method name, Check the grammatical structure of the method name; the name starts or ends with preposition/Add a verb to the method name
Sci_SelectionChanged, Poor method name, Follow a naming style/Use correct dictionary words/Add a verb to the method name
DecodeHuffman, Excellent method name
SimpleSort, Good method name, Add a verb to the method name
SwitchCallback, Excellent method name
synpred188_AS3_ex_fragment, Fair method name, Follow a naming style/Use correct dictionary words
attach, Excellent method name
isNextCharOpeningBracket, Excellent method name
OverrideControl, Excellent method name
ReadEntries, Excellent method name
closeEvent, Excellent method name
constantVarStatement, Good method name, Add a verb to the method name
decodeStraightEdgeRecord, Excellent method name
ReadActions, Excellent method name
SetNoMatch, Excellent method name
ExecuteScriptInternal, Excellent method name
WriteLEUint, Fair method name, Follow a naming style/Use correct dictionary words
SetupLivePreview, Excellent method name
Redraw, Fair method name, Use correct dictionary words
GG, Fair method name, Use correct dictionary words
ReadActionGetUrl, Excellent method name
decodeCxform, Excellent method name
FindItem, Excellent method name
synpred315_AS3_ex_fragment, Fair method name, Follow a naming style/Use correct dictionary words
CopyItemTreeClick, Excellent method name
peekNextChar, Excellent method name
FlashVersion, Excellent method name
unindentLine, Fair method name, Use correct dictionary words
OnShow, Fair method name, Check the grammatical structure of the method name; the name starts or ends with preposition/Add a verb to the method name
resolveToVariable, Good method name, Add a verb to the method name
DisableVoidTypeDeclarationForFunctionsIssue2613, Fair method name, Use correct dictionary words/Number of words must be less than 7
AddFolderItems, Excellent method name
dgv_CellMouseUp, Poor method name, Follow a naming style/Use correct dictionary words/Check the grammatical structure of the method name; the name starts or ends with preposition
setPointerAlignment, Excellent method name