Phrase,Score,Comments
CleanProject, 10 out of 10,
ParentFormMdiChildActivate, 10 out of 10,
collectSpriteActions, 10 out of 10,
clearLastVariable, 10 out of 10,
relationalExpressionNoIn, 8 out of 10, Check the grammatical structure of the method name; the name starts or ends with preposition/Add a verb to the method name
synpred73_AS3_ex, 6 out of 10, Follow a naming style/Use correct dictionary words
ScrollHereClick, 10 out of 10,
OkButtonClick, 9 out of 10, Add a verb to the method name
SetMdiClientBounds, 10 out of 10,
metadata, 9 out of 10, Add a verb to the method name
GetPageBounds, 10 out of 10,
ContextualGenerator, 9 out of 10, Add a verb to the method name
DFA122_SpecialStateTransition, 6 out of 10, Follow a naming style/Use correct dictionary words
PositionIsInString, 10 out of 10,
getOutputStatementStartPos, 10 out of 10,
ascRunner_OutputError, 6 out of 10, Follow a naming style/Use correct dictionary words
flashInterface_TraceEvent, 6 out of 10, Follow a naming style/Use correct dictionary words
ContinueWith, 9 out of 10, Check the grammatical structure of the method name; the name starts or ends with preposition
getMetaTagsToKeepOnSameLineAsFunction, 9 out of 10, Number of words must be less than 7
ProcessTopLevel, 10 out of 10,
clearArray, 10 out of 10,
SetBytesTested, 10 out of 10,
flattenTree, 10 out of 10,
ParseMethodParameters, 10 out of 10,
SetPathDirty, 10 out of 10,
GetPaneFromHandle, 10 out of 10,
setAdvancedSpacesInsideParensInOtherPlaces, 6 out of 10, Use correct dictionary words/Number of words must be less than 7
getIsDryRun, 10 out of 10,
SetProject, 10 out of 10,
NameNodeTextBox_EditorShowing, 6 out of 10, Follow a naming style/Use correct dictionary words
mCLASS, 5 out of 10, Follow a naming style/Use correct dictionary words/Add a verb to the method name
mREGULAR_EXPR_FLAG, 5 out of 10, Follow a naming style/Use correct dictionary words/Add a verb to the method name
LoadLanguage, 10 out of 10,
setKeepingExcessDeclWhitespace, 7 out of 10, Use correct dictionary words
additiveExpression, 9 out of 10, Add a verb to the method name
GetSwfRect, 7 out of 10, Use correct dictionary words
OnMove, 8 out of 10, Check the grammatical structure of the method name; the name starts or ends with preposition/Add a verb to the method name
getIndentString, 10 out of 10,
IsMyThread, 6 out of 10, Use correct dictionary words/Add a verb to the method name
IDField_Validating, 9 out of 10, Add a verb to the method name
formatPointerOrReference, 10 out of 10,
OnActivated, 8 out of 10, Check the grammatical structure of the method name; the name starts or ends with preposition/Add a verb to the method name
HitTest, 10 out of 10,
ClearAllItems, 10 out of 10,
GetMenu, 10 out of 10,
btnNo_Click, 5 out of 10, Follow a naming style/Use correct dictionary words/Add a verb to the method name
ChangeDecl, 7 out of 10, Use correct dictionary words
hasSideEffectsOtherThanGetters, 7 out of 10, Use correct dictionary words
GetInstalledSDKs, 6 out of 10, Follow a naming style/Use correct dictionary words
synpred255_AS3_ex_fragment, 6 out of 10, Follow a naming style/Use correct dictionary words
ShowEventList, 10 out of 10,
SetInput, 10 out of 10,
mDO, 4 out of 10, Follow a naming style/Use correct dictionary words/Check the grammatical structure of the method name; the name starts or ends with preposition/Add a verb to the method name
AddLastLineEnd, 10 out of 10,
addLibraryButton_CheckedChanged, 6 out of 10, Follow a naming style/Use correct dictionary words
printShapeWithTabs, 10 out of 10,
FileDeleted, 9 out of 10, Add a verb to the method name
SettingChanged, 9 out of 10, Add a verb to the method name
LimitTest, 10 out of 10,
AddShortcut, 10 out of 10,
CurrentDomainAssemblyResolve, 9 out of 10, Add a verb to the method name
synpred238_AS3_ex, 6 out of 10, Follow a naming style/Use correct dictionary words
FocusRow, 10 out of 10,
ReplaceVars, 10 out of 10,
GetNextDocumentMatch, 10 out of 10,
okButton_Click, 5 out of 10, Follow a naming style/Use correct dictionary words/Add a verb to the method name
ShowGenerateMethod, 10 out of 10,
mUNICODE_ESCAPE, 5 out of 10, Follow a naming style/Use correct dictionary words/Add a verb to the method name
UpdateMenuItemVisibility, 10 out of 10,
getBraceStyleSetting, 10 out of 10,
CursorInBlock, 9 out of 10, Add a verb to the method name
GetProcessedSize, 10 out of 10,
ShouldPaneDiamondVisible, 9 out of 10, Method name should not start with `Should`
ListBox_SelectedValueChanged, 5 out of 10, Follow a naming style/Use correct dictionary words/Add a verb to the method name
mUSE, 5 out of 10, Follow a naming style/Use correct dictionary words/Add a verb to the method name
nbits, 7 out of 10, Use correct dictionary words
ResolveHGPath, 6 out of 10, Follow a naming style/Use correct dictionary words
endDrag, 10 out of 10,
TreeAddAsset, 9 out of 10, Add a verb to the method name
AddSound, 10 out of 10,
AddBaseOptions, 10 out of 10,
HandleSaveProject, 10 out of 10,
addChar, 10 out of 10,
TreeIcons_Populate, 5 out of 10, Follow a naming style/Use correct dictionary words/Add a verb to the method name
isDoFormat, 10 out of 10,
ReadDefineBitsTag, 10 out of 10,
encodeGradRecord, 10 out of 10,
GetWordRight, 10 out of 10,
ReadProperty, 10 out of 10,
setBlankLinesBeforeClass, 10 out of 10,
GetHaxeComplete, 7 out of 10, Use correct dictionary words
setAdvancedWrappingEnforceMax, 10 out of 10,
verify_existence, 10 out of 10,
convertToURI, 9 out of 10, Add a verb to the method name
SetLabel, 10 out of 10,
getFirstParmPos, 8 out of 10, Add a verb to the method name/Name should not contain `P` as it is single letter
OnScrollUpdate, 8 out of 10, Check the grammatical structure of the method name; the name starts or ends with preposition/Add a verb to the method name
synpred191_AS3_ex, 6 out of 10, Follow a naming style/Use correct dictionary words
MakeCustomObjectClass, 10 out of 10,
InitializeSmartDialogs, 10 out of 10,
locate, 10 out of 10,
mXML_AT, 6 out of 10, Check the grammatical structure of the method name; the name starts or ends with preposition/Add a verb to the method name/Name should not contain `m` as it is single letter/Method name should not start with `m`
mSL_COMMENT, 5 out of 10, Follow a naming style/Use correct dictionary words/Add a verb to the method name
BuildDistTree, 7 out of 10, Use correct dictionary words
WritePreBuildCommand, 7 out of 10, Use correct dictionary words
HandleImplementsCompletion, 10 out of 10,
TCurrentLabel, 8 out of 10, Add a verb to the method name/Name should not contain `T` as it is single letter
synpred196_AS3_ex_fragment, 6 out of 10, Follow a naming style/Use correct dictionary words
CloseDocuments, 10 out of 10,
setBreakOneLineBlocksMode, 10 out of 10,
sortOnName, 9 out of 10, Add a verb to the method name
decodeClipActions, 10 out of 10,
Cut, 10 out of 10,
GetLineIndex, 10 out of 10,
ExtractFilesFromArchive, 10 out of 10,
DrawBackgroundVertical, 10 out of 10,
CreateDynamicPersistDockablePanel, 7 out of 10, Use correct dictionary words
RegisterMenuItems, 10 out of 10,
dumpTraceLine, 10 out of 10,
OnIsVisibleValueNeeded, 8 out of 10, Check the grammatical structure of the method name; the name starts or ends with preposition/Add a verb to the method name
OpenCreator, 10 out of 10,
SaveProperties, 10 out of 10,
processFiles, 10 out of 10,
getModifierIndent, 10 out of 10,
isMLCommentCollapseLines, 6 out of 10, Follow a naming style/Use correct dictionary words
hasImage, 10 out of 10,
SubMap, 10 out of 10,
isRegexAttr, 7 out of 10, Use correct dictionary words
isHasComment, 10 out of 10,
parseRGB, 6 out of 10, Follow a naming style/Use correct dictionary words
CloseStream, 10 out of 10,
LayoutsListViewKeyDown, 9 out of 10, Check the grammatical structure of the method name; the name starts or ends with preposition
InstallFolderField_Validating, 5 out of 10, Follow a naming style/Use correct dictionary words/Add a verb to the method name
DecomposeTypes, 10 out of 10,
isInSwitchStatement, 9 out of 10, Add a verb to the method name
GetEnumType, 7 out of 10, Use correct dictionary words
findNextNonWhitespaceToken, 10 out of 10,
GetLanguages, 10 out of 10,
IPhoneResolutionExcludeButton_Click, 8 out of 10, Add a verb to the method name/Name should not contain `I` as it is single letter
callFunction, 10 out of 10,
synpred299_AS3_ex_fragment, 6 out of 10, Follow a naming style/Use correct dictionary words
GetBounds, 10 out of 10,
peekNextLine, 10 out of 10,
setTagsThatCannotBeFormatted, 6 out of 10, Use correct dictionary words/Add a verb to the method name
GetCurDir, 7 out of 10, Use correct dictionary words
FindAllItems, 10 out of 10,
encodeStraightEdgeRecord, 10 out of 10,
AddChanges, 10 out of 10,
mk_tokenSet_1_, 5 out of 10, Follow a naming style/Use correct dictionary words/Add a verb to the method name
SetDefaultValue, 10 out of 10,
TreeShowCommandPrompt, 9 out of 10, Add a verb to the method name
IsXml, 10 out of 10,
standardQualifiedName, 9 out of 10, Add a verb to the method name
traverse, 10 out of 10,
syncBits, 10 out of 10,
findVirtualHiddenToken, 10 out of 10,
ParseFile_PrivateClass, 6 out of 10, Follow a naming style/Use correct dictionary words
FindTextBoxEnter, 10 out of 10,
generateIndent, 10 out of 10,
GetAvailable, 10 out of 10,
ExtensionIdField_Validating, 5 out of 10, Follow a naming style/Use correct dictionary words/Add a verb to the method name
isRemoveSwitchBraces, 10 out of 10,
setElseIfState, 10 out of 10,
DrawSortMark, 10 out of 10,
DisabledLineButtonClick, 10 out of 10,
DisplayList, 10 out of 10,
copyToolStripMenuItem_Click, 6 out of 10, Follow a naming style/Use correct dictionary words
decodeButtonCondAction, 7 out of 10, Use correct dictionary words
ShowSetterList, 10 out of 10,
synpred169_AS3_ex, 6 out of 10, Follow a naming style/Use correct dictionary words
ParametersString, 9 out of 10, Add a verb to the method name
Decompress, 10 out of 10,
StartNewEntry, 10 out of 10,
MakeAsShortRep, 9 out of 10, Add a verb to the method name
RefreshTip, 10 out of 10,
getId, 10 out of 10,
GetCurrentThemeIndex, 10 out of 10,
LineIsInPreprocessor, 10 out of 10,
get_Renamed, 6 out of 10, Follow a naming style/Use correct dictionary words
LoadSelectedExtension, 10 out of 10,
supportsLaunch, 10 out of 10,
TargetBuildSelector_KeyDown, 5 out of 10, Follow a naming style/Use correct dictionary words/Check the grammatical structure of the method name; the name starts or ends with preposition
FindExistingUpdate, 10 out of 10,
IsBuildable, 10 out of 10,
labelledStatement, 10 out of 10,
determineMatchingGroupingCharType, 10 out of 10,
createWatchHandler, 10 out of 10,
mVALUE_int, 5 out of 10, Follow a naming style/Use correct dictionary words/Add a verb to the method name
mUNDERSCORE, 5 out of 10, Follow a naming style/Use correct dictionary words/Add a verb to the method name
OnExpanded, 8 out of 10, Check the grammatical structure of the method name; the name starts or ends with preposition/Add a verb to the method name
CustomFixes, 9 out of 10, Add a verb to the method name
RefreshMacroMenuItems, 10 out of 10,
mATTRIBUTE, 5 out of 10, Follow a naming style/Use correct dictionary words/Add a verb to the method name
isWrapAllObjectItemsIfAny, 9 out of 10, Number of words must be less than 7
ColorToHex, 9 out of 10, Add a verb to the method name
WatchFile, 10 out of 10,
setBlankLinesToKeep, 10 out of 10,
synpred167_AS3_ex, 6 out of 10, Follow a naming style/Use correct dictionary words
decodeFileAttributes, 10 out of 10,
mCOMMENT, 5 out of 10, Follow a naming style/Use correct dictionary words/Add a verb to the method name
commentAndHeaderFollows, 10 out of 10,
endOfSourceLine, 9 out of 10, Add a verb to the method name
formatClosingBracket, 10 out of 10,
HandleVariableCompletion, 10 out of 10,
MarginBackButtonClick, 9 out of 10, Add a verb to the method name
charToLong, 9 out of 10, Add a verb to the method name
ParseFile_StringWithEscapedChars, 6 out of 10, Follow a naming style/Use correct dictionary words
CreateLocalizedProperty, 10 out of 10,
HandleNamespace, 10 out of 10,
UpdatesLinkLabelLinkClicked, 10 out of 10,
mEOL_HELPER, 7 out of 10, Add a verb to the method name/Name should not contain `m` as it is single letter/Method name should not start with `m`
ExecutionImplementation, 9 out of 10, Add a verb to the method name
SetRegion, 10 out of 10,
InstallButtonClick, 10 out of 10,
DFA93_SpecialStateTransition, 6 out of 10, Follow a naming style/Use correct dictionary words
ReplaceOneMatch, 10 out of 10,
Java_AStyleInterface_AStyleMain, 6 out of 10, Follow a naming style/Use correct dictionary words
QuickBuild, 9 out of 10, Add a verb to the method name
GetIconPath, 10 out of 10,
UpdateEditorBounds, 10 out of 10,
GetVars, 10 out of 10,
ShowTab, 10 out of 10,
tab_Select, 5 out of 10, Follow a naming style/Use correct dictionary words/Add a verb to the method name
ConfirmOverwrite, 10 out of 10,
WholeWordCheckBoxCheckedChanged, 9 out of 10, Add a verb to the method name
printUintConstantPool, 9 out of 10, Name should not contain `U` as it is single letter
OnProjectOnClasspathChanged, 5 out of 10, Use correct dictionary words/Check the grammatical structure of the method name; the name starts or ends with preposition/Add a verb to the method name
FindPrevMatch, 10 out of 10,
StartBackgroundThread, 10 out of 10,
incrementPositions, 10 out of 10,
setArrayInitWrapOptions, 10 out of 10,
ReadPluginStorage, 10 out of 10,
MBSafeCharPosition, 5 out of 10, Follow a naming style/Use correct dictionary words/Add a verb to the method name
getAdvancedSpacesAfterColonsInDeclarations, 9 out of 10, Number of words must be less than 7
DrawArrowButton, 10 out of 10,
GetResults, 10 out of 10,
isKeepSpacesBeforeLineComments, 10 out of 10,
GetColumnDividerAt, 9 out of 10, Check the grammatical structure of the method name; the name starts or ends with preposition
ProcessResponse, 10 out of 10,
setIsFormattedOnly, 10 out of 10,
sharepointTextBox_TextChanged, 5 out of 10, Follow a naming style/Use correct dictionary words/Add a verb to the method name
mIDENTIFIER, 7 out of 10, Add a verb to the method name/Name should not contain `m` as it is single letter/Method name should not start with `m`
searchOpener, 10 out of 10,
isNewlineBeforeBindableProperty, 10 out of 10,
GetEntry, 10 out of 10,
classBodyElement, 10 out of 10,
MergeByLine, 9 out of 10, Add a verb to the method name
CloseButtonClick, 10 out of 10,
decodeExportAssets, 10 out of 10,
splitArgs, 7 out of 10, Use correct dictionary words
GetExpressionTypeSimpleTest, 10 out of 10,
CloseTemporarilyOpenedDocuments, 10 out of 10,
GetTabOutline, 10 out of 10,
Common, 9 out of 10, Add a verb to the method name
synpred257_AS3_ex_fragment, 6 out of 10, Follow a naming style/Use correct dictionary words
UpdateDialogArguments, 10 out of 10,
ReadDefineBitsJpeg2Tag, 9 out of 10, Name should not contain `2` as it is single letter
MenuOpening, 10 out of 10,
setChangedText, 10 out of 10,
MinSizeXField_Validating, 6 out of 10, Follow a naming style/Use correct dictionary words
GetSplitterOutlineBounds, 10 out of 10,
collectClipActions, 10 out of 10,
CompareSize, 10 out of 10,
CopyExpbutton_Click, 6 out of 10, Follow a naming style/Use correct dictionary words
GetFormattedValue, 10 out of 10,
openCDATA, 6 out of 10, Follow a naming style/Use correct dictionary words
mIMPLEMENTS, 5 out of 10, Follow a naming style/Use correct dictionary words/Add a verb to the method name
AddPageBorder, 10 out of 10,
ifAction, 9 out of 10, Check the grammatical structure of the method name; the name starts or ends with preposition
RemoveItemsByPath, 10 out of 10,
mapBackOnePreference, 10 out of 10,
ClearItem, 10 out of 10,
booleanLiteral, 9 out of 10, Add a verb to the method name
AutoSize, 9 out of 10, Add a verb to the method name
mNEQ, 5 out of 10, Follow a naming style/Use correct dictionary words/Add a verb to the method name
writeTo, 9 out of 10, Check the grammatical structure of the method name; the name starts or ends with preposition
Inflate, 10 out of 10,
btnNewClasspath_Click, 5 out of 10, Follow a naming style/Use correct dictionary words/Add a verb to the method name
AddInterfaceDefJob, 7 out of 10, Use correct dictionary words
PeekEnd, 10 out of 10,
OnFormLoad, 8 out of 10, Check the grammatical structure of the method name; the name starts or ends with preposition/Add a verb to the method name
_hadleTag_Size, 6 out of 10, Follow a naming style/Use correct dictionary words
getPlayerExe, 7 out of 10, Use correct dictionary words
ResolveTortoiseProcPath, 7 out of 10, Use correct dictionary words
ImageSetAdjust, 9 out of 10, Add a verb to the method name
print, 10 out of 10,
messagesReceived, 9 out of 10, Add a verb to the method name
getMaxPosition, 10 out of 10,
RemoveElement, 10 out of 10,
BroadcastBuildFailed, 9 out of 10, Add a verb to the method name
setWrapType, 10 out of 10,
ThemeControls, 9 out of 10, Add a verb to the method name
GetPathFromNode, 10 out of 10,
DispatchEvent, 10 out of 10,
ShouldBreak, 9 out of 10, Method name should not start with `Should`
CreateNodes, 10 out of 10,
MultipleSearch, 9 out of 10, Add a verb to the method name
mSTART_TAG, 5 out of 10, Follow a naming style/Use correct dictionary words/Add a verb to the method name
CheckIsContainer, 10 out of 10,
EntriesView_ColumnClick, 6 out of 10, Follow a naming style/Use correct dictionary words
CommonUpdateBreakpoints, 6 out of 10, Use correct dictionary words/Add a verb to the method name
SetShort, 10 out of 10,
SmallUpClick, 9 out of 10, Add a verb to the method name
mDOT, 5 out of 10, Follow a naming style/Use correct dictionary words/Add a verb to the method name
HandleListInsert, 10 out of 10,
AddImportsByName, 10 out of 10,
GetProjectTemplate, 10 out of 10,
LookupLixLibrary, 7 out of 10, Use correct dictionary words
ClassBrowser_Load, 6 out of 10, Follow a naming style/Use correct dictionary words
getChecksumOut, 10 out of 10,
defineMorphShape2, 9 out of 10, Name should not contain `2` as it is single letter
explorer_OnExplorationDone, 5 out of 10, Follow a naming style/Use correct dictionary words/Add a verb to the method name
mSTRICT_EQUAL, 5 out of 10, Follow a naming style/Use correct dictionary words/Add a verb to the method name
getRangeInFormattedDoc, 10 out of 10,
MoveSplitter, 10 out of 10,
FindNodeByTag, 10 out of 10,
RenameMember, 10 out of 10,
ToDeclarationWithModifiersString, 8 out of 10, Check the grammatical structure of the method name; the name starts or ends with preposition/Add a verb to the method name
RunAutoRunMacros, 10 out of 10,
WritePreloaders, 7 out of 10, Use correct dictionary words
ParseFile_FunctionTypesWithSubTypes, 6 out of 10, Follow a naming style/Use correct dictionary words
HandleDeclarationCompletion, 10 out of 10,
CreateOutputTarArchive, 10 out of 10,
BsW, 8 out of 10, Add a verb to the method name/Name should not contain `W` as it is single letter
getOrigSuffix, 7 out of 10, Use correct dictionary words
xmlPropertyIdentifier, 10 out of 10,
OnMainFormClosed, 8 out of 10, Check the grammatical structure of the method name; the name starts or ends with preposition/Add a verb to the method name
BuildDocumentation, 10 out of 10,
FdbRun, 7 out of 10, Use correct dictionary words
GetVersion, 10 out of 10,
parExpression, 9 out of 10, Add a verb to the method name
isIndentToFirstParm, 8 out of 10, Add a verb to the method name/Name should not contain `P` as it is single letter
SetText, 10 out of 10,
pushLazyFormat, 10 out of 10,
UpperCaseFirst, 9 out of 10, Add a verb to the method name
OpenFile, 10 out of 10,
GetAllProjectDirs, 7 out of 10, Use correct dictionary words
ToggleFullScreen, 10 out of 10,
FadeIn, 9 out of 10, Check the grammatical structure of the method name; the name starts or ends with preposition
autoIDBox_CheckedChanged, 9 out of 10, Add a verb to the method name
isNeedConditionalBraces, 10 out of 10,
_channelMixer_ADD, 5 out of 10, Follow a naming style/Use correct dictionary words/Add a verb to the method name
DefaultOutput, 10 out of 10,
OnEnter, 8 out of 10, Check the grammatical structure of the method name; the name starts or ends with preposition/Add a verb to the method name
Sci_SelectionChanged, 5 out of 10, Follow a naming style/Use correct dictionary words/Add a verb to the method name
DecodeHuffman, 10 out of 10,
SimpleSort, 9 out of 10, Add a verb to the method name
SwitchCallback, 10 out of 10,
synpred188_AS3_ex_fragment, 6 out of 10, Follow a naming style/Use correct dictionary words
attach, 10 out of 10,
isNextCharOpeningBracket, 10 out of 10,
OverrideControl, 10 out of 10,
ReadEntries, 10 out of 10,
closeEvent, 10 out of 10,
constantVarStatement, 9 out of 10, Add a verb to the method name
decodeStraightEdgeRecord, 10 out of 10,
ReadActions, 10 out of 10,
SetNoMatch, 10 out of 10,
ExecuteScriptInternal, 10 out of 10,
WriteLEUint, 6 out of 10, Follow a naming style/Use correct dictionary words
SetupLivePreview, 10 out of 10,
Redraw, 7 out of 10, Use correct dictionary words
GG, 7 out of 10, Use correct dictionary words
ReadActionGetUrl, 10 out of 10,
decodeCxform, 10 out of 10,
FindItem, 10 out of 10,
synpred315_AS3_ex_fragment, 6 out of 10, Follow a naming style/Use correct dictionary words
CopyItemTreeClick, 10 out of 10,
peekNextChar, 10 out of 10,
FlashVersion, 10 out of 10,
unindentLine, 7 out of 10, Use correct dictionary words
OnShow, 8 out of 10, Check the grammatical structure of the method name; the name starts or ends with preposition/Add a verb to the method name
resolveToVariable, 9 out of 10, Add a verb to the method name
DisableVoidTypeDeclarationForFunctionsIssue2613, 6 out of 10, Use correct dictionary words/Number of words must be less than 7
AddFolderItems, 10 out of 10,
dgv_CellMouseUp, 5 out of 10, Follow a naming style/Use correct dictionary words/Check the grammatical structure of the method name; the name starts or ends with preposition
setPointerAlignment, 10 out of 10,